
   ERROR  Command "horizon" is not defined.  


   ERROR  Command "horizon" is not defined.  


   ERROR  Command "horizon" is not defined.  


   ERROR  Command "horizon" is not defined.  


   ERROR  Command "horizon" is not defined.  


   ERROR  Command "horizon" is not defined.  


   ERROR  Command "horizon" is not defined.  


   ERROR  Command "horizon" is not defined.  


   ERROR  Command "horizon" is not defined.  


   ERROR  Command "horizon" is not defined.  


   ERROR  Command "horizon" is not defined.  


   ERROR  Command "horizon" is not defined.  


   ERROR  Command "horizon" is not defined.  


   ERROR  Command "horizon" is not defined.  


   ERROR  Command "horizon" is not defined.  


   ERROR  Command "horizon" is not defined.  


   ERROR  Command "horizon" is not defined.  


   ERROR  Command "horizon" is not defined.  


   ERROR  Command "horizon" is not defined.  


   ERROR  Command "horizon" is not defined.  


   ERROR  Command "horizon" is not defined.  


   ERROR  Command "horizon" is not defined.  


   ERROR  Command "horizon" is not defined.  


   ERROR  Command "horizon" is not defined.  


   ERROR  Command "horizon" is not defined.  


   ERROR  Command "horizon" is not defined.  


   ERROR  Command "horizon" is not defined.  


   ERROR  Command "horizon" is not defined.  


   ERROR  Command "horizon" is not defined.  


   ERROR  Command "horizon" is not defined.  


   ERROR  Command "horizon" is not defined.  


   ERROR  Command "horizon" is not defined.  


   ERROR  Command "horizon" is not defined.  


   ERROR  Command "horizon" is not defined.  


   ERROR  Command "horizon" is not defined.  


   ERROR  Command "horizon" is not defined.  


   ERROR  Command "horizon" is not defined.  


   ERROR  Command "horizon" is not defined.  


   ERROR  Command "horizon" is not defined.  


   ERROR  Command "horizon" is not defined.  


   ERROR  Command "horizon" is not defined.  


   ERROR  Command "horizon" is not defined.  


   ERROR  Command "horizon" is not defined.  


   ERROR  Command "horizon" is not defined.  


   ERROR  Command "horizon" is not defined.  


   ERROR  Command "horizon" is not defined.  


   ERROR  Command "horizon" is not defined.  


   ERROR  Command "horizon" is not defined.  


   ERROR  Command "horizon" is not defined.  


   ERROR  Command "horizon" is not defined.  


   ERROR  Command "horizon" is not defined.  


   ERROR  Command "horizon" is not defined.  


   ERROR  Command "horizon" is not defined.  


   ERROR  Command "horizon" is not defined.  


   ERROR  Command "horizon" is not defined.  


   ERROR  Command "horizon" is not defined.  


   ERROR  Command "horizon" is not defined.  


   ERROR  Command "horizon" is not defined.  


   ERROR  Command "horizon" is not defined.  


   ERROR  Command "horizon" is not defined.  


   ERROR  Command "horizon" is not defined.  


   ERROR  Command "horizon" is not defined.  


   ERROR  Command "horizon" is not defined.  


   ERROR  Command "horizon" is not defined.  


   ERROR  Command "horizon" is not defined.  


   ERROR  Command "horizon" is not defined.  


   ERROR  Command "horizon" is not defined.  


   ERROR  Command "horizon" is not defined.  


   ERROR  Command "horizon" is not defined.  


   ERROR  Command "horizon" is not defined.  


   ERROR  Command "horizon" is not defined.  


   ERROR  Command "horizon" is not defined.  


   ERROR  Command "horizon" is not defined.  


   ERROR  Command "horizon" is not defined.  


   ERROR  Command "horizon" is not defined.  


   ERROR  Command "horizon" is not defined.  


   ERROR  Command "horizon" is not defined.  


   ERROR  Command "horizon" is not defined.  


   ERROR  Command "horizon" is not defined.  


   ERROR  Command "horizon" is not defined.  


   ERROR  Command "horizon" is not defined.  


   ERROR  Command "horizon" is not defined.  


   ERROR  Command "horizon" is not defined.  


   ERROR  Command "horizon" is not defined.  


   INFO  Horizon started successfully.  

  2025-07-03 15:57:35 App\Mail\DocumentLateNotification .............. RUNNING
  2025-07-03 15:57:35 App\Mail\DocumentLateNotification ........ 402.61ms DONE
  2025-07-03 15:59:56 App\Mail\DocumentLateNotification .............. RUNNING
  2025-07-03 15:59:57 App\Mail\DocumentLateNotification ........ 311.76ms DONE
  2025-07-03 15:59:57 App\Mail\DocumentLateNotification .............. RUNNING
  2025-07-03 15:59:57 App\Mail\DocumentLateNotification ........ 202.16ms DONE
  2025-07-03 15:59:57 App\Mail\DocumentLateNotification .............. RUNNING
  2025-07-03 15:59:57 App\Mail\DocumentLateNotification ........ 206.13ms DONE
  2025-07-03 15:59:57 App\Mail\DocumentLateNotification .............. RUNNING
  2025-07-03 15:59:57 App\Mail\DocumentLateNotification ........ 203.32ms DONE
  2025-07-03 16:01:22 App\Mail\DocumentLateNotification .............. RUNNING
  2025-07-03 16:01:23 App\Mail\DocumentLateNotification .............. RUNNING
  2025-07-03 16:01:36 App\Mail\DocumentLateNotification ............. 14s DONE
  2025-07-03 16:02:45 App\Mail\DocumentLateNotification .............. RUNNING
  2025-07-03 16:02:46 App\Mail\DocumentLateNotification ........ 513.81ms DONE
  2025-07-03 16:02:46 App\Mail\DocumentLateNotification .............. RUNNING
  2025-07-03 16:02:46 App\Mail\DocumentLateNotification ........ 182.44ms DONE
  2025-07-03 16:02:46 App\Mail\DocumentLateNotification .............. RUNNING
  2025-07-03 16:02:46 App\Mail\DocumentLateNotification ........ 200.77ms DONE
  2025-07-03 16:02:46 App\Mail\DocumentLateNotification .............. RUNNING
  2025-07-03 16:02:46 App\Mail\DocumentLateNotification ........ 182.21ms DONE
  2025-07-03 16:02:52 App\Mail\DocumentLateNotification .............. RUNNING
  2025-07-03 16:02:52 App\Mail\DocumentLateNotification ......... 96.92ms DONE
  2025-07-03 16:02:53 App\Mail\DocumentLateNotification .............. RUNNING
  2025-07-03 16:02:54 App\Mail\DocumentLateNotification ........ 345.01ms DONE

   INFO  Horizon started successfully.  

  2025-07-03 16:22:11 App\Mail\DocumentLateNotification .............. RUNNING
  2025-07-03 16:22:11 App\Mail\DocumentLateNotification .............. RUNNING
  2025-07-03 16:22:12 App\Mail\DocumentLateNotification ........ 927.86ms DONE
  2025-07-03 16:22:12 App\Mail\DocumentLateNotification ........ 887.96ms DONE
  2025-07-03 16:28:45 App\Mail\DocumentLateNotification .............. RUNNING
  2025-07-03 16:28:46 App\Mail\DocumentLateNotification .............. RUNNING
  2025-07-03 16:28:49 App\Mail\DocumentLateNotification .............. 2s DONE
  2025-07-03 16:28:58 App\Mail\DocumentLateNotification ............. 13s FAIL
  2025-07-03 16:28:59 App\Mail\DocumentLateNotification .............. RUNNING
  2025-07-03 16:28:59 App\Mail\DocumentLateNotification ........ 612.33ms FAIL

   INFO  Horizon started successfully.  

  2025-07-03 20:50:44 App\Jobs\ImportCompaniesJob .................... RUNNING
  2025-07-03 20:51:06 App\Jobs\ImportCompaniesJob ................... 21s DONE
  2025-07-03 20:51:36 App\Jobs\ImportCompaniesJob .................... RUNNING
  2025-07-03 20:52:01 App\Jobs\ImportCompaniesJob ................... 24s DONE
  2025-07-03 20:52:19 App\Jobs\ImportEmployeesJob .................... RUNNING
⚠️ Linha 11 tem 13 colunas (esperado: 70)
⚠️ Linha 13 tem 1 colunas (esperado: 70)
⚠️ Linha 14 tem 58 colunas (esperado: 70)
⚠️ Linha 62 tem 46 colunas (esperado: 70)
⚠️ Linha 63 tem 25 colunas (esperado: 70)
⚠️ Linha 64 tem 46 colunas (esperado: 70)
⚠️ Linha 65 tem 2 colunas (esperado: 70)
⚠️ Linha 66 tem 24 colunas (esperado: 70)
⚠️ Linha 67 tem 46 colunas (esperado: 70)
⚠️ Linha 68 tem 1 colunas (esperado: 70)
⚠️ Linha 69 tem 46 colunas (esperado: 70)
⚠️ Linha 70 tem 2 colunas (esperado: 70)
⚠️ Linha 71 tem 24 colunas (esperado: 70)
⚠️ Linha 72 tem 46 colunas (esperado: 70)
⚠️ Linha 73 tem 2 colunas (esperado: 70)
⚠️ Linha 74 tem 24 colunas (esperado: 70)
⚠️ Linha 76 tem 46 colunas (esperado: 70)
⚠️ Linha 77 tem 2 colunas (esperado: 70)
⚠️ Linha 78 tem 24 colunas (esperado: 70)
⚠️ Linha 98 tem 46 colunas (esperado: 70)
⚠️ Linha 99 tem 2 colunas (esperado: 70)
⚠️ Linha 100 tem 24 colunas (esperado: 70)
⚠️ Linha 105 tem 46 colunas (esperado: 70)
⚠️ Linha 106 tem 4 colunas (esperado: 70)
⚠️ Linha 107 tem 1 colunas (esperado: 70)
⚠️ Linha 108 tem 24 colunas (esperado: 70)
⚠️ Linha 141 tem 46 colunas (esperado: 70)
⚠️ Linha 142 tem 2 colunas (esperado: 70)
⚠️ Linha 143 tem 24 colunas (esperado: 70)
⚠️ Linha 188 tem 46 colunas (esperado: 70)
⚠️ Linha 189 tem 2 colunas (esperado: 70)
⚠️ Linha 190 tem 24 colunas (esperado: 70)
⚠️ Linha 194 tem 46 colunas (esperado: 70)
⚠️ Linha 196 tem 1 colunas (esperado: 70)
⚠️ Linha 223 tem 46 colunas (esperado: 70)
⚠️ Linha 224 tem 2 colunas (esperado: 70)
⚠️ Linha 225 tem 24 colunas (esperado: 70)
⚠️ Linha 243 tem 46 colunas (esperado: 70)
⚠️ Linha 244 tem 2 colunas (esperado: 70)
⚠️ Linha 245 tem 1 colunas (esperado: 70)
⚠️ Linha 246 tem 1 colunas (esperado: 70)
⚠️ Linha 418 tem 47 colunas (esperado: 70)
⚠️ Linha 419 tem 26 colunas (esperado: 70)
⚠️ Linha 541 tem 46 colunas (esperado: 70)
⚠️ Linha 542 tem 2 colunas (esperado: 70)
⚠️ Linha 543 tem 24 colunas (esperado: 70)
⚠️ Linha 553 tem 47 colunas (esperado: 70)
⚠️ Linha 554 tem 25 colunas (esperado: 70)
⚠️ Linha 576 tem 46 colunas (esperado: 70)
⚠️ Linha 577 tem 1 colunas (esperado: 70)
⚠️ Linha 578 tem 2 colunas (esperado: 70)
⚠️ Linha 579 tem 24 colunas (esperado: 70)
⚠️ Linha 590 tem 46 colunas (esperado: 70)
⚠️ Linha 591 tem 2 colunas (esperado: 70)
⚠️ Linha 592 tem 1 colunas (esperado: 70)
⚠️ Linha 593 tem 24 colunas (esperado: 70)
⚠️ Linha 619 tem 47 colunas (esperado: 70)
⚠️ Linha 620 tem 24 colunas (esperado: 70)
⚠️ Linha 629 tem 46 colunas (esperado: 70)
⚠️ Linha 630 tem 25 colunas (esperado: 70)
⚠️ Linha 666 tem 46 colunas (esperado: 70)
⚠️ Linha 667 tem 2 colunas (esperado: 70)
⚠️ Linha 668 tem 24 colunas (esperado: 70)
⚠️ Linha 670 tem 46 colunas (esperado: 70)
⚠️ Linha 671 tem 2 colunas (esperado: 70)
⚠️ Linha 672 tem 24 colunas (esperado: 70)
⚠️ Linha 677 tem 46 colunas (esperado: 70)
⚠️ Linha 678 tem 1 colunas (esperado: 70)
⚠️ Linha 679 tem 2 colunas (esperado: 70)
⚠️ Linha 680 tem 1 colunas (esperado: 70)
⚠️ Linha 681 tem 24 colunas (esperado: 70)
⚠️ Linha 762 tem 46 colunas (esperado: 70)
⚠️ Linha 763 tem 25 colunas (esperado: 70)
⚠️ Linha 787 tem 46 colunas (esperado: 70)
⚠️ Linha 788 tem 1 colunas (esperado: 70)
⚠️ Linha 789 tem 2 colunas (esperado: 70)
⚠️ Linha 790 tem 1 colunas (esperado: 70)
⚠️ Linha 791 tem 24 colunas (esperado: 70)
⚠️ Linha 887 tem 13 colunas (esperado: 70)
⚠️ Linha 889 tem 1 colunas (esperado: 70)
⚠️ Linha 890 tem 58 colunas (esperado: 70)
⚠️ Linha 900 tem 46 colunas (esperado: 70)
⚠️ Linha 901 tem 2 colunas (esperado: 70)
⚠️ Linha 902 tem 24 colunas (esperado: 70)
⚠️ Linha 907 tem 46 colunas (esperado: 70)
⚠️ Linha 908 tem 2 colunas (esperado: 70)
⚠️ Linha 909 tem 24 colunas (esperado: 70)
⚠️ Linha 956 tem 46 colunas (esperado: 70)
⚠️ Linha 957 tem 2 colunas (esperado: 70)
⚠️ Linha 958 tem 24 colunas (esperado: 70)
⚠️ Linha 977 tem 46 colunas (esperado: 70)
⚠️ Linha 978 tem 2 colunas (esperado: 70)
⚠️ Linha 979 tem 24 colunas (esperado: 70)
⚠️ Linha 1002 tem 46 colunas (esperado: 70)
⚠️ Linha 1003 tem 2 colunas (esperado: 70)
⚠️ Linha 1004 tem 24 colunas (esperado: 70)
⚠️ Linha 1035 tem 46 colunas (esperado: 70)
⚠️ Linha 1036 tem 2 colunas (esperado: 70)
⚠️ Linha 1037 tem 24 colunas (esperado: 70)
⚠️ Linha 1117 tem 46 colunas (esperado: 70)
⚠️ Linha 1118 tem 2 colunas (esperado: 70)
⚠️ Linha 1119 tem 24 colunas (esperado: 70)
⚠️ Linha 1120 tem 47 colunas (esperado: 70)
⚠️ Linha 1121 tem 24 colunas (esperado: 70)
⚠️ Linha 1125 tem 46 colunas (esperado: 70)
⚠️ Linha 1126 tem 2 colunas (esperado: 70)
⚠️ Linha 1127 tem 24 colunas (esperado: 70)
⚠️ Linha 1220 tem 46 colunas (esperado: 70)
⚠️ Linha 1221 tem 2 colunas (esperado: 70)
⚠️ Linha 1222 tem 24 colunas (esperado: 70)
⚠️ Linha 1266 tem 46 colunas (esperado: 70)
⚠️ Linha 1267 tem 2 colunas (esperado: 70)
⚠️ Linha 1268 tem 24 colunas (esperado: 70)
⚠️ Linha 1282 tem 46 colunas (esperado: 70)
⚠️ Linha 1283 tem 2 colunas (esperado: 70)
⚠️ Linha 1284 tem 24 colunas (esperado: 70)
⚠️ Linha 1309 tem 46 colunas (esperado: 70)
⚠️ Linha 1310 tem 2 colunas (esperado: 70)
⚠️ Linha 1311 tem 24 colunas (esperado: 70)
⚠️ Linha 1318 tem 46 colunas (esperado: 70)
⚠️ Linha 1319 tem 25 colunas (esperado: 70)
⚠️ Linha 1377 tem 46 colunas (esperado: 70)
⚠️ Linha 1378 tem 2 colunas (esperado: 70)
⚠️ Linha 1379 tem 24 colunas (esperado: 70)
⚠️ Linha 1396 tem 47 colunas (esperado: 70)
⚠️ Linha 1397 tem 24 colunas (esperado: 70)
⚠️ Linha 1401 tem 46 colunas (esperado: 70)
⚠️ Linha 1402 tem 2 colunas (esperado: 70)
⚠️ Linha 1403 tem 24 colunas (esperado: 70)
⚠️ Linha 1494 tem 46 colunas (esperado: 70)
⚠️ Linha 1495 tem 2 colunas (esperado: 70)
⚠️ Linha 1496 tem 24 colunas (esperado: 70)
⚠️ Linha 1524 tem 46 colunas (esperado: 70)
⚠️ Linha 1525 tem 2 colunas (esperado: 70)
⚠️ Linha 1526 tem 24 colunas (esperado: 70)
⚠️ Linha 1538 tem 46 colunas (esperado: 70)
⚠️ Linha 1539 tem 1 colunas (esperado: 70)
⚠️ Linha 1540 tem 2 colunas (esperado: 70)
⚠️ Linha 1541 tem 1 colunas (esperado: 70)
⚠️ Linha 1542 tem 24 colunas (esperado: 70)
⚠️ Linha 1549 tem 46 colunas (esperado: 70)
⚠️ Linha 1550 tem 2 colunas (esperado: 70)
⚠️ Linha 1551 tem 24 colunas (esperado: 70)
⚠️ Linha 1605 tem 46 colunas (esperado: 70)
⚠️ Linha 1606 tem 2 colunas (esperado: 70)
⚠️ Linha 1607 tem 24 colunas (esperado: 70)
⚠️ Linha 1615 tem 46 colunas (esperado: 70)
⚠️ Linha 1616 tem 2 colunas (esperado: 70)
⚠️ Linha 1617 tem 24 colunas (esperado: 70)
⚠️ Linha 1694 tem 46 colunas (esperado: 70)
⚠️ Linha 1695 tem 2 colunas (esperado: 70)
⚠️ Linha 1696 tem 24 colunas (esperado: 70)
⚠️ Linha 1699 tem 46 colunas (esperado: 70)
⚠️ Linha 1700 tem 25 colunas (esperado: 70)
⚠️ Linha 1702 tem 47 colunas (esperado: 70)
⚠️ Linha 1703 tem 1 colunas (esperado: 70)
⚠️ Linha 1704 tem 46 colunas (esperado: 70)
⚠️ Linha 1705 tem 2 colunas (esperado: 70)
⚠️ Linha 1706 tem 24 colunas (esperado: 70)
⚠️ Linha 1713 tem 46 colunas (esperado: 70)
⚠️ Linha 1714 tem 1 colunas (esperado: 70)
⚠️ Linha 1722 tem 46 colunas (esperado: 70)
⚠️ Linha 1723 tem 2 colunas (esperado: 70)
⚠️ Linha 1724 tem 1 colunas (esperado: 70)
⚠️ Linha 1725 tem 1 colunas (esperado: 70)
⚠️ Linha 1762 tem 47 colunas (esperado: 70)
⚠️ Linha 1763 tem 24 colunas (esperado: 70)
⚠️ Linha 1814 tem 46 colunas (esperado: 70)
⚠️ Linha 1815 tem 2 colunas (esperado: 70)
⚠️ Linha 1816 tem 24 colunas (esperado: 70)
⚠️ Linha 1819 tem 46 colunas (esperado: 70)
⚠️ Linha 1820 tem 2 colunas (esperado: 70)
⚠️ Linha 1821 tem 24 colunas (esperado: 70)
⚠️ Linha 1890 tem 47 colunas (esperado: 70)
⚠️ Linha 1891 tem 24 colunas (esperado: 70)
⚠️ Linha 1900 tem 46 colunas (esperado: 70)
⚠️ Linha 1901 tem 2 colunas (esperado: 70)
⚠️ Linha 1902 tem 24 colunas (esperado: 70)
⚠️ Linha 1915 tem 47 colunas (esperado: 70)
⚠️ Linha 1916 tem 24 colunas (esperado: 70)
⚠️ Linha 1944 tem 46 colunas (esperado: 70)
⚠️ Linha 1945 tem 1 colunas (esperado: 70)
⚠️ Linha 1946 tem 2 colunas (esperado: 70)
⚠️ Linha 1947 tem 1 colunas (esperado: 70)
⚠️ Linha 1948 tem 24 colunas (esperado: 70)
⚠️ Linha 1951 tem 46 colunas (esperado: 70)
⚠️ Linha 1952 tem 1 colunas (esperado: 70)
⚠️ Linha 1953 tem 2 colunas (esperado: 70)
⚠️ Linha 1954 tem 1 colunas (esperado: 70)
⚠️ Linha 2032 tem 47 colunas (esperado: 70)
⚠️ Linha 2033 tem 24 colunas (esperado: 70)
⚠️ Linha 2051 tem 13 colunas (esperado: 70)
⚠️ Linha 2052 tem 56 colunas (esperado: 70)
⚠️ Linha 2055 tem 46 colunas (esperado: 70)
⚠️ Linha 2056 tem 1 colunas (esperado: 70)
⚠️ Linha 2057 tem 1 colunas (esperado: 70)
⚠️ Linha 2144 tem 46 colunas (esperado: 70)
⚠️ Linha 2145 tem 2 colunas (esperado: 70)
⚠️ Linha 2146 tem 24 colunas (esperado: 70)
⚠️ Linha 2211 tem 46 colunas (esperado: 70)
⚠️ Linha 2212 tem 1 colunas (esperado: 70)
⚠️ Linha 2213 tem 2 colunas (esperado: 70)
⚠️ Linha 2214 tem 1 colunas (esperado: 70)
⚠️ Linha 2215 tem 24 colunas (esperado: 70)
⚠️ Linha 2224 tem 46 colunas (esperado: 70)
⚠️ Linha 2225 tem 2 colunas (esperado: 70)
⚠️ Linha 2226 tem 1 colunas (esperado: 70)
⚠️ Linha 2227 tem 24 colunas (esperado: 70)
⚠️ Linha 2264 tem 46 colunas (esperado: 70)
⚠️ Linha 2265 tem 2 colunas (esperado: 70)
⚠️ Linha 2266 tem 24 colunas (esperado: 70)
⚠️ Linha 2292 tem 47 colunas (esperado: 70)
⚠️ Linha 2293 tem 24 colunas (esperado: 70)
⚠️ Linha 2315 tem 13 colunas (esperado: 70)
⚠️ Linha 2317 tem 1 colunas (esperado: 70)
⚠️ Linha 2318 tem 58 colunas (esperado: 70)
⚠️ Linha 2357 tem 46 colunas (esperado: 70)
⚠️ Linha 2358 tem 1 colunas (esperado: 70)
⚠️ Linha 2359 tem 2 colunas (esperado: 70)
⚠️ Linha 2360 tem 1 colunas (esperado: 70)
⚠️ Linha 2361 tem 24 colunas (esperado: 70)
⚠️ Linha 2431 tem 47 colunas (esperado: 70)
⚠️ Linha 2432 tem 25 colunas (esperado: 70)
⚠️ Linha 2511 tem 46 colunas (esperado: 70)
⚠️ Linha 2512 tem 1 colunas (esperado: 70)
⚠️ Linha 2550 tem 47 colunas (esperado: 70)
⚠️ Linha 2551 tem 1 colunas (esperado: 70)
⚠️ Linha 2635 tem 46 colunas (esperado: 70)
⚠️ Linha 2636 tem 2 colunas (esperado: 70)
⚠️ Linha 2637 tem 24 colunas (esperado: 70)
⚠️ Linha 2659 tem 46 colunas (esperado: 70)
⚠️ Linha 2660 tem 2 colunas (esperado: 70)
⚠️ Linha 2661 tem 24 colunas (esperado: 70)
⚠️ Linha 2677 tem 46 colunas (esperado: 70)
⚠️ Linha 2678 tem 2 colunas (esperado: 70)
⚠️ Linha 2679 tem 24 colunas (esperado: 70)
⚠️ Linha 2683 tem 46 colunas (esperado: 70)
⚠️ Linha 2684 tem 2 colunas (esperado: 70)
⚠️ Linha 2685 tem 24 colunas (esperado: 70)
⚠️ Linha 2738 tem 46 colunas (esperado: 70)
⚠️ Linha 2739 tem 25 colunas (esperado: 70)
⚠️ Linha 2743 tem 46 colunas (esperado: 70)
⚠️ Linha 2744 tem 25 colunas (esperado: 70)
⚠️ Linha 2773 tem 46 colunas (esperado: 70)
⚠️ Linha 2774 tem 2 colunas (esperado: 70)
⚠️ Linha 2775 tem 24 colunas (esperado: 70)
⚠️ Linha 2796 tem 46 colunas (esperado: 70)
⚠️ Linha 2797 tem 2 colunas (esperado: 70)
⚠️ Linha 2798 tem 24 colunas (esperado: 70)
⚠️ Linha 2799 tem 46 colunas (esperado: 70)
⚠️ Linha 2801 tem 1 colunas (esperado: 70)
⚠️ Linha 2802 tem 25 colunas (esperado: 70)
⚠️ Linha 2804 tem 46 colunas (esperado: 70)
⚠️ Linha 2805 tem 2 colunas (esperado: 70)
⚠️ Linha 2806 tem 24 colunas (esperado: 70)
⚠️ Linha 2808 tem 46 colunas (esperado: 70)
⚠️ Linha 2809 tem 25 colunas (esperado: 70)
⚠️ Linha 2810 tem 46 colunas (esperado: 70)
⚠️ Linha 2811 tem 2 colunas (esperado: 70)
⚠️ Linha 2812 tem 24 colunas (esperado: 70)
⚠️ Linha 2813 tem 46 colunas (esperado: 70)
⚠️ Linha 2814 tem 25 colunas (esperado: 70)
⚠️ Linha 2816 tem 46 colunas (esperado: 70)
⚠️ Linha 2817 tem 2 colunas (esperado: 70)
⚠️ Linha 2818 tem 24 colunas (esperado: 70)
⚠️ Linha 2819 tem 46 colunas (esperado: 70)
⚠️ Linha 2820 tem 25 colunas (esperado: 70)
⚠️ Linha 2824 tem 46 colunas (esperado: 70)
⚠️ Linha 2825 tem 1 colunas (esperado: 70)
⚠️ Linha 2826 tem 25 colunas (esperado: 70)
⚠️ Linha 2827 tem 46 colunas (esperado: 70)
⚠️ Linha 2828 tem 2 colunas (esperado: 70)
⚠️ Linha 2829 tem 1 colunas (esperado: 70)
⚠️ Linha 2832 tem 46 colunas (esperado: 70)
⚠️ Linha 2833 tem 1 colunas (esperado: 70)
⚠️ Linha 2835 tem 46 colunas (esperado: 70)
⚠️ Linha 2836 tem 25 colunas (esperado: 70)
⚠️ Linha 2846 tem 46 colunas (esperado: 70)
⚠️ Linha 2847 tem 1 colunas (esperado: 70)
⚠️ Linha 2865 tem 46 colunas (esperado: 70)
⚠️ Linha 2866 tem 1 colunas (esperado: 70)
⚠️ Linha 2867 tem 1 colunas (esperado: 70)
⚠️ Linha 2868 tem 24 colunas (esperado: 70)
⚠️ Linha 2870 tem 46 colunas (esperado: 70)
⚠️ Linha 2871 tem 1 colunas (esperado: 70)
⚠️ Linha 2872 tem 2 colunas (esperado: 70)
⚠️ Linha 2873 tem 24 colunas (esperado: 70)
⚠️ Linha 2887 tem 46 colunas (esperado: 70)
⚠️ Linha 2888 tem 2 colunas (esperado: 70)
⚠️ Linha 2889 tem 24 colunas (esperado: 70)
⚠️ Linha 2954 tem 47 colunas (esperado: 70)
⚠️ Linha 2955 tem 24 colunas (esperado: 70)
⚠️ Linha 2965 tem 47 colunas (esperado: 70)
⚠️ Linha 2966 tem 1 colunas (esperado: 70)
⚠️ Linha 2974 tem 46 colunas (esperado: 70)
⚠️ Linha 2975 tem 1 colunas (esperado: 70)
⚠️ Linha 2976 tem 1 colunas (esperado: 70)
⚠️ Linha 2977 tem 24 colunas (esperado: 70)
⚠️ Linha 2999 tem 46 colunas (esperado: 70)
⚠️ Linha 3000 tem 2 colunas (esperado: 70)
⚠️ Linha 3001 tem 24 colunas (esperado: 70)
⚠️ Linha 3009 tem 46 colunas (esperado: 70)
⚠️ Linha 3010 tem 2 colunas (esperado: 70)
⚠️ Linha 3011 tem 24 colunas (esperado: 70)
⚠️ Linha 3015 tem 46 colunas (esperado: 70)
⚠️ Linha 3016 tem 2 colunas (esperado: 70)
⚠️ Linha 3017 tem 24 colunas (esperado: 70)
⚠️ Linha 3034 tem 46 colunas (esperado: 70)
⚠️ Linha 3035 tem 2 colunas (esperado: 70)
⚠️ Linha 3036 tem 24 colunas (esperado: 70)
⚠️ Linha 3038 tem 46 colunas (esperado: 70)
⚠️ Linha 3039 tem 1 colunas (esperado: 70)
⚠️ Linha 3040 tem 2 colunas (esperado: 70)
⚠️ Linha 3041 tem 1 colunas (esperado: 70)
⚠️ Linha 3042 tem 24 colunas (esperado: 70)
⚠️ Linha 3056 tem 46 colunas (esperado: 70)
⚠️ Linha 3057 tem 2 colunas (esperado: 70)
⚠️ Linha 3058 tem 24 colunas (esperado: 70)
⚠️ Linha 3060 tem 46 colunas (esperado: 70)
⚠️ Linha 3061 tem 1 colunas (esperado: 70)
⚠️ Linha 3062 tem 2 colunas (esperado: 70)
⚠️ Linha 3063 tem 24 colunas (esperado: 70)
⚠️ Linha 3079 tem 46 colunas (esperado: 70)
⚠️ Linha 3080 tem 2 colunas (esperado: 70)
⚠️ Linha 3081 tem 24 colunas (esperado: 70)
⚠️ Linha 3087 tem 46 colunas (esperado: 70)
⚠️ Linha 3088 tem 2 colunas (esperado: 70)
⚠️ Linha 3089 tem 24 colunas (esperado: 70)
⚠️ Linha 3114 tem 47 colunas (esperado: 70)
⚠️ Linha 3115 tem 1 colunas (esperado: 70)
⚠️ Linha 3116 tem 24 colunas (esperado: 70)
⚠️ Linha 3158 tem 46 colunas (esperado: 70)
⚠️ Linha 3159 tem 2 colunas (esperado: 70)
⚠️ Linha 3160 tem 24 colunas (esperado: 70)
⚠️ Linha 3181 tem 46 colunas (esperado: 70)
⚠️ Linha 3182 tem 1 colunas (esperado: 70)
⚠️ Linha 3183 tem 2 colunas (esperado: 70)
⚠️ Linha 3184 tem 1 colunas (esperado: 70)
⚠️ Linha 3185 tem 24 colunas (esperado: 70)
⚠️ Linha 3186 tem 47 colunas (esperado: 70)
⚠️ Linha 3187 tem 1 colunas (esperado: 70)
⚠️ Linha 3188 tem 24 colunas (esperado: 70)
⚠️ Linha 3189 tem 46 colunas (esperado: 70)
⚠️ Linha 3190 tem 1 colunas (esperado: 70)
⚠️ Linha 3191 tem 25 colunas (esperado: 70)
⚠️ Linha 3192 tem 46 colunas (esperado: 70)
⚠️ Linha 3193 tem 25 colunas (esperado: 70)
⚠️ Linha 3195 tem 46 colunas (esperado: 70)
⚠️ Linha 3196 tem 1 colunas (esperado: 70)
⚠️ Linha 3197 tem 2 colunas (esperado: 70)
⚠️ Linha 3198 tem 1 colunas (esperado: 70)
⚠️ Linha 3199 tem 1 colunas (esperado: 70)
⚠️ Linha 3200 tem 24 colunas (esperado: 70)
⚠️ Linha 3202 tem 47 colunas (esperado: 70)
⚠️ Linha 3203 tem 24 colunas (esperado: 70)
⚠️ Linha 3210 tem 46 colunas (esperado: 70)
⚠️ Linha 3211 tem 2 colunas (esperado: 70)
⚠️ Linha 3212 tem 24 colunas (esperado: 70)
⚠️ Linha 3213 tem 46 colunas (esperado: 70)
⚠️ Linha 3214 tem 2 colunas (esperado: 70)
⚠️ Linha 3215 tem 24 colunas (esperado: 70)
⚠️ Linha 3228 tem 46 colunas (esperado: 70)
⚠️ Linha 3229 tem 2 colunas (esperado: 70)
⚠️ Linha 3230 tem 24 colunas (esperado: 70)
⚠️ Linha 3232 tem 46 colunas (esperado: 70)
⚠️ Linha 3233 tem 1 colunas (esperado: 70)
⚠️ Linha 3234 tem 1 colunas (esperado: 70)
⚠️ Linha 3236 tem 46 colunas (esperado: 70)
⚠️ Linha 3237 tem 25 colunas (esperado: 70)
⚠️ Linha 3238 tem 46 colunas (esperado: 70)
⚠️ Linha 3239 tem 2 colunas (esperado: 70)
⚠️ Linha 3240 tem 24 colunas (esperado: 70)
⚠️ Linha 3241 tem 46 colunas (esperado: 70)
⚠️ Linha 3242 tem 2 colunas (esperado: 70)
⚠️ Linha 3243 tem 24 colunas (esperado: 70)
⚠️ Linha 3251 tem 46 colunas (esperado: 70)
⚠️ Linha 3252 tem 1 colunas (esperado: 70)
⚠️ Linha 3253 tem 1 colunas (esperado: 70)
⚠️ Linha 3257 tem 46 colunas (esperado: 70)
⚠️ Linha 3258 tem 2 colunas (esperado: 70)
⚠️ Linha 3259 tem 24 colunas (esperado: 70)
⚠️ Linha 3262 tem 46 colunas (esperado: 70)
⚠️ Linha 3263 tem 1 colunas (esperado: 70)
⚠️ Linha 3264 tem 2 colunas (esperado: 70)
⚠️ Linha 3265 tem 25 colunas (esperado: 70)
⚠️ Linha 3269 tem 46 colunas (esperado: 70)
⚠️ Linha 3270 tem 1 colunas (esperado: 70)
⚠️ Linha 3271 tem 1 colunas (esperado: 70)
⚠️ Linha 3272 tem 1 colunas (esperado: 70)
⚠️ Linha 3273 tem 2 colunas (esperado: 70)
⚠️ Linha 3274 tem 1 colunas (esperado: 70)
⚠️ Linha 3275 tem 1 colunas (esperado: 70)
⚠️ Linha 3276 tem 1 colunas (esperado: 70)
⚠️ Linha 3277 tem 24 colunas (esperado: 70)
⚠️ Linha 3279 tem 46 colunas (esperado: 70)
⚠️ Linha 3280 tem 2 colunas (esperado: 70)
⚠️ Linha 3281 tem 24 colunas (esperado: 70)
⚠️ Linha 3283 tem 46 colunas (esperado: 70)
⚠️ Linha 3284 tem 25 colunas (esperado: 70)
⚠️ Linha 3291 tem 47 colunas (esperado: 70)
⚠️ Linha 3292 tem 24 colunas (esperado: 70)
⚠️ Linha 3320 tem 46 colunas (esperado: 70)
⚠️ Linha 3321 tem 1 colunas (esperado: 70)
⚠️ Linha 3322 tem 1 colunas (esperado: 70)
⚠️ Linha 3323 tem 24 colunas (esperado: 70)
⚠️ Linha 3356 tem 46 colunas (esperado: 70)
⚠️ Linha 3357 tem 2 colunas (esperado: 70)
⚠️ Linha 3358 tem 24 colunas (esperado: 70)
⚠️ Linha 3359 tem 46 colunas (esperado: 70)
⚠️ Linha 3360 tem 2 colunas (esperado: 70)
⚠️ Linha 3361 tem 24 colunas (esperado: 70)
⚠️ Linha 3385 tem 46 colunas (esperado: 70)
⚠️ Linha 3386 tem 1 colunas (esperado: 70)
⚠️ Linha 3387 tem 25 colunas (esperado: 70)
⚠️ Linha 3392 tem 46 colunas (esperado: 70)
⚠️ Linha 3393 tem 2 colunas (esperado: 70)
⚠️ Linha 3394 tem 24 colunas (esperado: 70)
⚠️ Linha 3400 tem 46 colunas (esperado: 70)
⚠️ Linha 3401 tem 1 colunas (esperado: 70)
⚠️ Linha 3407 tem 46 colunas (esperado: 70)
⚠️ Linha 3408 tem 3 colunas (esperado: 70)
⚠️ Linha 3409 tem 1 colunas (esperado: 70)
⚠️ Linha 3410 tem 1 colunas (esperado: 70)
⚠️ Linha 3411 tem 24 colunas (esperado: 70)
⚠️ Linha 3413 tem 46 colunas (esperado: 70)
⚠️ Linha 3414 tem 1 colunas (esperado: 70)
⚠️ Linha 3415 tem 1 colunas (esperado: 70)
⚠️ Linha 3416 tem 24 colunas (esperado: 70)
⚠️ Linha 3418 tem 46 colunas (esperado: 70)
⚠️ Linha 3419 tem 25 colunas (esperado: 70)
⚠️ Linha 3423 tem 46 colunas (esperado: 70)
⚠️ Linha 3424 tem 1 colunas (esperado: 70)
⚠️ Linha 3425 tem 2 colunas (esperado: 70)
⚠️ Linha 3426 tem 1 colunas (esperado: 70)
⚠️ Linha 3427 tem 24 colunas (esperado: 70)
⚠️ Linha 3432 tem 46 colunas (esperado: 70)
⚠️ Linha 3433 tem 2 colunas (esperado: 70)
⚠️ Linha 3434 tem 24 colunas (esperado: 70)
⚠️ Linha 3435 tem 46 colunas (esperado: 70)
⚠️ Linha 3436 tem 2 colunas (esperado: 70)
⚠️ Linha 3437 tem 24 colunas (esperado: 70)
⚠️ Linha 3438 tem 46 colunas (esperado: 70)
⚠️ Linha 3439 tem 1 colunas (esperado: 70)
⚠️ Linha 3440 tem 1 colunas (esperado: 70)
⚠️ Linha 3441 tem 2 colunas (esperado: 70)
⚠️ Linha 3442 tem 1 colunas (esperado: 70)
⚠️ Linha 3443 tem 1 colunas (esperado: 70)
⚠️ Linha 3444 tem 24 colunas (esperado: 70)
⚠️ Linha 3447 tem 46 colunas (esperado: 70)
⚠️ Linha 3448 tem 1 colunas (esperado: 70)
⚠️ Linha 3449 tem 2 colunas (esperado: 70)
⚠️ Linha 3450 tem 24 colunas (esperado: 70)
⚠️ Linha 3451 tem 46 colunas (esperado: 70)
⚠️ Linha 3452 tem 2 colunas (esperado: 70)
⚠️ Linha 3453 tem 1 colunas (esperado: 70)
⚠️ Linha 3454 tem 1 colunas (esperado: 70)
⚠️ Linha 3455 tem 46 colunas (esperado: 70)
⚠️ Linha 3456 tem 1 colunas (esperado: 70)
⚠️ Linha 3458 tem 46 colunas (esperado: 70)
⚠️ Linha 3459 tem 2 colunas (esperado: 70)
⚠️ Linha 3460 tem 24 colunas (esperado: 70)
⚠️ Linha 3461 tem 46 colunas (esperado: 70)
⚠️ Linha 3462 tem 2 colunas (esperado: 70)
⚠️ Linha 3463 tem 24 colunas (esperado: 70)
⚠️ Linha 3553 tem 46 colunas (esperado: 70)
⚠️ Linha 3554 tem 1 colunas (esperado: 70)
⚠️ Linha 3555 tem 2 colunas (esperado: 70)
⚠️ Linha 3556 tem 1 colunas (esperado: 70)
⚠️ Linha 3557 tem 24 colunas (esperado: 70)
⚠️ Linha 3559 tem 46 colunas (esperado: 70)
⚠️ Linha 3560 tem 2 colunas (esperado: 70)
⚠️ Linha 3561 tem 24 colunas (esperado: 70)
⚠️ Linha 3574 tem 46 colunas (esperado: 70)
⚠️ Linha 3575 tem 2 colunas (esperado: 70)
⚠️ Linha 3576 tem 24 colunas (esperado: 70)
⚠️ Linha 3577 tem 46 colunas (esperado: 70)
⚠️ Linha 3578 tem 1 colunas (esperado: 70)
⚠️ Linha 3580 tem 46 colunas (esperado: 70)
⚠️ Linha 3581 tem 2 colunas (esperado: 70)
⚠️ Linha 3582 tem 24 colunas (esperado: 70)
⚠️ Linha 3646 tem 46 colunas (esperado: 70)
⚠️ Linha 3647 tem 2 colunas (esperado: 70)
⚠️ Linha 3648 tem 24 colunas (esperado: 70)
⚠️ Linha 3653 tem 47 colunas (esperado: 70)
⚠️ Linha 3654 tem 24 colunas (esperado: 70)
⚠️ Linha 3707 tem 46 colunas (esperado: 70)
⚠️ Linha 3708 tem 25 colunas (esperado: 70)
⚠️ Linha 3710 tem 46 colunas (esperado: 70)
⚠️ Linha 3711 tem 1 colunas (esperado: 70)
⚠️ Linha 3712 tem 2 colunas (esperado: 70)
⚠️ Linha 3713 tem 1 colunas (esperado: 70)
⚠️ Linha 3714 tem 24 colunas (esperado: 70)
⚠️ Linha 3718 tem 47 colunas (esperado: 70)
⚠️ Linha 3719 tem 25 colunas (esperado: 70)
⚠️ Linha 3723 tem 46 colunas (esperado: 70)
⚠️ Linha 3724 tem 25 colunas (esperado: 70)
⚠️ Linha 3729 tem 46 colunas (esperado: 70)
⚠️ Linha 3730 tem 2 colunas (esperado: 70)
⚠️ Linha 3731 tem 24 colunas (esperado: 70)
⚠️ Linha 3733 tem 46 colunas (esperado: 70)
⚠️ Linha 3734 tem 2 colunas (esperado: 70)
⚠️ Linha 3735 tem 24 colunas (esperado: 70)
⚠️ Linha 3743 tem 47 colunas (esperado: 70)
⚠️ Linha 3744 tem 24 colunas (esperado: 70)
⚠️ Linha 3745 tem 46 colunas (esperado: 70)
⚠️ Linha 3746 tem 1 colunas (esperado: 70)
⚠️ Linha 3747 tem 2 colunas (esperado: 70)
⚠️ Linha 3748 tem 1 colunas (esperado: 70)
⚠️ Linha 3749 tem 24 colunas (esperado: 70)
⚠️ Linha 3750 tem 47 colunas (esperado: 70)
⚠️ Linha 3751 tem 24 colunas (esperado: 70)
⚠️ Linha 3759 tem 46 colunas (esperado: 70)
⚠️ Linha 3760 tem 1 colunas (esperado: 70)
⚠️ Linha 3761 tem 1 colunas (esperado: 70)
⚠️ Linha 3762 tem 46 colunas (esperado: 70)
⚠️ Linha 3763 tem 2 colunas (esperado: 70)
⚠️ Linha 3764 tem 24 colunas (esperado: 70)
⚠️ Linha 3765 tem 46 colunas (esperado: 70)
⚠️ Linha 3766 tem 2 colunas (esperado: 70)
⚠️ Linha 3767 tem 24 colunas (esperado: 70)
⚠️ Linha 3773 tem 46 colunas (esperado: 70)
⚠️ Linha 3774 tem 1 colunas (esperado: 70)
⚠️ Linha 3775 tem 1 colunas (esperado: 70)
⚠️ Linha 3776 tem 1 colunas (esperado: 70)
⚠️ Linha 3777 tem 1 colunas (esperado: 70)
⚠️ Linha 3778 tem 24 colunas (esperado: 70)
⚠️ Linha 3780 tem 46 colunas (esperado: 70)
⚠️ Linha 3781 tem 1 colunas (esperado: 70)
⚠️ Linha 3782 tem 1 colunas (esperado: 70)
⚠️ Linha 3783 tem 2 colunas (esperado: 70)
⚠️ Linha 3784 tem 1 colunas (esperado: 70)
⚠️ Linha 3785 tem 1 colunas (esperado: 70)
⚠️ Linha 3786 tem 24 colunas (esperado: 70)
⚠️ Linha 3787 tem 46 colunas (esperado: 70)
⚠️ Linha 3788 tem 2 colunas (esperado: 70)
⚠️ Linha 3789 tem 24 colunas (esperado: 70)
⚠️ Linha 3792 tem 46 colunas (esperado: 70)
⚠️ Linha 3793 tem 1 colunas (esperado: 70)
⚠️ Linha 3794 tem 1 colunas (esperado: 70)
⚠️ Linha 3795 tem 24 colunas (esperado: 70)
⚠️ Linha 3802 tem 47 colunas (esperado: 70)
⚠️ Linha 3803 tem 24 colunas (esperado: 70)
⚠️ Linha 3809 tem 47 colunas (esperado: 70)
⚠️ Linha 3810 tem 1 colunas (esperado: 70)
⚠️ Linha 3811 tem 24 colunas (esperado: 70)
⚠️ Linha 3861 tem 46 colunas (esperado: 70)
⚠️ Linha 3862 tem 2 colunas (esperado: 70)
⚠️ Linha 3863 tem 24 colunas (esperado: 70)
⚠️ Linha 3873 tem 46 colunas (esperado: 70)
⚠️ Linha 3874 tem 2 colunas (esperado: 70)
⚠️ Linha 3875 tem 24 colunas (esperado: 70)
⚠️ Linha 3877 tem 13 colunas (esperado: 70)
⚠️ Linha 3878 tem 27 colunas (esperado: 70)
⚠️ Linha 3879 tem 1 colunas (esperado: 70)
⚠️ Linha 3880 tem 2 colunas (esperado: 70)
⚠️ Linha 3881 tem 1 colunas (esperado: 70)
⚠️ Linha 3882 tem 24 colunas (esperado: 70)
⚠️ Linha 3883 tem 46 colunas (esperado: 70)
⚠️ Linha 3884 tem 2 colunas (esperado: 70)
⚠️ Linha 3885 tem 24 colunas (esperado: 70)
⚠️ Linha 3887 tem 46 colunas (esperado: 70)
⚠️ Linha 3888 tem 25 colunas (esperado: 70)
⚠️ Linha 3889 tem 46 colunas (esperado: 70)
⚠️ Linha 3890 tem 1 colunas (esperado: 70)
⚠️ Linha 3891 tem 25 colunas (esperado: 70)
⚠️ Linha 3892 tem 46 colunas (esperado: 70)
⚠️ Linha 3893 tem 2 colunas (esperado: 70)
⚠️ Linha 3894 tem 24 colunas (esperado: 70)
⚠️ Linha 3895 tem 46 colunas (esperado: 70)
⚠️ Linha 3896 tem 2 colunas (esperado: 70)
⚠️ Linha 3897 tem 24 colunas (esperado: 70)
⚠️ Linha 3898 tem 46 colunas (esperado: 70)
⚠️ Linha 3899 tem 2 colunas (esperado: 70)
⚠️ Linha 3900 tem 24 colunas (esperado: 70)
⚠️ Linha 3901 tem 46 colunas (esperado: 70)
⚠️ Linha 3902 tem 1 colunas (esperado: 70)
⚠️ Linha 3903 tem 46 colunas (esperado: 70)
⚠️ Linha 3904 tem 2 colunas (esperado: 70)
⚠️ Linha 3905 tem 24 colunas (esperado: 70)
⚠️ Linha 3906 tem 46 colunas (esperado: 70)
⚠️ Linha 3907 tem 1 colunas (esperado: 70)
⚠️ Linha 3912 tem 46 colunas (esperado: 70)
⚠️ Linha 3913 tem 1 colunas (esperado: 70)
⚠️ Linha 3914 tem 1 colunas (esperado: 70)
⚠️ Linha 3915 tem 24 colunas (esperado: 70)
⚠️ Linha 3916 tem 46 colunas (esperado: 70)
⚠️ Linha 3917 tem 2 colunas (esperado: 70)
⚠️ Linha 3918 tem 24 colunas (esperado: 70)
⚠️ Linha 3919 tem 46 colunas (esperado: 70)
⚠️ Linha 3920 tem 2 colunas (esperado: 70)
⚠️ Linha 3921 tem 24 colunas (esperado: 70)
⚠️ Linha 3923 tem 46 colunas (esperado: 70)
⚠️ Linha 3924 tem 1 colunas (esperado: 70)
⚠️ Linha 3925 tem 2 colunas (esperado: 70)
⚠️ Linha 3926 tem 1 colunas (esperado: 70)
⚠️ Linha 3927 tem 24 colunas (esperado: 70)
⚠️ Linha 3931 tem 47 colunas (esperado: 70)
⚠️ Linha 3932 tem 1 colunas (esperado: 70)
⚠️ Linha 3933 tem 24 colunas (esperado: 70)
⚠️ Linha 3938 tem 46 colunas (esperado: 70)
⚠️ Linha 3939 tem 2 colunas (esperado: 70)
⚠️ Linha 3940 tem 24 colunas (esperado: 70)
⚠️ Linha 3941 tem 46 colunas (esperado: 70)
⚠️ Linha 3942 tem 2 colunas (esperado: 70)
⚠️ Linha 3943 tem 24 colunas (esperado: 70)
⚠️ Linha 3944 tem 46 colunas (esperado: 70)
⚠️ Linha 3945 tem 1 colunas (esperado: 70)
⚠️ Linha 3948 tem 46 colunas (esperado: 70)
⚠️ Linha 3949 tem 2 colunas (esperado: 70)
⚠️ Linha 3950 tem 24 colunas (esperado: 70)
⚠️ Linha 3956 tem 46 colunas (esperado: 70)
⚠️ Linha 3957 tem 1 colunas (esperado: 70)
⚠️ Linha 3960 tem 46 colunas (esperado: 70)
⚠️ Linha 3961 tem 2 colunas (esperado: 70)
⚠️ Linha 3962 tem 24 colunas (esperado: 70)
⚠️ Linha 3963 tem 46 colunas (esperado: 70)
⚠️ Linha 3964 tem 2 colunas (esperado: 70)
⚠️ Linha 3965 tem 24 colunas (esperado: 70)
⚠️ Linha 3982 tem 46 colunas (esperado: 70)
⚠️ Linha 3983 tem 2 colunas (esperado: 70)
⚠️ Linha 3984 tem 24 colunas (esperado: 70)
⚠️ Linha 3985 tem 46 colunas (esperado: 70)
⚠️ Linha 3986 tem 1 colunas (esperado: 70)
⚠️ Linha 3987 tem 1 colunas (esperado: 70)
⚠️ Linha 4037 tem 46 colunas (esperado: 70)
⚠️ Linha 4038 tem 2 colunas (esperado: 70)
⚠️ Linha 4039 tem 24 colunas (esperado: 70)
⚠️ Linha 4052 tem 47 colunas (esperado: 70)
⚠️ Linha 4053 tem 24 colunas (esperado: 70)
⚠️ Linha 4080 tem 47 colunas (esperado: 70)
⚠️ Linha 4081 tem 24 colunas (esperado: 70)
⚠️ Linha 4105 tem 13 colunas (esperado: 70)
⚠️ Linha 4106 tem 56 colunas (esperado: 70)
⚠️ Linha 4135 tem 46 colunas (esperado: 70)
⚠️ Linha 4136 tem 2 colunas (esperado: 70)
⚠️ Linha 4137 tem 24 colunas (esperado: 70)
⚠️ Linha 4139 tem 46 colunas (esperado: 70)
⚠️ Linha 4140 tem 1 colunas (esperado: 70)
⚠️ Linha 4141 tem 2 colunas (esperado: 70)
⚠️ Linha 4142 tem 1 colunas (esperado: 70)
⚠️ Linha 4143 tem 24 colunas (esperado: 70)
⚠️ Linha 4153 tem 47 colunas (esperado: 70)
⚠️ Linha 4154 tem 24 colunas (esperado: 70)
⚠️ Linha 4164 tem 46 colunas (esperado: 70)
⚠️ Linha 4165 tem 2 colunas (esperado: 70)
⚠️ Linha 4166 tem 24 colunas (esperado: 70)
⚠️ Linha 4167 tem 46 colunas (esperado: 70)
⚠️ Linha 4168 tem 2 colunas (esperado: 70)
⚠️ Linha 4169 tem 24 colunas (esperado: 70)
⚠️ Linha 4266 tem 47 colunas (esperado: 70)
⚠️ Linha 4267 tem 24 colunas (esperado: 70)
⚠️ Linha 4275 tem 46 colunas (esperado: 70)
⚠️ Linha 4276 tem 2 colunas (esperado: 70)
⚠️ Linha 4277 tem 24 colunas (esperado: 70)
⚠️ Linha 4278 tem 46 colunas (esperado: 70)
⚠️ Linha 4279 tem 2 colunas (esperado: 70)
⚠️ Linha 4280 tem 24 colunas (esperado: 70)
⚠️ Linha 4281 tem 46 colunas (esperado: 70)
⚠️ Linha 4282 tem 1 colunas (esperado: 70)
⚠️ Linha 4283 tem 1 colunas (esperado: 70)
⚠️ Linha 4284 tem 24 colunas (esperado: 70)
⚠️ Linha 4290 tem 46 colunas (esperado: 70)
⚠️ Linha 4291 tem 2 colunas (esperado: 70)
⚠️ Linha 4292 tem 24 colunas (esperado: 70)
⚠️ Linha 4296 tem 46 colunas (esperado: 70)
⚠️ Linha 4297 tem 25 colunas (esperado: 70)
⚠️ Linha 4300 tem 46 colunas (esperado: 70)
⚠️ Linha 4301 tem 2 colunas (esperado: 70)
⚠️ Linha 4302 tem 24 colunas (esperado: 70)
⚠️ Linha 4304 tem 46 colunas (esperado: 70)
⚠️ Linha 4305 tem 1 colunas (esperado: 70)
⚠️ Linha 4306 tem 2 colunas (esperado: 70)
⚠️ Linha 4307 tem 1 colunas (esperado: 70)
⚠️ Linha 4308 tem 24 colunas (esperado: 70)
⚠️ Linha 4310 tem 46 colunas (esperado: 70)
⚠️ Linha 4311 tem 2 colunas (esperado: 70)
⚠️ Linha 4312 tem 24 colunas (esperado: 70)
⚠️ Linha 4313 tem 46 colunas (esperado: 70)
⚠️ Linha 4314 tem 2 colunas (esperado: 70)
⚠️ Linha 4315 tem 24 colunas (esperado: 70)
⚠️ Linha 4316 tem 46 colunas (esperado: 70)
⚠️ Linha 4317 tem 2 colunas (esperado: 70)
⚠️ Linha 4318 tem 24 colunas (esperado: 70)
⚠️ Linha 4319 tem 46 colunas (esperado: 70)
⚠️ Linha 4320 tem 25 colunas (esperado: 70)
⚠️ Linha 4321 tem 46 colunas (esperado: 70)
⚠️ Linha 4322 tem 2 colunas (esperado: 70)
⚠️ Linha 4323 tem 24 colunas (esperado: 70)
⚠️ Linha 4325 tem 46 colunas (esperado: 70)
⚠️ Linha 4326 tem 2 colunas (esperado: 70)
⚠️ Linha 4327 tem 24 colunas (esperado: 70)
⚠️ Linha 4330 tem 46 colunas (esperado: 70)
⚠️ Linha 4331 tem 1 colunas (esperado: 70)
⚠️ Linha 4332 tem 2 colunas (esperado: 70)
⚠️ Linha 4333 tem 1 colunas (esperado: 70)
⚠️ Linha 4334 tem 24 colunas (esperado: 70)
⚠️ Linha 4335 tem 46 colunas (esperado: 70)
⚠️ Linha 4336 tem 1 colunas (esperado: 70)
⚠️ Linha 4337 tem 2 colunas (esperado: 70)
⚠️ Linha 4338 tem 1 colunas (esperado: 70)
⚠️ Linha 4339 tem 24 colunas (esperado: 70)
⚠️ Linha 4340 tem 46 colunas (esperado: 70)
⚠️ Linha 4341 tem 1 colunas (esperado: 70)
⚠️ Linha 4342 tem 1 colunas (esperado: 70)
⚠️ Linha 4343 tem 2 colunas (esperado: 70)
⚠️ Linha 4344 tem 1 colunas (esperado: 70)
⚠️ Linha 4345 tem 1 colunas (esperado: 70)
⚠️ Linha 4346 tem 24 colunas (esperado: 70)
⚠️ Linha 4348 tem 46 colunas (esperado: 70)
⚠️ Linha 4349 tem 1 colunas (esperado: 70)
⚠️ Linha 4351 tem 46 colunas (esperado: 70)
⚠️ Linha 4352 tem 2 colunas (esperado: 70)
⚠️ Linha 4353 tem 24 colunas (esperado: 70)
⚠️ Linha 4355 tem 46 colunas (esperado: 70)
⚠️ Linha 4356 tem 2 colunas (esperado: 70)
⚠️ Linha 4357 tem 24 colunas (esperado: 70)
⚠️ Linha 4358 tem 47 colunas (esperado: 70)
⚠️ Linha 4359 tem 1 colunas (esperado: 70)
⚠️ Linha 4360 tem 24 colunas (esperado: 70)
⚠️ Linha 4361 tem 46 colunas (esperado: 70)
⚠️ Linha 4362 tem 1 colunas (esperado: 70)
⚠️ Linha 4365 tem 47 colunas (esperado: 70)
⚠️ Linha 4366 tem 24 colunas (esperado: 70)
⚠️ Linha 4369 tem 46 colunas (esperado: 70)
⚠️ Linha 4370 tem 1 colunas (esperado: 70)
⚠️ Linha 4371 tem 2 colunas (esperado: 70)
⚠️ Linha 4372 tem 1 colunas (esperado: 70)
⚠️ Linha 4373 tem 24 colunas (esperado: 70)
⚠️ Linha 4374 tem 46 colunas (esperado: 70)
⚠️ Linha 4375 tem 1 colunas (esperado: 70)
⚠️ Linha 4376 tem 2 colunas (esperado: 70)
⚠️ Linha 4377 tem 1 colunas (esperado: 70)
⚠️ Linha 4378 tem 24 colunas (esperado: 70)
⚠️ Linha 4379 tem 46 colunas (esperado: 70)
⚠️ Linha 4380 tem 2 colunas (esperado: 70)
⚠️ Linha 4381 tem 25 colunas (esperado: 70)
⚠️ Linha 4382 tem 46 colunas (esperado: 70)
⚠️ Linha 4383 tem 1 colunas (esperado: 70)
⚠️ Linha 4384 tem 1 colunas (esperado: 70)
⚠️ Linha 4385 tem 1 colunas (esperado: 70)
⚠️ Linha 4386 tem 24 colunas (esperado: 70)
⚠️ Linha 4388 tem 46 colunas (esperado: 70)
⚠️ Linha 4389 tem 2 colunas (esperado: 70)
⚠️ Linha 4390 tem 24 colunas (esperado: 70)
⚠️ Linha 4392 tem 13 colunas (esperado: 70)
⚠️ Linha 4393 tem 56 colunas (esperado: 70)
⚠️ Linha 4403 tem 46 colunas (esperado: 70)
⚠️ Linha 4405 tem 25 colunas (esperado: 70)
⚠️ Linha 4412 tem 46 colunas (esperado: 70)
⚠️ Linha 4413 tem 2 colunas (esperado: 70)
⚠️ Linha 4414 tem 24 colunas (esperado: 70)
⚠️ Linha 4415 tem 46 colunas (esperado: 70)
⚠️ Linha 4416 tem 1 colunas (esperado: 70)
⚠️ Linha 4417 tem 2 colunas (esperado: 70)
⚠️ Linha 4418 tem 1 colunas (esperado: 70)
⚠️ Linha 4419 tem 24 colunas (esperado: 70)
⚠️ Linha 4421 tem 46 colunas (esperado: 70)
⚠️ Linha 4422 tem 1 colunas (esperado: 70)
⚠️ Linha 4423 tem 2 colunas (esperado: 70)
⚠️ Linha 4424 tem 1 colunas (esperado: 70)
⚠️ Linha 4425 tem 24 colunas (esperado: 70)
⚠️ Linha 4428 tem 46 colunas (esperado: 70)
⚠️ Linha 4429 tem 2 colunas (esperado: 70)
⚠️ Linha 4430 tem 24 colunas (esperado: 70)
⚠️ Linha 4438 tem 46 colunas (esperado: 70)
⚠️ Linha 4439 tem 2 colunas (esperado: 70)
⚠️ Linha 4440 tem 24 colunas (esperado: 70)
⚠️ Linha 4460 tem 46 colunas (esperado: 70)
⚠️ Linha 4461 tem 25 colunas (esperado: 70)
⚠️ Linha 4486 tem 46 colunas (esperado: 70)
⚠️ Linha 4487 tem 2 colunas (esperado: 70)
⚠️ Linha 4488 tem 24 colunas (esperado: 70)
⚠️ Linha 4489 tem 46 colunas (esperado: 70)
⚠️ Linha 4490 tem 2 colunas (esperado: 70)
⚠️ Linha 4491 tem 24 colunas (esperado: 70)
⚠️ Linha 4496 tem 46 colunas (esperado: 70)
⚠️ Linha 4497 tem 2 colunas (esperado: 70)
⚠️ Linha 4498 tem 24 colunas (esperado: 70)
⚠️ Linha 4503 tem 47 colunas (esperado: 70)
⚠️ Linha 4504 tem 1 colunas (esperado: 70)
⚠️ Linha 4505 tem 24 colunas (esperado: 70)
⚠️ Linha 4509 tem 46 colunas (esperado: 70)
⚠️ Linha 4510 tem 1 colunas (esperado: 70)
⚠️ Linha 4511 tem 2 colunas (esperado: 70)
⚠️ Linha 4512 tem 1 colunas (esperado: 70)
⚠️ Linha 4513 tem 24 colunas (esperado: 70)
⚠️ Linha 4535 tem 46 colunas (esperado: 70)
⚠️ Linha 4536 tem 2 colunas (esperado: 70)
⚠️ Linha 4537 tem 24 colunas (esperado: 70)
⚠️ Linha 4556 tem 47 colunas (esperado: 70)
⚠️ Linha 4557 tem 24 colunas (esperado: 70)
⚠️ Linha 4589 tem 47 colunas (esperado: 70)
⚠️ Linha 4590 tem 24 colunas (esperado: 70)
⚠️ Linha 4673 tem 46 colunas (esperado: 70)
⚠️ Linha 4674 tem 2 colunas (esperado: 70)
⚠️ Linha 4675 tem 26 colunas (esperado: 70)
⚠️ Linha 4725 tem 46 colunas (esperado: 70)
⚠️ Linha 4726 tem 2 colunas (esperado: 70)
⚠️ Linha 4727 tem 24 colunas (esperado: 70)
⚠️ Linha 4730 tem 46 colunas (esperado: 70)
⚠️ Linha 4731 tem 2 colunas (esperado: 70)
⚠️ Linha 4732 tem 24 colunas (esperado: 70)
⚠️ Linha 4733 tem 46 colunas (esperado: 70)
⚠️ Linha 4734 tem 2 colunas (esperado: 70)
⚠️ Linha 4735 tem 24 colunas (esperado: 70)
⚠️ Linha 4736 tem 46 colunas (esperado: 70)
⚠️ Linha 4737 tem 2 colunas (esperado: 70)
⚠️ Linha 4738 tem 1 colunas (esperado: 70)
⚠️ Linha 4739 tem 1 colunas (esperado: 70)
⚠️ Linha 4744 tem 46 colunas (esperado: 70)
⚠️ Linha 4745 tem 2 colunas (esperado: 70)
⚠️ Linha 4746 tem 24 colunas (esperado: 70)
⚠️ Linha 4747 tem 46 colunas (esperado: 70)
⚠️ Linha 4748 tem 2 colunas (esperado: 70)
⚠️ Linha 4749 tem 24 colunas (esperado: 70)
⚠️ Linha 4759 tem 46 colunas (esperado: 70)
⚠️ Linha 4760 tem 13 colunas (esperado: 70)
⚠️ Linha 4761 tem 46 colunas (esperado: 70)
⚠️ Linha 4762 tem 1 colunas (esperado: 70)
⚠️ Linha 4774 tem 46 colunas (esperado: 70)
⚠️ Linha 4776 tem 25 colunas (esperado: 70)
⚠️ Linha 4780 tem 46 colunas (esperado: 70)
⚠️ Linha 4781 tem 2 colunas (esperado: 70)
⚠️ Linha 4782 tem 24 colunas (esperado: 70)
⚠️ Linha 4783 tem 46 colunas (esperado: 70)
⚠️ Linha 4784 tem 2 colunas (esperado: 70)
⚠️ Linha 4785 tem 24 colunas (esperado: 70)
⚠️ Linha 4791 tem 13 colunas (esperado: 70)
⚠️ Linha 4793 tem 1 colunas (esperado: 70)
⚠️ Linha 4794 tem 58 colunas (esperado: 70)
⚠️ Linha 4795 tem 46 colunas (esperado: 70)
⚠️ Linha 4796 tem 2 colunas (esperado: 70)
⚠️ Linha 4797 tem 24 colunas (esperado: 70)
⚠️ Linha 4800 tem 46 colunas (esperado: 70)
⚠️ Linha 4801 tem 1 colunas (esperado: 70)
⚠️ Linha 4802 tem 2 colunas (esperado: 70)
⚠️ Linha 4803 tem 24 colunas (esperado: 70)
⚠️ Linha 4808 tem 46 colunas (esperado: 70)
⚠️ Linha 4809 tem 1 colunas (esperado: 70)
⚠️ Linha 4810 tem 1 colunas (esperado: 70)
⚠️ Linha 4811 tem 24 colunas (esperado: 70)
⚠️ Linha 4817 tem 46 colunas (esperado: 70)
⚠️ Linha 4818 tem 2 colunas (esperado: 70)
⚠️ Linha 4819 tem 24 colunas (esperado: 70)
⚠️ Linha 4821 tem 46 colunas (esperado: 70)
⚠️ Linha 4822 tem 2 colunas (esperado: 70)
⚠️ Linha 4823 tem 24 colunas (esperado: 70)
⚠️ Linha 4891 tem 13 colunas (esperado: 70)
⚠️ Linha 4892 tem 56 colunas (esperado: 70)
⚠️ Linha 5071 tem 46 colunas (esperado: 70)
⚠️ Linha 5072 tem 2 colunas (esperado: 70)
⚠️ Linha 5073 tem 24 colunas (esperado: 70)
⚠️ Linha 5083 tem 47 colunas (esperado: 70)
⚠️ Linha 5084 tem 24 colunas (esperado: 70)
⚠️ Linha 5105 tem 46 colunas (esperado: 70)
⚠️ Linha 5106 tem 2 colunas (esperado: 70)
⚠️ Linha 5107 tem 24 colunas (esperado: 70)
⚠️ Linha 5136 tem 46 colunas (esperado: 70)
⚠️ Linha 5137 tem 2 colunas (esperado: 70)
⚠️ Linha 5138 tem 24 colunas (esperado: 70)
⚠️ Linha 5145 tem 46 colunas (esperado: 70)
⚠️ Linha 5146 tem 2 colunas (esperado: 70)
⚠️ Linha 5147 tem 24 colunas (esperado: 70)
⚠️ Linha 5148 tem 46 colunas (esperado: 70)
⚠️ Linha 5149 tem 2 colunas (esperado: 70)
⚠️ Linha 5150 tem 24 colunas (esperado: 70)
⚠️ Linha 5154 tem 46 colunas (esperado: 70)
⚠️ Linha 5155 tem 2 colunas (esperado: 70)
⚠️ Linha 5156 tem 24 colunas (esperado: 70)
⚠️ Linha 5164 tem 47 colunas (esperado: 70)
⚠️ Linha 5165 tem 24 colunas (esperado: 70)
⚠️ Linha 5168 tem 46 colunas (esperado: 70)
⚠️ Linha 5169 tem 2 colunas (esperado: 70)
⚠️ Linha 5170 tem 24 colunas (esperado: 70)
⚠️ Linha 5173 tem 46 colunas (esperado: 70)
⚠️ Linha 5174 tem 2 colunas (esperado: 70)
⚠️ Linha 5175 tem 24 colunas (esperado: 70)
⚠️ Linha 5184 tem 46 colunas (esperado: 70)
⚠️ Linha 5185 tem 1 colunas (esperado: 70)
⚠️ Linha 5186 tem 2 colunas (esperado: 70)
⚠️ Linha 5187 tem 1 colunas (esperado: 70)
⚠️ Linha 5188 tem 24 colunas (esperado: 70)
⚠️ Linha 5189 tem 46 colunas (esperado: 70)
⚠️ Linha 5190 tem 2 colunas (esperado: 70)
⚠️ Linha 5191 tem 24 colunas (esperado: 70)
⚠️ Linha 5261 tem 46 colunas (esperado: 70)
⚠️ Linha 5262 tem 1 colunas (esperado: 70)
⚠️ Linha 5263 tem 46 colunas (esperado: 70)
⚠️ Linha 5264 tem 2 colunas (esperado: 70)
⚠️ Linha 5265 tem 24 colunas (esperado: 70)
⚠️ Linha 5268 tem 46 colunas (esperado: 70)
⚠️ Linha 5269 tem 1 colunas (esperado: 70)
⚠️ Linha 5270 tem 46 colunas (esperado: 70)
⚠️ Linha 5271 tem 1 colunas (esperado: 70)
⚠️ Linha 5276 tem 46 colunas (esperado: 70)
⚠️ Linha 5277 tem 1 colunas (esperado: 70)
⚠️ Linha 5278 tem 2 colunas (esperado: 70)
⚠️ Linha 5279 tem 1 colunas (esperado: 70)
⚠️ Linha 5280 tem 24 colunas (esperado: 70)
⚠️ Linha 5282 tem 46 colunas (esperado: 70)
⚠️ Linha 5283 tem 1 colunas (esperado: 70)
⚠️ Linha 5284 tem 1 colunas (esperado: 70)
⚠️ Linha 5285 tem 2 colunas (esperado: 70)
⚠️ Linha 5286 tem 1 colunas (esperado: 70)
⚠️ Linha 5287 tem 1 colunas (esperado: 70)
⚠️ Linha 5288 tem 24 colunas (esperado: 70)
⚠️ Linha 5289 tem 46 colunas (esperado: 70)
⚠️ Linha 5290 tem 2 colunas (esperado: 70)
⚠️ Linha 5291 tem 24 colunas (esperado: 70)
⚠️ Linha 5298 tem 46 colunas (esperado: 70)
⚠️ Linha 5299 tem 2 colunas (esperado: 70)
⚠️ Linha 5300 tem 24 colunas (esperado: 70)
⚠️ Linha 5302 tem 46 colunas (esperado: 70)
⚠️ Linha 5303 tem 2 colunas (esperado: 70)
⚠️ Linha 5304 tem 24 colunas (esperado: 70)
⚠️ Linha 5376 tem 46 colunas (esperado: 70)
⚠️ Linha 5377 tem 2 colunas (esperado: 70)
⚠️ Linha 5378 tem 24 colunas (esperado: 70)
⚠️ Linha 5380 tem 46 colunas (esperado: 70)
⚠️ Linha 5381 tem 2 colunas (esperado: 70)
⚠️ Linha 5382 tem 24 colunas (esperado: 70)
⚠️ Linha 5383 tem 46 colunas (esperado: 70)
⚠️ Linha 5384 tem 2 colunas (esperado: 70)
⚠️ Linha 5385 tem 24 colunas (esperado: 70)
⚠️ Linha 5386 tem 46 colunas (esperado: 70)
⚠️ Linha 5387 tem 2 colunas (esperado: 70)
⚠️ Linha 5388 tem 24 colunas (esperado: 70)
⚠️ Linha 5391 tem 46 colunas (esperado: 70)
⚠️ Linha 5392 tem 2 colunas (esperado: 70)
⚠️ Linha 5393 tem 24 colunas (esperado: 70)
⚠️ Linha 5403 tem 46 colunas (esperado: 70)
⚠️ Linha 5404 tem 2 colunas (esperado: 70)
⚠️ Linha 5405 tem 24 colunas (esperado: 70)
⚠️ Linha 5407 tem 46 colunas (esperado: 70)
⚠️ Linha 5408 tem 2 colunas (esperado: 70)
⚠️ Linha 5409 tem 24 colunas (esperado: 70)
⚠️ Linha 5412 tem 46 colunas (esperado: 70)
⚠️ Linha 5413 tem 1 colunas (esperado: 70)
⚠️ Linha 5414 tem 1 colunas (esperado: 70)
⚠️ Linha 5415 tem 25 colunas (esperado: 70)
⚠️ Linha 5418 tem 46 colunas (esperado: 70)
⚠️ Linha 5419 tem 2 colunas (esperado: 70)
⚠️ Linha 5420 tem 24 colunas (esperado: 70)
⚠️ Linha 5424 tem 46 colunas (esperado: 70)
⚠️ Linha 5425 tem 1 colunas (esperado: 70)
⚠️ Linha 5427 tem 46 colunas (esperado: 70)
⚠️ Linha 5429 tem 1 colunas (esperado: 70)
⚠️ Linha 5464 tem 46 colunas (esperado: 70)
⚠️ Linha 5465 tem 2 colunas (esperado: 70)
⚠️ Linha 5466 tem 24 colunas (esperado: 70)
⚠️ Linha 5467 tem 46 colunas (esperado: 70)
⚠️ Linha 5468 tem 2 colunas (esperado: 70)
⚠️ Linha 5469 tem 24 colunas (esperado: 70)
⚠️ Linha 5470 tem 46 colunas (esperado: 70)
⚠️ Linha 5471 tem 2 colunas (esperado: 70)
⚠️ Linha 5472 tem 24 colunas (esperado: 70)
⚠️ Linha 5473 tem 46 colunas (esperado: 70)
⚠️ Linha 5474 tem 2 colunas (esperado: 70)
⚠️ Linha 5475 tem 24 colunas (esperado: 70)
⚠️ Linha 5478 tem 46 colunas (esperado: 70)
⚠️ Linha 5479 tem 2 colunas (esperado: 70)
⚠️ Linha 5480 tem 24 colunas (esperado: 70)
⚠️ Linha 5482 tem 46 colunas (esperado: 70)
⚠️ Linha 5483 tem 2 colunas (esperado: 70)
⚠️ Linha 5484 tem 24 colunas (esperado: 70)
⚠️ Linha 5486 tem 46 colunas (esperado: 70)
⚠️ Linha 5487 tem 2 colunas (esperado: 70)
⚠️ Linha 5488 tem 24 colunas (esperado: 70)
⚠️ Linha 5489 tem 46 colunas (esperado: 70)
⚠️ Linha 5490 tem 1 colunas (esperado: 70)
⚠️ Linha 5491 tem 1 colunas (esperado: 70)
⚠️ Linha 5502 tem 47 colunas (esperado: 70)
⚠️ Linha 5503 tem 24 colunas (esperado: 70)
⚠️ Linha 5507 tem 47 colunas (esperado: 70)
⚠️ Linha 5508 tem 1 colunas (esperado: 70)
⚠️ Linha 5509 tem 46 colunas (esperado: 70)
⚠️ Linha 5510 tem 2 colunas (esperado: 70)
⚠️ Linha 5511 tem 24 colunas (esperado: 70)
⚠️ Linha 5521 tem 46 colunas (esperado: 70)
⚠️ Linha 5522 tem 2 colunas (esperado: 70)
⚠️ Linha 5523 tem 24 colunas (esperado: 70)
⚠️ Linha 5524 tem 46 colunas (esperado: 70)
⚠️ Linha 5525 tem 2 colunas (esperado: 70)
⚠️ Linha 5526 tem 24 colunas (esperado: 70)
⚠️ Linha 5547 tem 46 colunas (esperado: 70)
⚠️ Linha 5548 tem 2 colunas (esperado: 70)
⚠️ Linha 5549 tem 24 colunas (esperado: 70)
⚠️ Linha 5553 tem 46 colunas (esperado: 70)
⚠️ Linha 5554 tem 2 colunas (esperado: 70)
⚠️ Linha 5555 tem 24 colunas (esperado: 70)
⚠️ Linha 5556 tem 46 colunas (esperado: 70)
⚠️ Linha 5557 tem 2 colunas (esperado: 70)
⚠️ Linha 5558 tem 24 colunas (esperado: 70)
⚠️ Linha 5565 tem 46 colunas (esperado: 70)
⚠️ Linha 5566 tem 2 colunas (esperado: 70)
⚠️ Linha 5567 tem 24 colunas (esperado: 70)
⚠️ Linha 5568 tem 46 colunas (esperado: 70)
⚠️ Linha 5569 tem 2 colunas (esperado: 70)
⚠️ Linha 5570 tem 24 colunas (esperado: 70)
⚠️ Linha 5704 tem 46 colunas (esperado: 70)
⚠️ Linha 5705 tem 2 colunas (esperado: 70)
⚠️ Linha 5706 tem 24 colunas (esperado: 70)
⚠️ Linha 5707 tem 46 colunas (esperado: 70)
⚠️ Linha 5708 tem 2 colunas (esperado: 70)
⚠️ Linha 5709 tem 24 colunas (esperado: 70)
⚠️ Linha 5718 tem 46 colunas (esperado: 70)
⚠️ Linha 5719 tem 2 colunas (esperado: 70)
⚠️ Linha 5720 tem 24 colunas (esperado: 70)
⚠️ Linha 5722 tem 46 colunas (esperado: 70)
⚠️ Linha 5724 tem 1 colunas (esperado: 70)
⚠️ Linha 5725 tem 47 colunas (esperado: 70)
⚠️ Linha 5726 tem 24 colunas (esperado: 70)
⚠️ Linha 5728 tem 46 colunas (esperado: 70)
⚠️ Linha 5729 tem 2 colunas (esperado: 70)
⚠️ Linha 5730 tem 24 colunas (esperado: 70)
⚠️ Linha 5731 tem 46 colunas (esperado: 70)
⚠️ Linha 5732 tem 1 colunas (esperado: 70)
⚠️ Linha 5733 tem 1 colunas (esperado: 70)
⚠️ Linha 5734 tem 24 colunas (esperado: 70)
⚠️ Linha 5735 tem 46 colunas (esperado: 70)
⚠️ Linha 5736 tem 25 colunas (esperado: 70)
⚠️ Linha 5737 tem 46 colunas (esperado: 70)
⚠️ Linha 5738 tem 2 colunas (esperado: 70)
⚠️ Linha 5739 tem 1 colunas (esperado: 70)
⚠️ Linha 5740 tem 1 colunas (esperado: 70)
⚠️ Linha 5741 tem 46 colunas (esperado: 70)
⚠️ Linha 5742 tem 2 colunas (esperado: 70)
⚠️ Linha 5743 tem 24 colunas (esperado: 70)
⚠️ Linha 5746 tem 47 colunas (esperado: 70)
⚠️ Linha 5747 tem 24 colunas (esperado: 70)
⚠️ Linha 5750 tem 46 colunas (esperado: 70)
⚠️ Linha 5751 tem 2 colunas (esperado: 70)
⚠️ Linha 5752 tem 24 colunas (esperado: 70)
⚠️ Linha 5753 tem 46 colunas (esperado: 70)
⚠️ Linha 5754 tem 2 colunas (esperado: 70)
⚠️ Linha 5755 tem 24 colunas (esperado: 70)
⚠️ Linha 5757 tem 46 colunas (esperado: 70)
⚠️ Linha 5758 tem 2 colunas (esperado: 70)
⚠️ Linha 5759 tem 24 colunas (esperado: 70)
⚠️ Linha 5760 tem 46 colunas (esperado: 70)
⚠️ Linha 5761 tem 2 colunas (esperado: 70)
⚠️ Linha 5762 tem 24 colunas (esperado: 70)
⚠️ Linha 5763 tem 46 colunas (esperado: 70)
⚠️ Linha 5764 tem 2 colunas (esperado: 70)
⚠️ Linha 5765 tem 24 colunas (esperado: 70)
⚠️ Linha 5767 tem 13 colunas (esperado: 70)
⚠️ Linha 5768 tem 58 colunas (esperado: 70)
⚠️ Linha 5770 tem 46 colunas (esperado: 70)
⚠️ Linha 5771 tem 1 colunas (esperado: 70)
⚠️ Linha 5919 tem 46 colunas (esperado: 70)
⚠️ Linha 5920 tem 2 colunas (esperado: 70)
⚠️ Linha 5921 tem 24 colunas (esperado: 70)
⚠️ Linha 5931 tem 46 colunas (esperado: 70)
⚠️ Linha 5932 tem 2 colunas (esperado: 70)
⚠️ Linha 5933 tem 24 colunas (esperado: 70)
⚠️ Linha 5938 tem 46 colunas (esperado: 70)
⚠️ Linha 5939 tem 2 colunas (esperado: 70)
⚠️ Linha 5940 tem 24 colunas (esperado: 70)
⚠️ Linha 5942 tem 46 colunas (esperado: 70)
⚠️ Linha 5943 tem 2 colunas (esperado: 70)
⚠️ Linha 5944 tem 24 colunas (esperado: 70)
⚠️ Linha 5959 tem 46 colunas (esperado: 70)
⚠️ Linha 5960 tem 2 colunas (esperado: 70)
⚠️ Linha 5961 tem 24 colunas (esperado: 70)
⚠️ Linha 5964 tem 46 colunas (esperado: 70)
⚠️ Linha 5965 tem 2 colunas (esperado: 70)
⚠️ Linha 5966 tem 24 colunas (esperado: 70)
⚠️ Linha 5967 tem 46 colunas (esperado: 70)
⚠️ Linha 5968 tem 2 colunas (esperado: 70)
⚠️ Linha 5969 tem 25 colunas (esperado: 70)
⚠️ Linha 5971 tem 46 colunas (esperado: 70)
⚠️ Linha 5972 tem 2 colunas (esperado: 70)
⚠️ Linha 5973 tem 24 colunas (esperado: 70)
⚠️ Linha 5974 tem 46 colunas (esperado: 70)
⚠️ Linha 5975 tem 2 colunas (esperado: 70)
⚠️ Linha 5976 tem 24 colunas (esperado: 70)
⚠️ Linha 5977 tem 46 colunas (esperado: 70)
⚠️ Linha 5978 tem 1 colunas (esperado: 70)
⚠️ Linha 5979 tem 2 colunas (esperado: 70)
⚠️ Linha 5980 tem 1 colunas (esperado: 70)
⚠️ Linha 5981 tem 24 colunas (esperado: 70)
⚠️ Linha 5985 tem 46 colunas (esperado: 70)
⚠️ Linha 5986 tem 2 colunas (esperado: 70)
⚠️ Linha 5987 tem 24 colunas (esperado: 70)
⚠️ Linha 5988 tem 46 colunas (esperado: 70)
⚠️ Linha 5989 tem 1 colunas (esperado: 70)
⚠️ Linha 5990 tem 2 colunas (esperado: 70)
⚠️ Linha 5991 tem 1 colunas (esperado: 70)
⚠️ Linha 5992 tem 24 colunas (esperado: 70)
⚠️ Linha 5993 tem 46 colunas (esperado: 70)
⚠️ Linha 5994 tem 2 colunas (esperado: 70)
⚠️ Linha 5995 tem 24 colunas (esperado: 70)
⚠️ Linha 5996 tem 46 colunas (esperado: 70)
⚠️ Linha 5997 tem 2 colunas (esperado: 70)
⚠️ Linha 5998 tem 24 colunas (esperado: 70)
⚠️ Linha 5999 tem 46 colunas (esperado: 70)
⚠️ Linha 6000 tem 2 colunas (esperado: 70)
⚠️ Linha 6001 tem 24 colunas (esperado: 70)
⚠️ Linha 6006 tem 46 colunas (esperado: 70)
⚠️ Linha 6007 tem 2 colunas (esperado: 70)
⚠️ Linha 6008 tem 24 colunas (esperado: 70)
⚠️ Linha 6010 tem 46 colunas (esperado: 70)
⚠️ Linha 6011 tem 2 colunas (esperado: 70)
⚠️ Linha 6012 tem 24 colunas (esperado: 70)
⚠️ Linha 6019 tem 46 colunas (esperado: 70)
⚠️ Linha 6020 tem 2 colunas (esperado: 70)
⚠️ Linha 6021 tem 24 colunas (esperado: 70)
⚠️ Linha 6046 tem 47 colunas (esperado: 70)
⚠️ Linha 6047 tem 24 colunas (esperado: 70)
⚠️ Linha 6228 tem 46 colunas (esperado: 70)
⚠️ Linha 6229 tem 1 colunas (esperado: 70)
⚠️ Linha 6273 tem 47 colunas (esperado: 70)
⚠️ Linha 6274 tem 24 colunas (esperado: 70)
⚠️ Linha 6316 tem 47 colunas (esperado: 70)
⚠️ Linha 6317 tem 24 colunas (esperado: 70)
⚠️ Linha 6324 tem 47 colunas (esperado: 70)
⚠️ Linha 6325 tem 24 colunas (esperado: 70)
⚠️ Linha 6326 tem 47 colunas (esperado: 70)
⚠️ Linha 6327 tem 24 colunas (esperado: 70)
⚠️ Linha 6328 tem 47 colunas (esperado: 70)
⚠️ Linha 6329 tem 24 colunas (esperado: 70)
⚠️ Linha 6363 tem 47 colunas (esperado: 70)
⚠️ Linha 6364 tem 25 colunas (esperado: 70)
⚠️ Linha 6538 tem 47 colunas (esperado: 70)
⚠️ Linha 6539 tem 24 colunas (esperado: 70)
⚠️ Linha 6553 tem 47 colunas (esperado: 70)
⚠️ Linha 6554 tem 24 colunas (esperado: 70)
⚠️ Linha 6581 tem 47 colunas (esperado: 70)
⚠️ Linha 6582 tem 25 colunas (esperado: 70)
⚠️ Linha 6596 tem 46 colunas (esperado: 70)
⚠️ Linha 6597 tem 2 colunas (esperado: 70)
⚠️ Linha 6598 tem 24 colunas (esperado: 70)
⚠️ Linha 6652 tem 47 colunas (esperado: 70)
⚠️ Linha 6653 tem 24 colunas (esperado: 70)
⚠️ Linha 6665 tem 13 colunas (esperado: 70)
⚠️ Linha 6667 tem 2 colunas (esperado: 70)
⚠️ Linha 6669 tem 58 colunas (esperado: 70)
⚠️ Linha 6747 tem 13 colunas (esperado: 70)
⚠️ Linha 6749 tem 1 colunas (esperado: 70)
⚠️ Linha 6750 tem 58 colunas (esperado: 70)
⚠️ Linha 6789 tem 47 colunas (esperado: 70)
⚠️ Linha 6790 tem 24 colunas (esperado: 70)
⚠️ Linha 6843 tem 47 colunas (esperado: 70)
⚠️ Linha 6844 tem 24 colunas (esperado: 70)
⚠️ Linha 6859 tem 47 colunas (esperado: 70)
⚠️ Linha 6860 tem 24 colunas (esperado: 70)
⚠️ Linha 6878 tem 13 colunas (esperado: 70)
⚠️ Linha 6880 tem 1 colunas (esperado: 70)
⚠️ Linha 6881 tem 58 colunas (esperado: 70)
⚠️ Linha 6908 tem 46 colunas (esperado: 70)
⚠️ Linha 6909 tem 2 colunas (esperado: 70)
⚠️ Linha 6910 tem 24 colunas (esperado: 70)
⚠️ Linha 6979 tem 46 colunas (esperado: 70)
⚠️ Linha 6980 tem 25 colunas (esperado: 70)
⚠️ Linha 7205 tem 46 colunas (esperado: 70)
⚠️ Linha 7206 tem 1 colunas (esperado: 70)
⚠️ Linha 7207 tem 2 colunas (esperado: 70)
⚠️ Linha 7208 tem 24 colunas (esperado: 70)
⚠️ Linha 7220 tem 46 colunas (esperado: 70)
⚠️ Linha 7221 tem 25 colunas (esperado: 70)
⚠️ Linha 7231 tem 46 colunas (esperado: 70)
⚠️ Linha 7232 tem 2 colunas (esperado: 70)
⚠️ Linha 7233 tem 24 colunas (esperado: 70)
⚠️ Linha 7289 tem 46 colunas (esperado: 70)
⚠️ Linha 7290 tem 25 colunas (esperado: 70)
⚠️ Linha 7327 tem 47 colunas (esperado: 70)
⚠️ Linha 7328 tem 24 colunas (esperado: 70)
⚠️ Linha 7381 tem 47 colunas (esperado: 70)
⚠️ Linha 7382 tem 24 colunas (esperado: 70)
⚠️ Linha 7483 tem 47 colunas (esperado: 70)
⚠️ Linha 7484 tem 25 colunas (esperado: 70)
⚠️ Linha 7496 tem 46 colunas (esperado: 70)
⚠️ Linha 7497 tem 25 colunas (esperado: 70)
⚠️ Linha 7663 tem 47 colunas (esperado: 70)
⚠️ Linha 7664 tem 24 colunas (esperado: 70)
⚠️ Linha 7803 tem 47 colunas (esperado: 70)
⚠️ Linha 7804 tem 24 colunas (esperado: 70)
⚠️ Linha 8161 tem 46 colunas (esperado: 70)
⚠️ Linha 8162 tem 2 colunas (esperado: 70)
⚠️ Linha 8163 tem 24 colunas (esperado: 70)
⚠️ Linha 8193 tem 46 colunas (esperado: 70)
⚠️ Linha 8194 tem 2 colunas (esperado: 70)
⚠️ Linha 8195 tem 24 colunas (esperado: 70)
⚠️ Linha 8246 tem 46 colunas (esperado: 70)
⚠️ Linha 8247 tem 2 colunas (esperado: 70)
⚠️ Linha 8248 tem 24 colunas (esperado: 70)
⚠️ Linha 8295 tem 13 colunas (esperado: 70)
⚠️ Linha 8296 tem 58 colunas (esperado: 70)
⚠️ Linha 8582 tem 46 colunas (esperado: 70)
⚠️ Linha 8583 tem 2 colunas (esperado: 70)
⚠️ Linha 8584 tem 24 colunas (esperado: 70)
⚠️ Linha 8626 tem 46 colunas (esperado: 70)
⚠️ Linha 8627 tem 2 colunas (esperado: 70)
⚠️ Linha 8628 tem 24 colunas (esperado: 70)
⚠️ Linha 8631 tem 46 colunas (esperado: 70)
⚠️ Linha 8632 tem 2 colunas (esperado: 70)
⚠️ Linha 8633 tem 1 colunas (esperado: 70)
⚠️ Linha 8634 tem 24 colunas (esperado: 70)
⚠️ Linha 8639 tem 46 colunas (esperado: 70)
⚠️ Linha 8640 tem 2 colunas (esperado: 70)
⚠️ Linha 8641 tem 24 colunas (esperado: 70)
⚠️ Linha 8651 tem 47 colunas (esperado: 70)
⚠️ Linha 8652 tem 24 colunas (esperado: 70)
⚠️ Linha 8712 tem 47 colunas (esperado: 70)
⚠️ Linha 8713 tem 24 colunas (esperado: 70)
⚠️ Linha 8744 tem 46 colunas (esperado: 70)
⚠️ Linha 8745 tem 2 colunas (esperado: 70)
⚠️ Linha 8746 tem 24 colunas (esperado: 70)
⚠️ Linha 8757 tem 47 colunas (esperado: 70)
⚠️ Linha 8758 tem 24 colunas (esperado: 70)
⚠️ Linha 9000 tem 46 colunas (esperado: 70)
⚠️ Linha 9001 tem 25 colunas (esperado: 70)
⚠️ Linha 9111 tem 46 colunas (esperado: 70)
⚠️ Linha 9112 tem 2 colunas (esperado: 70)
⚠️ Linha 9113 tem 24 colunas (esperado: 70)
⚠️ Linha 9461 tem 47 colunas (esperado: 70)
⚠️ Linha 9462 tem 1 colunas (esperado: 70)
⚠️ Linha 9463 tem 24 colunas (esperado: 70)
⚠️ Linha 9946 tem 46 colunas (esperado: 70)
⚠️ Linha 9947 tem 25 colunas (esperado: 70)
⚠️ Linha 10057 tem 47 colunas (esperado: 70)
⚠️ Linha 10058 tem 24 colunas (esperado: 70)
⚠️ Linha 10077 tem 46 colunas (esperado: 70)
⚠️ Linha 10078 tem 25 colunas (esperado: 70)
⚠️ Linha 10152 tem 46 colunas (esperado: 70)
⚠️ Linha 10153 tem 2 colunas (esperado: 70)
⚠️ Linha 10154 tem 24 colunas (esperado: 70)
⚠️ Linha 10202 tem 47 colunas (esperado: 70)
⚠️ Linha 10203 tem 24 colunas (esperado: 70)
⚠️ Linha 10237 tem 47 colunas (esperado: 70)
⚠️ Linha 10238 tem 24 colunas (esperado: 70)
⚠️ Linha 10259 tem 47 colunas (esperado: 70)
⚠️ Linha 10260 tem 24 colunas (esperado: 70)
⚠️ Linha 10303 tem 46 colunas (esperado: 70)
⚠️ Linha 10304 tem 2 colunas (esperado: 70)
⚠️ Linha 10305 tem 24 colunas (esperado: 70)
⚠️ Linha 10320 tem 47 colunas (esperado: 70)
⚠️ Linha 10321 tem 24 colunas (esperado: 70)
⚠️ Linha 10331 tem 47 colunas (esperado: 70)
⚠️ Linha 10332 tem 24 colunas (esperado: 70)
⚠️ Linha 10427 tem 46 colunas (esperado: 70)
⚠️ Linha 10428 tem 2 colunas (esperado: 70)
⚠️ Linha 10429 tem 1 colunas (esperado: 70)
⚠️ Linha 10430 tem 24 colunas (esperado: 70)
⚠️ Linha 10487 tem 47 colunas (esperado: 70)
⚠️ Linha 10488 tem 24 colunas (esperado: 70)
⚠️ Linha 10622 tem 47 colunas (esperado: 70)
⚠️ Linha 10623 tem 24 colunas (esperado: 70)
⚠️ Linha 10723 tem 46 colunas (esperado: 70)
⚠️ Linha 10724 tem 25 colunas (esperado: 70)
⚠️ Linha 10772 tem 46 colunas (esperado: 70)
⚠️ Linha 10773 tem 2 colunas (esperado: 70)
⚠️ Linha 10774 tem 24 colunas (esperado: 70)
⚠️ Linha 10803 tem 13 colunas (esperado: 70)
⚠️ Linha 10804 tem 46 colunas (esperado: 70)
⚠️ Linha 10922 tem 46 colunas (esperado: 70)
⚠️ Linha 10923 tem 25 colunas (esperado: 70)
⚠️ Linha 10935 tem 47 colunas (esperado: 70)
⚠️ Linha 10936 tem 24 colunas (esperado: 70)
⚠️ Linha 10953 tem 46 colunas (esperado: 70)
⚠️ Linha 10954 tem 25 colunas (esperado: 70)
⚠️ Linha 11025 tem 46 colunas (esperado: 70)
⚠️ Linha 11026 tem 25 colunas (esperado: 70)
⚠️ Linha 11102 tem 13 colunas (esperado: 70)
⚠️ Linha 11103 tem 58 colunas (esperado: 70)
⚠️ Linha 11169 tem 46 colunas (esperado: 70)
⚠️ Linha 11170 tem 2 colunas (esperado: 70)
⚠️ Linha 11171 tem 24 colunas (esperado: 70)
⚠️ Linha 11172 tem 46 colunas (esperado: 70)
⚠️ Linha 11173 tem 2 colunas (esperado: 70)
⚠️ Linha 11174 tem 24 colunas (esperado: 70)
⚠️ Linha 11178 tem 46 colunas (esperado: 70)
⚠️ Linha 11179 tem 2 colunas (esperado: 70)
⚠️ Linha 11180 tem 24 colunas (esperado: 70)
⚠️ Linha 11183 tem 46 colunas (esperado: 70)
⚠️ Linha 11184 tem 2 colunas (esperado: 70)
⚠️ Linha 11185 tem 24 colunas (esperado: 70)
⚠️ Linha 11203 tem 47 colunas (esperado: 70)
⚠️ Linha 11204 tem 1 colunas (esperado: 70)
⚠️ Linha 11205 tem 24 colunas (esperado: 70)
⚠️ Linha 11281 tem 47 colunas (esperado: 70)
⚠️ Linha 11282 tem 24 colunas (esperado: 70)
⚠️ Linha 11359 tem 47 colunas (esperado: 70)
⚠️ Linha 11360 tem 24 colunas (esperado: 70)
⚠️ Linha 11389 tem 46 colunas (esperado: 70)
⚠️ Linha 11390 tem 1 colunas (esperado: 70)
⚠️ Linha 11391 tem 2 colunas (esperado: 70)
⚠️ Linha 11392 tem 1 colunas (esperado: 70)
⚠️ Linha 11393 tem 24 colunas (esperado: 70)
⚠️ Linha 11507 tem 46 colunas (esperado: 70)
⚠️ Linha 11508 tem 2 colunas (esperado: 70)
⚠️ Linha 11509 tem 24 colunas (esperado: 70)
⚠️ Linha 11535 tem 46 colunas (esperado: 70)
⚠️ Linha 11536 tem 2 colunas (esperado: 70)
⚠️ Linha 11537 tem 24 colunas (esperado: 70)
⚠️ Linha 11542 tem 47 colunas (esperado: 70)
⚠️ Linha 11543 tem 24 colunas (esperado: 70)
⚠️ Linha 11555 tem 47 colunas (esperado: 70)
⚠️ Linha 11556 tem 1 colunas (esperado: 70)
⚠️ Linha 11557 tem 24 colunas (esperado: 70)
⚠️ Linha 11567 tem 46 colunas (esperado: 70)
⚠️ Linha 11568 tem 2 colunas (esperado: 70)
⚠️ Linha 11569 tem 24 colunas (esperado: 70)
⚠️ Linha 11613 tem 47 colunas (esperado: 70)
⚠️ Linha 11614 tem 24 colunas (esperado: 70)
⚠️ Linha 11628 tem 46 colunas (esperado: 70)
⚠️ Linha 11629 tem 2 colunas (esperado: 70)
⚠️ Linha 11630 tem 24 colunas (esperado: 70)
⚠️ Linha 11671 tem 46 colunas (esperado: 70)
⚠️ Linha 11672 tem 2 colunas (esperado: 70)
⚠️ Linha 11673 tem 24 colunas (esperado: 70)
⚠️ Linha 11716 tem 47 colunas (esperado: 70)
⚠️ Linha 11717 tem 1 colunas (esperado: 70)
⚠️ Linha 11758 tem 46 colunas (esperado: 70)
⚠️ Linha 11759 tem 2 colunas (esperado: 70)
⚠️ Linha 11760 tem 24 colunas (esperado: 70)
⚠️ Linha 11786 tem 47 colunas (esperado: 70)
⚠️ Linha 11787 tem 24 colunas (esperado: 70)
⚠️ Linha 11796 tem 46 colunas (esperado: 70)
⚠️ Linha 11797 tem 1 colunas (esperado: 70)
⚠️ Linha 11798 tem 2 colunas (esperado: 70)
⚠️ Linha 11799 tem 24 colunas (esperado: 70)
⚠️ Linha 11959 tem 46 colunas (esperado: 70)
⚠️ Linha 11960 tem 2 colunas (esperado: 70)
⚠️ Linha 11961 tem 24 colunas (esperado: 70)
⚠️ Linha 12215 tem 46 colunas (esperado: 70)
⚠️ Linha 12216 tem 2 colunas (esperado: 70)
⚠️ Linha 12217 tem 24 colunas (esperado: 70)
⚠️ Linha 12292 tem 46 colunas (esperado: 70)
⚠️ Linha 12293 tem 2 colunas (esperado: 70)
⚠️ Linha 12294 tem 24 colunas (esperado: 70)
⚠️ Linha 12417 tem 46 colunas (esperado: 70)
⚠️ Linha 12418 tem 25 colunas (esperado: 70)
⚠️ Linha 12486 tem 46 colunas (esperado: 70)
⚠️ Linha 12487 tem 2 colunas (esperado: 70)
⚠️ Linha 12488 tem 24 colunas (esperado: 70)
⚠️ Linha 12507 tem 46 colunas (esperado: 70)
⚠️ Linha 12508 tem 29 colunas (esperado: 70)
⚠️ Linha 12582 tem 46 colunas (esperado: 70)
⚠️ Linha 12583 tem 2 colunas (esperado: 70)
⚠️ Linha 12584 tem 24 colunas (esperado: 70)
⚠️ Linha 12614 tem 46 colunas (esperado: 70)
⚠️ Linha 12615 tem 1 colunas (esperado: 70)
⚠️ Linha 12616 tem 27 colunas (esperado: 70)
⚠️ Linha 12641 tem 46 colunas (esperado: 70)
⚠️ Linha 12642 tem 2 colunas (esperado: 70)
⚠️ Linha 12643 tem 24 colunas (esperado: 70)
⚠️ Linha 12670 tem 46 colunas (esperado: 70)
⚠️ Linha 12671 tem 2 colunas (esperado: 70)
⚠️ Linha 12672 tem 24 colunas (esperado: 70)
⚠️ Linha 12774 tem 47 colunas (esperado: 70)
⚠️ Linha 12775 tem 24 colunas (esperado: 70)
⚠️ Linha 12777 tem 46 colunas (esperado: 70)
⚠️ Linha 12778 tem 2 colunas (esperado: 70)
⚠️ Linha 12779 tem 24 colunas (esperado: 70)
⚠️ Linha 12798 tem 46 colunas (esperado: 70)
⚠️ Linha 12799 tem 25 colunas (esperado: 70)
⚠️ Linha 12891 tem 46 colunas (esperado: 70)
⚠️ Linha 12892 tem 1 colunas (esperado: 70)
⚠️ Linha 12897 tem 47 colunas (esperado: 70)
⚠️ Linha 12898 tem 24 colunas (esperado: 70)
⚠️ Linha 12924 tem 13 colunas (esperado: 70)
⚠️ Linha 12925 tem 56 colunas (esperado: 70)
⚠️ Linha 12998 tem 46 colunas (esperado: 70)
⚠️ Linha 12999 tem 2 colunas (esperado: 70)
⚠️ Linha 13000 tem 24 colunas (esperado: 70)
⚠️ Linha 13218 tem 46 colunas (esperado: 70)
⚠️ Linha 13219 tem 1 colunas (esperado: 70)
⚠️ Linha 13220 tem 25 colunas (esperado: 70)
⚠️ Linha 13222 tem 46 colunas (esperado: 70)
⚠️ Linha 13223 tem 1 colunas (esperado: 70)
⚠️ Linha 13224 tem 25 colunas (esperado: 70)
⚠️ Linha 13225 tem 46 colunas (esperado: 70)
⚠️ Linha 13226 tem 25 colunas (esperado: 70)
⚠️ Linha 13227 tem 46 colunas (esperado: 70)
⚠️ Linha 13228 tem 25 colunas (esperado: 70)
⚠️ Linha 13236 tem 47 colunas (esperado: 70)
⚠️ Linha 13237 tem 1 colunas (esperado: 70)
⚠️ Linha 13276 tem 46 colunas (esperado: 70)
⚠️ Linha 13277 tem 2 colunas (esperado: 70)
⚠️ Linha 13278 tem 24 colunas (esperado: 70)
⚠️ Linha 13280 tem 46 colunas (esperado: 70)
⚠️ Linha 13281 tem 2 colunas (esperado: 70)
⚠️ Linha 13282 tem 24 colunas (esperado: 70)
⚠️ Linha 13328 tem 46 colunas (esperado: 70)
⚠️ Linha 13329 tem 25 colunas (esperado: 70)
⚠️ Linha 13338 tem 46 colunas (esperado: 70)
⚠️ Linha 13339 tem 2 colunas (esperado: 70)
⚠️ Linha 13340 tem 24 colunas (esperado: 70)
⚠️ Linha 13354 tem 46 colunas (esperado: 70)
⚠️ Linha 13355 tem 25 colunas (esperado: 70)
⚠️ Linha 13384 tem 46 colunas (esperado: 70)
⚠️ Linha 13385 tem 2 colunas (esperado: 70)
⚠️ Linha 13386 tem 24 colunas (esperado: 70)
⚠️ Linha 13413 tem 46 colunas (esperado: 70)
⚠️ Linha 13414 tem 2 colunas (esperado: 70)
⚠️ Linha 13415 tem 24 colunas (esperado: 70)
⚠️ Linha 13418 tem 46 colunas (esperado: 70)
⚠️ Linha 13419 tem 2 colunas (esperado: 70)
⚠️ Linha 13420 tem 24 colunas (esperado: 70)
⚠️ Linha 13527 tem 47 colunas (esperado: 70)
⚠️ Linha 13528 tem 24 colunas (esperado: 70)
⚠️ Linha 13617 tem 46 colunas (esperado: 70)
⚠️ Linha 13618 tem 2 colunas (esperado: 70)
⚠️ Linha 13619 tem 24 colunas (esperado: 70)
⚠️ Linha 13627 tem 46 colunas (esperado: 70)
⚠️ Linha 13628 tem 1 colunas (esperado: 70)
⚠️ Linha 13629 tem 25 colunas (esperado: 70)
⚠️ Linha 13636 tem 46 colunas (esperado: 70)
⚠️ Linha 13637 tem 2 colunas (esperado: 70)
⚠️ Linha 13638 tem 24 colunas (esperado: 70)
⚠️ Linha 13653 tem 46 colunas (esperado: 70)
⚠️ Linha 13654 tem 2 colunas (esperado: 70)
⚠️ Linha 13655 tem 24 colunas (esperado: 70)
⚠️ Linha 13688 tem 46 colunas (esperado: 70)
⚠️ Linha 13689 tem 2 colunas (esperado: 70)
⚠️ Linha 13690 tem 24 colunas (esperado: 70)
⚠️ Linha 13768 tem 46 colunas (esperado: 70)
⚠️ Linha 13769 tem 25 colunas (esperado: 70)
⚠️ Linha 13770 tem 46 colunas (esperado: 70)
⚠️ Linha 13771 tem 25 colunas (esperado: 70)
⚠️ Linha 13779 tem 47 colunas (esperado: 70)
⚠️ Linha 13780 tem 24 colunas (esperado: 70)
⚠️ Linha 13783 tem 47 colunas (esperado: 70)
⚠️ Linha 13784 tem 24 colunas (esperado: 70)
⚠️ Linha 13785 tem 46 colunas (esperado: 70)
⚠️ Linha 13786 tem 25 colunas (esperado: 70)
⚠️ Linha 13798 tem 46 colunas (esperado: 70)
⚠️ Linha 13799 tem 25 colunas (esperado: 70)
⚠️ Linha 13879 tem 46 colunas (esperado: 70)
⚠️ Linha 13880 tem 25 colunas (esperado: 70)
⚠️ Linha 13882 tem 46 colunas (esperado: 70)
⚠️ Linha 13883 tem 1 colunas (esperado: 70)
⚠️ Linha 13889 tem 46 colunas (esperado: 70)
⚠️ Linha 13890 tem 26 colunas (esperado: 70)
⚠️ Linha 13906 tem 46 colunas (esperado: 70)
⚠️ Linha 13907 tem 25 colunas (esperado: 70)
⚠️ Linha 13956 tem 46 colunas (esperado: 70)
⚠️ Linha 13957 tem 2 colunas (esperado: 70)
⚠️ Linha 13958 tem 24 colunas (esperado: 70)
⚠️ Linha 14008 tem 46 colunas (esperado: 70)
⚠️ Linha 14009 tem 2 colunas (esperado: 70)
⚠️ Linha 14010 tem 24 colunas (esperado: 70)
⚠️ Linha 14011 tem 46 colunas (esperado: 70)
⚠️ Linha 14012 tem 2 colunas (esperado: 70)
⚠️ Linha 14013 tem 24 colunas (esperado: 70)
⚠️ Linha 14037 tem 46 colunas (esperado: 70)
⚠️ Linha 14038 tem 2 colunas (esperado: 70)
⚠️ Linha 14039 tem 1 colunas (esperado: 70)
⚠️ Linha 14040 tem 1 colunas (esperado: 70)
⚠️ Linha 14062 tem 46 colunas (esperado: 70)
⚠️ Linha 14063 tem 1 colunas (esperado: 70)
⚠️ Linha 14064 tem 2 colunas (esperado: 70)
⚠️ Linha 14065 tem 24 colunas (esperado: 70)
⚠️ Linha 14117 tem 46 colunas (esperado: 70)
⚠️ Linha 14118 tem 2 colunas (esperado: 70)
⚠️ Linha 14121 tem 13 colunas (esperado: 70)
⚠️ Linha 14164 tem 46 colunas (esperado: 70)
⚠️ Linha 14165 tem 25 colunas (esperado: 70)
⚠️ Linha 14169 tem 46 colunas (esperado: 70)
⚠️ Linha 14170 tem 2 colunas (esperado: 70)
⚠️ Linha 14171 tem 24 colunas (esperado: 70)
⚠️ Linha 14274 tem 46 colunas (esperado: 70)
⚠️ Linha 14275 tem 1 colunas (esperado: 70)
⚠️ Linha 14276 tem 1 colunas (esperado: 70)
⚠️ Linha 14277 tem 2 colunas (esperado: 70)
⚠️ Linha 14278 tem 1 colunas (esperado: 70)
⚠️ Linha 14279 tem 1 colunas (esperado: 70)
⚠️ Linha 14280 tem 24 colunas (esperado: 70)
⚠️ Linha 14305 tem 46 colunas (esperado: 70)
⚠️ Linha 14306 tem 2 colunas (esperado: 70)
⚠️ Linha 14307 tem 24 colunas (esperado: 70)
⚠️ Linha 14322 tem 46 colunas (esperado: 70)
⚠️ Linha 14323 tem 2 colunas (esperado: 70)
⚠️ Linha 14324 tem 24 colunas (esperado: 70)
⚠️ Linha 14329 tem 46 colunas (esperado: 70)
⚠️ Linha 14330 tem 2 colunas (esperado: 70)
⚠️ Linha 14331 tem 24 colunas (esperado: 70)
⚠️ Linha 14362 tem 46 colunas (esperado: 70)
⚠️ Linha 14363 tem 1 colunas (esperado: 70)
⚠️ Linha 14364 tem 2 colunas (esperado: 70)
⚠️ Linha 14365 tem 1 colunas (esperado: 70)
⚠️ Linha 14366 tem 1 colunas (esperado: 70)
⚠️ Linha 14367 tem 1 colunas (esperado: 70)
⚠️ Linha 14368 tem 46 colunas (esperado: 70)
⚠️ Linha 14369 tem 1 colunas (esperado: 70)
⚠️ Linha 14370 tem 2 colunas (esperado: 70)
⚠️ Linha 14371 tem 1 colunas (esperado: 70)
⚠️ Linha 14372 tem 24 colunas (esperado: 70)
⚠️ Linha 14375 tem 46 colunas (esperado: 70)
⚠️ Linha 14376 tem 2 colunas (esperado: 70)
⚠️ Linha 14377 tem 24 colunas (esperado: 70)
⚠️ Linha 14378 tem 46 colunas (esperado: 70)
⚠️ Linha 14379 tem 2 colunas (esperado: 70)
⚠️ Linha 14380 tem 1 colunas (esperado: 70)
⚠️ Linha 14381 tem 1 colunas (esperado: 70)
⚠️ Linha 14382 tem 1 colunas (esperado: 70)
⚠️ Linha 14383 tem 24 colunas (esperado: 70)
⚠️ Linha 14384 tem 46 colunas (esperado: 70)
⚠️ Linha 14385 tem 1 colunas (esperado: 70)
⚠️ Linha 14386 tem 2 colunas (esperado: 70)
⚠️ Linha 14387 tem 24 colunas (esperado: 70)
⚠️ Linha 14388 tem 46 colunas (esperado: 70)
⚠️ Linha 14389 tem 2 colunas (esperado: 70)
⚠️ Linha 14390 tem 24 colunas (esperado: 70)
⚠️ Linha 14414 tem 46 colunas (esperado: 70)
⚠️ Linha 14415 tem 2 colunas (esperado: 70)
⚠️ Linha 14416 tem 24 colunas (esperado: 70)
⚠️ Linha 14418 tem 46 colunas (esperado: 70)
⚠️ Linha 14419 tem 25 colunas (esperado: 70)
⚠️ Linha 14485 tem 46 colunas (esperado: 70)
⚠️ Linha 14486 tem 2 colunas (esperado: 70)
⚠️ Linha 14487 tem 24 colunas (esperado: 70)
⚠️ Linha 14495 tem 46 colunas (esperado: 70)
⚠️ Linha 14496 tem 25 colunas (esperado: 70)
⚠️ Linha 14502 tem 46 colunas (esperado: 70)
⚠️ Linha 14503 tem 13 colunas (esperado: 70)
⚠️ Linha 14538 tem 46 colunas (esperado: 70)
⚠️ Linha 14539 tem 2 colunas (esperado: 70)
⚠️ Linha 14540 tem 24 colunas (esperado: 70)
⚠️ Linha 14586 tem 46 colunas (esperado: 70)
⚠️ Linha 14587 tem 25 colunas (esperado: 70)
⚠️ Linha 14687 tem 46 colunas (esperado: 70)
⚠️ Linha 14688 tem 2 colunas (esperado: 70)
⚠️ Linha 14689 tem 24 colunas (esperado: 70)
⚠️ Linha 14799 tem 47 colunas (esperado: 70)
⚠️ Linha 14800 tem 24 colunas (esperado: 70)
⚠️ Linha 14848 tem 46 colunas (esperado: 70)
⚠️ Linha 14849 tem 25 colunas (esperado: 70)
⚠️ Linha 14988 tem 46 colunas (esperado: 70)
⚠️ Linha 14989 tem 2 colunas (esperado: 70)
⚠️ Linha 14990 tem 24 colunas (esperado: 70)
⚠️ Linha 15073 tem 46 colunas (esperado: 70)
⚠️ Linha 15074 tem 25 colunas (esperado: 70)
⚠️ Linha 15140 tem 46 colunas (esperado: 70)
⚠️ Linha 15141 tem 2 colunas (esperado: 70)
⚠️ Linha 15142 tem 24 colunas (esperado: 70)
⚠️ Linha 15171 tem 46 colunas (esperado: 70)
⚠️ Linha 15172 tem 2 colunas (esperado: 70)
⚠️ Linha 15173 tem 24 colunas (esperado: 70)
⚠️ Linha 15230 tem 47 colunas (esperado: 70)
⚠️ Linha 15231 tem 24 colunas (esperado: 70)
⚠️ Linha 15272 tem 46 colunas (esperado: 70)
⚠️ Linha 15273 tem 25 colunas (esperado: 70)
⚠️ Linha 15287 tem 47 colunas (esperado: 70)
⚠️ Linha 15288 tem 24 colunas (esperado: 70)
⚠️ Linha 15294 tem 46 colunas (esperado: 70)
⚠️ Linha 15295 tem 25 colunas (esperado: 70)
⚠️ Linha 15296 tem 46 colunas (esperado: 70)
⚠️ Linha 15297 tem 25 colunas (esperado: 70)
⚠️ Linha 15320 tem 46 colunas (esperado: 70)
⚠️ Linha 15321 tem 2 colunas (esperado: 70)
⚠️ Linha 15322 tem 24 colunas (esperado: 70)
⚠️ Linha 15400 tem 46 colunas (esperado: 70)
⚠️ Linha 15401 tem 25 colunas (esperado: 70)
⚠️ Linha 15480 tem 46 colunas (esperado: 70)
⚠️ Linha 15481 tem 25 colunas (esperado: 70)
⚠️ Linha 15613 tem 46 colunas (esperado: 70)
⚠️ Linha 15614 tem 25 colunas (esperado: 70)
⚠️ Linha 15680 tem 46 colunas (esperado: 70)
⚠️ Linha 15681 tem 2 colunas (esperado: 70)
⚠️ Linha 15682 tem 24 colunas (esperado: 70)
⚠️ Linha 15687 tem 46 colunas (esperado: 70)
⚠️ Linha 15688 tem 2 colunas (esperado: 70)
⚠️ Linha 15689 tem 24 colunas (esperado: 70)
⚠️ Linha 15700 tem 46 colunas (esperado: 70)
⚠️ Linha 15701 tem 2 colunas (esperado: 70)
⚠️ Linha 15702 tem 24 colunas (esperado: 70)
⚠️ Linha 15718 tem 46 colunas (esperado: 70)
⚠️ Linha 15719 tem 2 colunas (esperado: 70)
⚠️ Linha 15720 tem 24 colunas (esperado: 70)
⚠️ Linha 15721 tem 46 colunas (esperado: 70)
⚠️ Linha 15722 tem 25 colunas (esperado: 70)
⚠️ Linha 15739 tem 46 colunas (esperado: 70)
⚠️ Linha 15740 tem 2 colunas (esperado: 70)
⚠️ Linha 15741 tem 24 colunas (esperado: 70)
⚠️ Linha 15773 tem 46 colunas (esperado: 70)
⚠️ Linha 15774 tem 2 colunas (esperado: 70)
⚠️ Linha 15775 tem 24 colunas (esperado: 70)
⚠️ Linha 15779 tem 46 colunas (esperado: 70)
⚠️ Linha 15780 tem 25 colunas (esperado: 70)
⚠️ Linha 15791 tem 47 colunas (esperado: 70)
⚠️ Linha 15792 tem 24 colunas (esperado: 70)
⚠️ Linha 15808 tem 46 colunas (esperado: 70)
⚠️ Linha 15809 tem 1 colunas (esperado: 70)
⚠️ Linha 15810 tem 25 colunas (esperado: 70)
⚠️ Linha 15819 tem 47 colunas (esperado: 70)
⚠️ Linha 15820 tem 24 colunas (esperado: 70)
⚠️ Linha 15873 tem 46 colunas (esperado: 70)
⚠️ Linha 15874 tem 2 colunas (esperado: 70)
⚠️ Linha 15875 tem 24 colunas (esperado: 70)
⚠️ Linha 16026 tem 46 colunas (esperado: 70)
⚠️ Linha 16027 tem 2 colunas (esperado: 70)
⚠️ Linha 16028 tem 24 colunas (esperado: 70)
⚠️ Linha 16075 tem 46 colunas (esperado: 70)
⚠️ Linha 16076 tem 2 colunas (esperado: 70)
⚠️ Linha 16077 tem 24 colunas (esperado: 70)
⚠️ Linha 16119 tem 46 colunas (esperado: 70)
⚠️ Linha 16120 tem 2 colunas (esperado: 70)
⚠️ Linha 16121 tem 24 colunas (esperado: 70)
⚠️ Linha 16136 tem 46 colunas (esperado: 70)
⚠️ Linha 16137 tem 2 colunas (esperado: 70)
⚠️ Linha 16138 tem 24 colunas (esperado: 70)
⚠️ Linha 16224 tem 46 colunas (esperado: 70)
⚠️ Linha 16225 tem 25 colunas (esperado: 70)
⚠️ Linha 16229 tem 46 colunas (esperado: 70)
⚠️ Linha 16230 tem 25 colunas (esperado: 70)
⚠️ Linha 16243 tem 46 colunas (esperado: 70)
⚠️ Linha 16244 tem 2 colunas (esperado: 70)
⚠️ Linha 16245 tem 24 colunas (esperado: 70)
⚠️ Linha 16310 tem 46 colunas (esperado: 70)
⚠️ Linha 16311 tem 2 colunas (esperado: 70)
⚠️ Linha 16312 tem 24 colunas (esperado: 70)
⚠️ Linha 16337 tem 47 colunas (esperado: 70)
⚠️ Linha 16339 tem 1 colunas (esperado: 70)
⚠️ Linha 16340 tem 13 colunas (esperado: 70)
⚠️ Linha 16398 tem 46 colunas (esperado: 70)
⚠️ Linha 16399 tem 2 colunas (esperado: 70)
⚠️ Linha 16400 tem 24 colunas (esperado: 70)
⚠️ Linha 16416 tem 47 colunas (esperado: 70)
⚠️ Linha 16417 tem 24 colunas (esperado: 70)
⚠️ Linha 16440 tem 46 colunas (esperado: 70)
⚠️ Linha 16441 tem 2 colunas (esperado: 70)
⚠️ Linha 16442 tem 24 colunas (esperado: 70)
⚠️ Linha 16452 tem 46 colunas (esperado: 70)
⚠️ Linha 16453 tem 25 colunas (esperado: 70)
⚠️ Linha 16494 tem 46 colunas (esperado: 70)
⚠️ Linha 16495 tem 2 colunas (esperado: 70)
⚠️ Linha 16496 tem 24 colunas (esperado: 70)
⚠️ Linha 16577 tem 47 colunas (esperado: 70)
⚠️ Linha 16578 tem 24 colunas (esperado: 70)
⚠️ Linha 16581 tem 46 colunas (esperado: 70)
⚠️ Linha 16582 tem 2 colunas (esperado: 70)
⚠️ Linha 16583 tem 24 colunas (esperado: 70)
⚠️ Linha 16585 tem 46 colunas (esperado: 70)
⚠️ Linha 16586 tem 2 colunas (esperado: 70)
⚠️ Linha 16587 tem 24 colunas (esperado: 70)
⚠️ Linha 16594 tem 46 colunas (esperado: 70)
⚠️ Linha 16595 tem 2 colunas (esperado: 70)
⚠️ Linha 16596 tem 24 colunas (esperado: 70)
⚠️ Linha 16598 tem 46 colunas (esperado: 70)
⚠️ Linha 16599 tem 2 colunas (esperado: 70)
⚠️ Linha 16600 tem 24 colunas (esperado: 70)
⚠️ Linha 16619 tem 46 colunas (esperado: 70)
⚠️ Linha 16620 tem 2 colunas (esperado: 70)
⚠️ Linha 16621 tem 24 colunas (esperado: 70)
⚠️ Linha 16664 tem 46 colunas (esperado: 70)
⚠️ Linha 16665 tem 2 colunas (esperado: 70)
⚠️ Linha 16666 tem 1 colunas (esperado: 70)
⚠️ Linha 16671 tem 46 colunas (esperado: 70)
⚠️ Linha 16672 tem 25 colunas (esperado: 70)
⚠️ Linha 16740 tem 46 colunas (esperado: 70)
⚠️ Linha 16741 tem 2 colunas (esperado: 70)
⚠️ Linha 16742 tem 24 colunas (esperado: 70)
⚠️ Linha 16840 tem 47 colunas (esperado: 70)
⚠️ Linha 16841 tem 1 colunas (esperado: 70)
⚠️ Linha 16904 tem 46 colunas (esperado: 70)
⚠️ Linha 16905 tem 2 colunas (esperado: 70)
⚠️ Linha 16906 tem 24 colunas (esperado: 70)
⚠️ Linha 16916 tem 46 colunas (esperado: 70)
⚠️ Linha 16917 tem 2 colunas (esperado: 70)
⚠️ Linha 16918 tem 24 colunas (esperado: 70)
⚠️ Linha 16977 tem 46 colunas (esperado: 70)
⚠️ Linha 16978 tem 2 colunas (esperado: 70)
⚠️ Linha 16979 tem 24 colunas (esperado: 70)
⚠️ Linha 17012 tem 46 colunas (esperado: 70)
⚠️ Linha 17013 tem 2 colunas (esperado: 70)
⚠️ Linha 17014 tem 24 colunas (esperado: 70)
⚠️ Linha 17021 tem 13 colunas (esperado: 70)
⚠️ Linha 17022 tem 56 colunas (esperado: 70)
⚠️ Linha 17038 tem 46 colunas (esperado: 70)
⚠️ Linha 17039 tem 25 colunas (esperado: 70)
⚠️ Linha 17068 tem 46 colunas (esperado: 70)
⚠️ Linha 17069 tem 25 colunas (esperado: 70)
⚠️ Linha 17073 tem 46 colunas (esperado: 70)
⚠️ Linha 17074 tem 2 colunas (esperado: 70)
⚠️ Linha 17075 tem 24 colunas (esperado: 70)
⚠️ Linha 17096 tem 46 colunas (esperado: 70)
⚠️ Linha 17097 tem 2 colunas (esperado: 70)
⚠️ Linha 17098 tem 24 colunas (esperado: 70)
⚠️ Linha 17130 tem 46 colunas (esperado: 70)
⚠️ Linha 17131 tem 2 colunas (esperado: 70)
⚠️ Linha 17132 tem 24 colunas (esperado: 70)
⚠️ Linha 17154 tem 46 colunas (esperado: 70)
⚠️ Linha 17155 tem 2 colunas (esperado: 70)
⚠️ Linha 17156 tem 24 colunas (esperado: 70)
⚠️ Linha 17247 tem 46 colunas (esperado: 70)
⚠️ Linha 17248 tem 2 colunas (esperado: 70)
⚠️ Linha 17249 tem 24 colunas (esperado: 70)
⚠️ Linha 17295 tem 46 colunas (esperado: 70)
⚠️ Linha 17296 tem 2 colunas (esperado: 70)
⚠️ Linha 17297 tem 24 colunas (esperado: 70)
⚠️ Linha 17361 tem 46 colunas (esperado: 70)
⚠️ Linha 17362 tem 2 colunas (esperado: 70)
⚠️ Linha 17363 tem 24 colunas (esperado: 70)
⚠️ Linha 17459 tem 46 colunas (esperado: 70)
⚠️ Linha 17460 tem 2 colunas (esperado: 70)
⚠️ Linha 17461 tem 24 colunas (esperado: 70)
⚠️ Linha 17497 tem 46 colunas (esperado: 70)
⚠️ Linha 17498 tem 1 colunas (esperado: 70)
⚠️ Linha 17499 tem 2 colunas (esperado: 70)
⚠️ Linha 17500 tem 24 colunas (esperado: 70)
⚠️ Linha 17509 tem 46 colunas (esperado: 70)
⚠️ Linha 17510 tem 2 colunas (esperado: 70)
⚠️ Linha 17511 tem 24 colunas (esperado: 70)
⚠️ Linha 17512 tem 46 colunas (esperado: 70)
⚠️ Linha 17513 tem 2 colunas (esperado: 70)
⚠️ Linha 17514 tem 24 colunas (esperado: 70)
⚠️ Linha 17604 tem 46 colunas (esperado: 70)
⚠️ Linha 17605 tem 2 colunas (esperado: 70)
⚠️ Linha 17606 tem 24 colunas (esperado: 70)
⚠️ Linha 17614 tem 46 colunas (esperado: 70)
⚠️ Linha 17615 tem 2 colunas (esperado: 70)
⚠️ Linha 17616 tem 24 colunas (esperado: 70)
⚠️ Linha 17623 tem 46 colunas (esperado: 70)
⚠️ Linha 17624 tem 2 colunas (esperado: 70)
⚠️ Linha 17625 tem 1 colunas (esperado: 70)
⚠️ Linha 17626 tem 24 colunas (esperado: 70)
⚠️ Linha 17716 tem 46 colunas (esperado: 70)
⚠️ Linha 17717 tem 2 colunas (esperado: 70)
⚠️ Linha 17718 tem 24 colunas (esperado: 70)
⚠️ Linha 17730 tem 46 colunas (esperado: 70)
⚠️ Linha 17731 tem 2 colunas (esperado: 70)
⚠️ Linha 17732 tem 24 colunas (esperado: 70)
⚠️ Linha 17751 tem 46 colunas (esperado: 70)
⚠️ Linha 17752 tem 2 colunas (esperado: 70)
⚠️ Linha 17753 tem 24 colunas (esperado: 70)
⚠️ Linha 17767 tem 46 colunas (esperado: 70)
⚠️ Linha 17768 tem 2 colunas (esperado: 70)
⚠️ Linha 17769 tem 24 colunas (esperado: 70)
⚠️ Linha 17812 tem 46 colunas (esperado: 70)
⚠️ Linha 17813 tem 13 colunas (esperado: 70)
⚠️ Linha 17836 tem 46 colunas (esperado: 70)
⚠️ Linha 17837 tem 25 colunas (esperado: 70)
⚠️ Linha 17909 tem 46 colunas (esperado: 70)
⚠️ Linha 17910 tem 2 colunas (esperado: 70)
⚠️ Linha 17911 tem 24 colunas (esperado: 70)
⚠️ Linha 17970 tem 47 colunas (esperado: 70)
⚠️ Linha 17971 tem 1 colunas (esperado: 70)
⚠️ Linha 18043 tem 46 colunas (esperado: 70)
⚠️ Linha 18044 tem 2 colunas (esperado: 70)
⚠️ Linha 18045 tem 24 colunas (esperado: 70)
⚠️ Linha 18098 tem 46 colunas (esperado: 70)
⚠️ Linha 18099 tem 25 colunas (esperado: 70)
⚠️ Linha 18100 tem 46 colunas (esperado: 70)
⚠️ Linha 18101 tem 2 colunas (esperado: 70)
⚠️ Linha 18102 tem 24 colunas (esperado: 70)
⚠️ Linha 18104 tem 46 colunas (esperado: 70)
⚠️ Linha 18105 tem 2 colunas (esperado: 70)
⚠️ Linha 18106 tem 24 colunas (esperado: 70)
⚠️ Linha 18138 tem 46 colunas (esperado: 70)
⚠️ Linha 18139 tem 2 colunas (esperado: 70)
⚠️ Linha 18140 tem 24 colunas (esperado: 70)
⚠️ Linha 18176 tem 47 colunas (esperado: 70)
⚠️ Linha 18177 tem 24 colunas (esperado: 70)
⚠️ Linha 18185 tem 46 colunas (esperado: 70)
⚠️ Linha 18186 tem 2 colunas (esperado: 70)
⚠️ Linha 18187 tem 24 colunas (esperado: 70)
⚠️ Linha 18188 tem 46 colunas (esperado: 70)
⚠️ Linha 18189 tem 2 colunas (esperado: 70)
⚠️ Linha 18190 tem 24 colunas (esperado: 70)
⚠️ Linha 18218 tem 46 colunas (esperado: 70)
⚠️ Linha 18219 tem 2 colunas (esperado: 70)
⚠️ Linha 18220 tem 24 colunas (esperado: 70)
⚠️ Linha 18228 tem 46 colunas (esperado: 70)
⚠️ Linha 18229 tem 2 colunas (esperado: 70)
⚠️ Linha 18230 tem 24 colunas (esperado: 70)
⚠️ Linha 18254 tem 46 colunas (esperado: 70)
⚠️ Linha 18255 tem 25 colunas (esperado: 70)
⚠️ Linha 18269 tem 46 colunas (esperado: 70)
⚠️ Linha 18270 tem 2 colunas (esperado: 70)
⚠️ Linha 18271 tem 24 colunas (esperado: 70)
⚠️ Linha 18290 tem 46 colunas (esperado: 70)
⚠️ Linha 18291 tem 2 colunas (esperado: 70)
⚠️ Linha 18292 tem 24 colunas (esperado: 70)
⚠️ Linha 18328 tem 46 colunas (esperado: 70)
⚠️ Linha 18329 tem 25 colunas (esperado: 70)
⚠️ Linha 18431 tem 46 colunas (esperado: 70)
⚠️ Linha 18432 tem 2 colunas (esperado: 70)
⚠️ Linha 18433 tem 24 colunas (esperado: 70)
⚠️ Linha 18449 tem 46 colunas (esperado: 70)
⚠️ Linha 18450 tem 25 colunas (esperado: 70)
⚠️ Linha 18459 tem 46 colunas (esperado: 70)
⚠️ Linha 18460 tem 2 colunas (esperado: 70)
⚠️ Linha 18461 tem 24 colunas (esperado: 70)
⚠️ Linha 18555 tem 46 colunas (esperado: 70)
⚠️ Linha 18556 tem 2 colunas (esperado: 70)
⚠️ Linha 18557 tem 24 colunas (esperado: 70)
⚠️ Linha 18560 tem 46 colunas (esperado: 70)
⚠️ Linha 18561 tem 2 colunas (esperado: 70)
⚠️ Linha 18562 tem 24 colunas (esperado: 70)
⚠️ Linha 18635 tem 46 colunas (esperado: 70)
⚠️ Linha 18636 tem 2 colunas (esperado: 70)
⚠️ Linha 18637 tem 24 colunas (esperado: 70)
⚠️ Linha 18665 tem 46 colunas (esperado: 70)
⚠️ Linha 18666 tem 2 colunas (esperado: 70)
⚠️ Linha 18667 tem 24 colunas (esperado: 70)
⚠️ Linha 18674 tem 46 colunas (esperado: 70)
⚠️ Linha 18675 tem 25 colunas (esperado: 70)
⚠️ Linha 18681 tem 46 colunas (esperado: 70)
⚠️ Linha 18682 tem 2 colunas (esperado: 70)
⚠️ Linha 18683 tem 24 colunas (esperado: 70)
⚠️ Linha 18685 tem 46 colunas (esperado: 70)
⚠️ Linha 18686 tem 2 colunas (esperado: 70)
⚠️ Linha 18687 tem 24 colunas (esperado: 70)
⚠️ Linha 18725 tem 46 colunas (esperado: 70)
⚠️ Linha 18726 tem 2 colunas (esperado: 70)
⚠️ Linha 18727 tem 24 colunas (esperado: 70)
⚠️ Linha 18729 tem 46 colunas (esperado: 70)
⚠️ Linha 18730 tem 1 colunas (esperado: 70)
⚠️ Linha 18731 tem 1 colunas (esperado: 70)
⚠️ Linha 18732 tem 1 colunas (esperado: 70)
⚠️ Linha 18733 tem 3 colunas (esperado: 70)
⚠️ Linha 18734 tem 1 colunas (esperado: 70)
⚠️ Linha 18735 tem 1 colunas (esperado: 70)
⚠️ Linha 18736 tem 1 colunas (esperado: 70)
⚠️ Linha 18738 tem 24 colunas (esperado: 70)
⚠️ Linha 18753 tem 46 colunas (esperado: 70)
⚠️ Linha 18754 tem 2 colunas (esperado: 70)
⚠️ Linha 18755 tem 1 colunas (esperado: 70)
⚠️ Linha 18756 tem 24 colunas (esperado: 70)
⚠️ Linha 18757 tem 46 colunas (esperado: 70)
⚠️ Linha 18758 tem 2 colunas (esperado: 70)
⚠️ Linha 18759 tem 24 colunas (esperado: 70)
⚠️ Linha 18772 tem 46 colunas (esperado: 70)
⚠️ Linha 18773 tem 2 colunas (esperado: 70)
⚠️ Linha 18774 tem 24 colunas (esperado: 70)
⚠️ Linha 18816 tem 46 colunas (esperado: 70)
⚠️ Linha 18817 tem 25 colunas (esperado: 70)
⚠️ Linha 18903 tem 46 colunas (esperado: 70)
⚠️ Linha 18904 tem 2 colunas (esperado: 70)
⚠️ Linha 18905 tem 24 colunas (esperado: 70)
⚠️ Linha 18983 tem 46 colunas (esperado: 70)
⚠️ Linha 18984 tem 13 colunas (esperado: 70)
⚠️ Linha 19080 tem 46 colunas (esperado: 70)
⚠️ Linha 19081 tem 2 colunas (esperado: 70)
⚠️ Linha 19082 tem 24 colunas (esperado: 70)
⚠️ Linha 19087 tem 46 colunas (esperado: 70)
⚠️ Linha 19088 tem 25 colunas (esperado: 70)
⚠️ Linha 19177 tem 46 colunas (esperado: 70)
⚠️ Linha 19178 tem 2 colunas (esperado: 70)
⚠️ Linha 19179 tem 24 colunas (esperado: 70)
⚠️ Linha 19180 tem 46 colunas (esperado: 70)
⚠️ Linha 19181 tem 4 colunas (esperado: 70)
⚠️ Linha 19182 tem 24 colunas (esperado: 70)
⚠️ Linha 19250 tem 46 colunas (esperado: 70)
⚠️ Linha 19251 tem 25 colunas (esperado: 70)
⚠️ Linha 19272 tem 46 colunas (esperado: 70)
⚠️ Linha 19273 tem 2 colunas (esperado: 70)
⚠️ Linha 19274 tem 24 colunas (esperado: 70)
⚠️ Linha 19317 tem 46 colunas (esperado: 70)
⚠️ Linha 19318 tem 2 colunas (esperado: 70)
⚠️ Linha 19319 tem 24 colunas (esperado: 70)
⚠️ Linha 19359 tem 46 colunas (esperado: 70)
⚠️ Linha 19361 tem 2 colunas (esperado: 70)
⚠️ Linha 19362 tem 1 colunas (esperado: 70)
⚠️ Linha 19363 tem 24 colunas (esperado: 70)
⚠️ Linha 19450 tem 46 colunas (esperado: 70)
⚠️ Linha 19451 tem 2 colunas (esperado: 70)
⚠️ Linha 19452 tem 24 colunas (esperado: 70)
⚠️ Linha 19472 tem 46 colunas (esperado: 70)
⚠️ Linha 19473 tem 25 colunas (esperado: 70)
⚠️ Linha 19526 tem 46 colunas (esperado: 70)
⚠️ Linha 19527 tem 2 colunas (esperado: 70)
⚠️ Linha 19528 tem 24 colunas (esperado: 70)
⚠️ Linha 19567 tem 46 colunas (esperado: 70)
⚠️ Linha 19568 tem 2 colunas (esperado: 70)
⚠️ Linha 19569 tem 24 colunas (esperado: 70)
⚠️ Linha 19579 tem 46 colunas (esperado: 70)
⚠️ Linha 19580 tem 2 colunas (esperado: 70)
⚠️ Linha 19581 tem 24 colunas (esperado: 70)
⚠️ Linha 19596 tem 46 colunas (esperado: 70)
⚠️ Linha 19597 tem 2 colunas (esperado: 70)
⚠️ Linha 19598 tem 24 colunas (esperado: 70)
⚠️ Linha 19599 tem 46 colunas (esperado: 70)
⚠️ Linha 19600 tem 1 colunas (esperado: 70)
⚠️ Linha 19601 tem 2 colunas (esperado: 70)
⚠️ Linha 19602 tem 1 colunas (esperado: 70)
⚠️ Linha 19603 tem 24 colunas (esperado: 70)
⚠️ Linha 19653 tem 46 colunas (esperado: 70)
⚠️ Linha 19654 tem 2 colunas (esperado: 70)
⚠️ Linha 19655 tem 24 colunas (esperado: 70)
⚠️ Linha 19661 tem 46 colunas (esperado: 70)
⚠️ Linha 19662 tem 2 colunas (esperado: 70)
⚠️ Linha 19663 tem 24 colunas (esperado: 70)
⚠️ Linha 19673 tem 13 colunas (esperado: 70)
⚠️ Linha 19674 tem 51 colunas (esperado: 70)
⚠️ Linha 19675 tem 46 colunas (esperado: 70)
⚠️ Linha 19676 tem 2 colunas (esperado: 70)
⚠️ Linha 19677 tem 24 colunas (esperado: 70)
⚠️ Linha 19688 tem 46 colunas (esperado: 70)
⚠️ Linha 19689 tem 25 colunas (esperado: 70)
⚠️ Linha 19718 tem 46 colunas (esperado: 70)
⚠️ Linha 19719 tem 2 colunas (esperado: 70)
⚠️ Linha 19720 tem 24 colunas (esperado: 70)
⚠️ Linha 19744 tem 46 colunas (esperado: 70)
⚠️ Linha 19745 tem 2 colunas (esperado: 70)
⚠️ Linha 19746 tem 24 colunas (esperado: 70)
⚠️ Linha 19747 tem 46 colunas (esperado: 70)
⚠️ Linha 19748 tem 2 colunas (esperado: 70)
⚠️ Linha 19749 tem 24 colunas (esperado: 70)
⚠️ Linha 19750 tem 46 colunas (esperado: 70)
⚠️ Linha 19751 tem 2 colunas (esperado: 70)
⚠️ Linha 19752 tem 24 colunas (esperado: 70)
⚠️ Linha 19799 tem 46 colunas (esperado: 70)
⚠️ Linha 19800 tem 2 colunas (esperado: 70)
⚠️ Linha 19801 tem 24 colunas (esperado: 70)
⚠️ Linha 19831 tem 46 colunas (esperado: 70)
⚠️ Linha 19832 tem 2 colunas (esperado: 70)
⚠️ Linha 19833 tem 24 colunas (esperado: 70)
⚠️ Linha 19845 tem 46 colunas (esperado: 70)
⚠️ Linha 19846 tem 2 colunas (esperado: 70)
⚠️ Linha 19847 tem 24 colunas (esperado: 70)
⚠️ Linha 19854 tem 46 colunas (esperado: 70)
⚠️ Linha 19855 tem 2 colunas (esperado: 70)
⚠️ Linha 19856 tem 24 colunas (esperado: 70)
⚠️ Linha 19858 tem 46 colunas (esperado: 70)
⚠️ Linha 19859 tem 2 colunas (esperado: 70)
⚠️ Linha 19860 tem 13 colunas (esperado: 70)
⚠️ Linha 19904 tem 46 colunas (esperado: 70)
⚠️ Linha 19905 tem 2 colunas (esperado: 70)
⚠️ Linha 19906 tem 24 colunas (esperado: 70)
⚠️ Linha 19909 tem 46 colunas (esperado: 70)
⚠️ Linha 19910 tem 2 colunas (esperado: 70)
⚠️ Linha 19911 tem 24 colunas (esperado: 70)
⚠️ Linha 19914 tem 46 colunas (esperado: 70)
⚠️ Linha 19915 tem 2 colunas (esperado: 70)
⚠️ Linha 19916 tem 24 colunas (esperado: 70)
⚠️ Linha 19949 tem 46 colunas (esperado: 70)
⚠️ Linha 19950 tem 25 colunas (esperado: 70)
⚠️ Linha 20045 tem 46 colunas (esperado: 70)
⚠️ Linha 20046 tem 25 colunas (esperado: 70)
⚠️ Linha 20051 tem 46 colunas (esperado: 70)
⚠️ Linha 20052 tem 2 colunas (esperado: 70)
⚠️ Linha 20053 tem 24 colunas (esperado: 70)
⚠️ Linha 20068 tem 46 colunas (esperado: 70)
⚠️ Linha 20069 tem 2 colunas (esperado: 70)
⚠️ Linha 20070 tem 24 colunas (esperado: 70)
⚠️ Linha 20083 tem 46 colunas (esperado: 70)
⚠️ Linha 20084 tem 2 colunas (esperado: 70)
⚠️ Linha 20085 tem 24 colunas (esperado: 70)
⚠️ Linha 20173 tem 46 colunas (esperado: 70)
⚠️ Linha 20174 tem 2 colunas (esperado: 70)
⚠️ Linha 20175 tem 24 colunas (esperado: 70)
⚠️ Linha 20232 tem 46 colunas (esperado: 70)
⚠️ Linha 20233 tem 2 colunas (esperado: 70)
⚠️ Linha 20234 tem 24 colunas (esperado: 70)
⚠️ Linha 20250 tem 46 colunas (esperado: 70)
⚠️ Linha 20251 tem 2 colunas (esperado: 70)
⚠️ Linha 20252 tem 24 colunas (esperado: 70)
⚠️ Linha 20302 tem 46 colunas (esperado: 70)
⚠️ Linha 20303 tem 2 colunas (esperado: 70)
⚠️ Linha 20304 tem 24 colunas (esperado: 70)
⚠️ Linha 20325 tem 46 colunas (esperado: 70)
⚠️ Linha 20326 tem 2 colunas (esperado: 70)
⚠️ Linha 20327 tem 24 colunas (esperado: 70)
⚠️ Linha 20396 tem 46 colunas (esperado: 70)
⚠️ Linha 20397 tem 2 colunas (esperado: 70)
⚠️ Linha 20398 tem 24 colunas (esperado: 70)
⚠️ Linha 20399 tem 46 colunas (esperado: 70)
⚠️ Linha 20400 tem 2 colunas (esperado: 70)
⚠️ Linha 20401 tem 24 colunas (esperado: 70)
⚠️ Linha 20417 tem 46 colunas (esperado: 70)
⚠️ Linha 20418 tem 2 colunas (esperado: 70)
⚠️ Linha 20419 tem 24 colunas (esperado: 70)
⚠️ Linha 20432 tem 46 colunas (esperado: 70)
⚠️ Linha 20433 tem 2 colunas (esperado: 70)
⚠️ Linha 20434 tem 24 colunas (esperado: 70)
⚠️ Linha 20437 tem 46 colunas (esperado: 70)
⚠️ Linha 20438 tem 2 colunas (esperado: 70)
⚠️ Linha 20439 tem 24 colunas (esperado: 70)
⚠️ Linha 20455 tem 46 colunas (esperado: 70)
⚠️ Linha 20456 tem 25 colunas (esperado: 70)
⚠️ Linha 20477 tem 46 colunas (esperado: 70)
⚠️ Linha 20478 tem 25 colunas (esperado: 70)
⚠️ Linha 20493 tem 47 colunas (esperado: 70)
⚠️ Linha 20494 tem 24 colunas (esperado: 70)
⚠️ Linha 20496 tem 46 colunas (esperado: 70)
⚠️ Linha 20497 tem 2 colunas (esperado: 70)
⚠️ Linha 20498 tem 24 colunas (esperado: 70)
⚠️ Linha 20504 tem 46 colunas (esperado: 70)
⚠️ Linha 20505 tem 2 colunas (esperado: 70)
⚠️ Linha 20506 tem 24 colunas (esperado: 70)
⚠️ Linha 20508 tem 46 colunas (esperado: 70)
⚠️ Linha 20509 tem 2 colunas (esperado: 70)
⚠️ Linha 20510 tem 24 colunas (esperado: 70)
⚠️ Linha 20546 tem 46 colunas (esperado: 70)
⚠️ Linha 20547 tem 2 colunas (esperado: 70)
⚠️ Linha 20548 tem 24 colunas (esperado: 70)
⚠️ Linha 20633 tem 46 colunas (esperado: 70)
⚠️ Linha 20634 tem 2 colunas (esperado: 70)
⚠️ Linha 20635 tem 24 colunas (esperado: 70)
⚠️ Linha 20643 tem 46 colunas (esperado: 70)
⚠️ Linha 20644 tem 2 colunas (esperado: 70)
⚠️ Linha 20645 tem 24 colunas (esperado: 70)
⚠️ Linha 20649 tem 46 colunas (esperado: 70)
⚠️ Linha 20650 tem 2 colunas (esperado: 70)
⚠️ Linha 20651 tem 24 colunas (esperado: 70)
⚠️ Linha 20703 tem 46 colunas (esperado: 70)
⚠️ Linha 20704 tem 2 colunas (esperado: 70)
⚠️ Linha 20705 tem 24 colunas (esperado: 70)
⚠️ Linha 20715 tem 46 colunas (esperado: 70)
⚠️ Linha 20716 tem 2 colunas (esperado: 70)
⚠️ Linha 20717 tem 24 colunas (esperado: 70)
⚠️ Linha 20729 tem 46 colunas (esperado: 70)
⚠️ Linha 20730 tem 2 colunas (esperado: 70)
⚠️ Linha 20731 tem 24 colunas (esperado: 70)
⚠️ Linha 20737 tem 46 colunas (esperado: 70)
⚠️ Linha 20738 tem 2 colunas (esperado: 70)
⚠️ Linha 20739 tem 24 colunas (esperado: 70)
⚠️ Linha 20795 tem 46 colunas (esperado: 70)
⚠️ Linha 20796 tem 2 colunas (esperado: 70)
⚠️ Linha 20797 tem 24 colunas (esperado: 70)
⚠️ Linha 20839 tem 46 colunas (esperado: 70)
⚠️ Linha 20840 tem 2 colunas (esperado: 70)
⚠️ Linha 20841 tem 24 colunas (esperado: 70)
⚠️ Linha 20917 tem 46 colunas (esperado: 70)
⚠️ Linha 20918 tem 2 colunas (esperado: 70)
⚠️ Linha 20919 tem 24 colunas (esperado: 70)
⚠️ Linha 20949 tem 46 colunas (esperado: 70)
⚠️ Linha 20950 tem 2 colunas (esperado: 70)
⚠️ Linha 20951 tem 24 colunas (esperado: 70)
⚠️ Linha 20955 tem 46 colunas (esperado: 70)
⚠️ Linha 20956 tem 2 colunas (esperado: 70)
⚠️ Linha 20957 tem 24 colunas (esperado: 70)
⚠️ Linha 20959 tem 47 colunas (esperado: 70)
⚠️ Linha 20960 tem 24 colunas (esperado: 70)
⚠️ Linha 20976 tem 46 colunas (esperado: 70)
⚠️ Linha 20977 tem 2 colunas (esperado: 70)
⚠️ Linha 20978 tem 24 colunas (esperado: 70)
⚠️ Linha 20998 tem 46 colunas (esperado: 70)
⚠️ Linha 20999 tem 2 colunas (esperado: 70)
⚠️ Linha 21000 tem 24 colunas (esperado: 70)
⚠️ Linha 21005 tem 46 colunas (esperado: 70)
⚠️ Linha 21006 tem 2 colunas (esperado: 70)
⚠️ Linha 21007 tem 24 colunas (esperado: 70)
⚠️ Linha 21023 tem 46 colunas (esperado: 70)
⚠️ Linha 21024 tem 2 colunas (esperado: 70)
⚠️ Linha 21025 tem 24 colunas (esperado: 70)
⚠️ Linha 21029 tem 46 colunas (esperado: 70)
⚠️ Linha 21030 tem 2 colunas (esperado: 70)
⚠️ Linha 21031 tem 24 colunas (esperado: 70)
⚠️ Linha 21032 tem 46 colunas (esperado: 70)
⚠️ Linha 21033 tem 2 colunas (esperado: 70)
⚠️ Linha 21034 tem 24 colunas (esperado: 70)
⚠️ Linha 21069 tem 46 colunas (esperado: 70)
⚠️ Linha 21070 tem 2 colunas (esperado: 70)
⚠️ Linha 21071 tem 24 colunas (esperado: 70)
⚠️ Linha 21082 tem 46 colunas (esperado: 70)
⚠️ Linha 21083 tem 2 colunas (esperado: 70)
⚠️ Linha 21084 tem 24 colunas (esperado: 70)
⚠️ Linha 21087 tem 46 colunas (esperado: 70)
⚠️ Linha 21088 tem 2 colunas (esperado: 70)
⚠️ Linha 21089 tem 1 colunas (esperado: 70)
⚠️ Linha 21090 tem 13 colunas (esperado: 70)
⚠️ Linha 21160 tem 46 colunas (esperado: 70)
⚠️ Linha 21161 tem 2 colunas (esperado: 70)
⚠️ Linha 21162 tem 24 colunas (esperado: 70)
⚠️ Linha 21203 tem 46 colunas (esperado: 70)
⚠️ Linha 21204 tem 2 colunas (esperado: 70)
⚠️ Linha 21205 tem 24 colunas (esperado: 70)
⚠️ Linha 21240 tem 46 colunas (esperado: 70)
⚠️ Linha 21241 tem 2 colunas (esperado: 70)
⚠️ Linha 21242 tem 24 colunas (esperado: 70)
⚠️ Linha 21263 tem 46 colunas (esperado: 70)
⚠️ Linha 21264 tem 2 colunas (esperado: 70)
⚠️ Linha 21265 tem 24 colunas (esperado: 70)
⚠️ Linha 21272 tem 46 colunas (esperado: 70)
⚠️ Linha 21273 tem 2 colunas (esperado: 70)
⚠️ Linha 21274 tem 24 colunas (esperado: 70)
⚠️ Linha 21281 tem 46 colunas (esperado: 70)
⚠️ Linha 21282 tem 2 colunas (esperado: 70)
⚠️ Linha 21283 tem 24 colunas (esperado: 70)
⚠️ Linha 21294 tem 46 colunas (esperado: 70)
⚠️ Linha 21295 tem 25 colunas (esperado: 70)
⚠️ Linha 21317 tem 46 colunas (esperado: 70)
⚠️ Linha 21318 tem 2 colunas (esperado: 70)
⚠️ Linha 21319 tem 24 colunas (esperado: 70)
⚠️ Linha 21333 tem 46 colunas (esperado: 70)
⚠️ Linha 21334 tem 2 colunas (esperado: 70)
⚠️ Linha 21335 tem 24 colunas (esperado: 70)
⚠️ Linha 21373 tem 46 colunas (esperado: 70)
⚠️ Linha 21374 tem 2 colunas (esperado: 70)
⚠️ Linha 21375 tem 24 colunas (esperado: 70)
⚠️ Linha 21386 tem 46 colunas (esperado: 70)
⚠️ Linha 21387 tem 2 colunas (esperado: 70)
⚠️ Linha 21388 tem 24 colunas (esperado: 70)
⚠️ Linha 21417 tem 46 colunas (esperado: 70)
⚠️ Linha 21418 tem 2 colunas (esperado: 70)
⚠️ Linha 21419 tem 24 colunas (esperado: 70)
⚠️ Linha 21420 tem 46 colunas (esperado: 70)
⚠️ Linha 21421 tem 2 colunas (esperado: 70)
⚠️ Linha 21422 tem 24 colunas (esperado: 70)
⚠️ Linha 21425 tem 13 colunas (esperado: 70)
⚠️ Linha 21426 tem 51 colunas (esperado: 70)
⚠️ Linha 21431 tem 46 colunas (esperado: 70)
⚠️ Linha 21432 tem 2 colunas (esperado: 70)
⚠️ Linha 21433 tem 24 colunas (esperado: 70)
⚠️ Linha 21447 tem 46 colunas (esperado: 70)
⚠️ Linha 21448 tem 2 colunas (esperado: 70)
⚠️ Linha 21449 tem 24 colunas (esperado: 70)
⚠️ Linha 21475 tem 46 colunas (esperado: 70)
⚠️ Linha 21476 tem 2 colunas (esperado: 70)
⚠️ Linha 21477 tem 24 colunas (esperado: 70)
⚠️ Linha 21483 tem 46 colunas (esperado: 70)
⚠️ Linha 21484 tem 2 colunas (esperado: 70)
⚠️ Linha 21485 tem 24 colunas (esperado: 70)
⚠️ Linha 21486 tem 46 colunas (esperado: 70)
⚠️ Linha 21487 tem 2 colunas (esperado: 70)
⚠️ Linha 21488 tem 24 colunas (esperado: 70)
⚠️ Linha 21547 tem 46 colunas (esperado: 70)
⚠️ Linha 21548 tem 2 colunas (esperado: 70)
⚠️ Linha 21549 tem 24 colunas (esperado: 70)
⚠️ Linha 21568 tem 46 colunas (esperado: 70)
⚠️ Linha 21569 tem 25 colunas (esperado: 70)
⚠️ Linha 21617 tem 46 colunas (esperado: 70)
⚠️ Linha 21618 tem 2 colunas (esperado: 70)
⚠️ Linha 21619 tem 24 colunas (esperado: 70)
⚠️ Linha 21625 tem 46 colunas (esperado: 70)
⚠️ Linha 21626 tem 2 colunas (esperado: 70)
⚠️ Linha 21627 tem 24 colunas (esperado: 70)
⚠️ Linha 21628 tem 46 colunas (esperado: 70)
⚠️ Linha 21629 tem 2 colunas (esperado: 70)
⚠️ Linha 21630 tem 24 colunas (esperado: 70)
⚠️ Linha 21642 tem 46 colunas (esperado: 70)
⚠️ Linha 21643 tem 2 colunas (esperado: 70)
⚠️ Linha 21644 tem 24 colunas (esperado: 70)
⚠️ Linha 21719 tem 13 colunas (esperado: 70)
⚠️ Linha 21720 tem 51 colunas (esperado: 70)
⚠️ Linha 21771 tem 46 colunas (esperado: 70)
⚠️ Linha 21772 tem 2 colunas (esperado: 70)
⚠️ Linha 21773 tem 24 colunas (esperado: 70)
⚠️ Linha 21788 tem 46 colunas (esperado: 70)
⚠️ Linha 21789 tem 2 colunas (esperado: 70)
⚠️ Linha 21790 tem 24 colunas (esperado: 70)
⚠️ Linha 21810 tem 46 colunas (esperado: 70)
⚠️ Linha 21811 tem 2 colunas (esperado: 70)
⚠️ Linha 21812 tem 24 colunas (esperado: 70)
⚠️ Linha 21819 tem 46 colunas (esperado: 70)
⚠️ Linha 21820 tem 2 colunas (esperado: 70)
⚠️ Linha 21821 tem 24 colunas (esperado: 70)
⚠️ Linha 21834 tem 46 colunas (esperado: 70)
⚠️ Linha 21835 tem 2 colunas (esperado: 70)
⚠️ Linha 21836 tem 24 colunas (esperado: 70)
⚠️ Linha 21844 tem 46 colunas (esperado: 70)
⚠️ Linha 21845 tem 25 colunas (esperado: 70)
⚠️ Linha 21850 tem 46 colunas (esperado: 70)
⚠️ Linha 21851 tem 2 colunas (esperado: 70)
⚠️ Linha 21852 tem 24 colunas (esperado: 70)
⚠️ Linha 21935 tem 46 colunas (esperado: 70)
⚠️ Linha 21936 tem 25 colunas (esperado: 70)
⚠️ Linha 21977 tem 46 colunas (esperado: 70)
⚠️ Linha 21978 tem 25 colunas (esperado: 70)
⚠️ Linha 21993 tem 46 colunas (esperado: 70)
⚠️ Linha 21994 tem 2 colunas (esperado: 70)
⚠️ Linha 21995 tem 24 colunas (esperado: 70)
⚠️ Linha 22007 tem 46 colunas (esperado: 70)
⚠️ Linha 22008 tem 2 colunas (esperado: 70)
⚠️ Linha 22009 tem 24 colunas (esperado: 70)
⚠️ Linha 22016 tem 46 colunas (esperado: 70)
⚠️ Linha 22017 tem 2 colunas (esperado: 70)
⚠️ Linha 22018 tem 24 colunas (esperado: 70)
⚠️ Linha 22066 tem 46 colunas (esperado: 70)
⚠️ Linha 22067 tem 2 colunas (esperado: 70)
⚠️ Linha 22068 tem 24 colunas (esperado: 70)
⚠️ Linha 22092 tem 46 colunas (esperado: 70)
⚠️ Linha 22093 tem 2 colunas (esperado: 70)
⚠️ Linha 22094 tem 24 colunas (esperado: 70)
⚠️ Linha 22109 tem 46 colunas (esperado: 70)
⚠️ Linha 22110 tem 2 colunas (esperado: 70)
⚠️ Linha 22111 tem 24 colunas (esperado: 70)
⚠️ Linha 22112 tem 46 colunas (esperado: 70)
⚠️ Linha 22113 tem 2 colunas (esperado: 70)
⚠️ Linha 22114 tem 24 colunas (esperado: 70)
⚠️ Linha 22147 tem 13 colunas (esperado: 70)
⚠️ Linha 22148 tem 59 colunas (esperado: 70)
⚠️ Linha 22152 tem 47 colunas (esperado: 70)
⚠️ Linha 22153 tem 24 colunas (esperado: 70)
⚠️ Linha 22162 tem 13 colunas (esperado: 70)
⚠️ Linha 22164 tem 51 colunas (esperado: 70)
⚠️ Linha 22189 tem 46 colunas (esperado: 70)
⚠️ Linha 22190 tem 2 colunas (esperado: 70)
⚠️ Linha 22191 tem 24 colunas (esperado: 70)
⚠️ Linha 22198 tem 46 colunas (esperado: 70)
⚠️ Linha 22199 tem 2 colunas (esperado: 70)
⚠️ Linha 22200 tem 24 colunas (esperado: 70)
⚠️ Linha 22250 tem 46 colunas (esperado: 70)
⚠️ Linha 22251 tem 25 colunas (esperado: 70)
⚠️ Linha 22257 tem 46 colunas (esperado: 70)
⚠️ Linha 22258 tem 2 colunas (esperado: 70)
⚠️ Linha 22259 tem 24 colunas (esperado: 70)
⚠️ Linha 22263 tem 13 colunas (esperado: 70)
⚠️ Linha 22264 tem 51 colunas (esperado: 70)
⚠️ Linha 22290 tem 46 colunas (esperado: 70)
⚠️ Linha 22291 tem 2 colunas (esperado: 70)
⚠️ Linha 22292 tem 24 colunas (esperado: 70)
⚠️ Linha 22294 tem 46 colunas (esperado: 70)
⚠️ Linha 22295 tem 2 colunas (esperado: 70)
⚠️ Linha 22296 tem 24 colunas (esperado: 70)
⚠️ Linha 22338 tem 46 colunas (esperado: 70)
⚠️ Linha 22339 tem 2 colunas (esperado: 70)
⚠️ Linha 22340 tem 24 colunas (esperado: 70)
⚠️ Linha 22364 tem 46 colunas (esperado: 70)
⚠️ Linha 22365 tem 25 colunas (esperado: 70)
⚠️ Linha 22416 tem 46 colunas (esperado: 70)
⚠️ Linha 22417 tem 2 colunas (esperado: 70)
⚠️ Linha 22418 tem 24 colunas (esperado: 70)
⚠️ Linha 22434 tem 46 colunas (esperado: 70)
⚠️ Linha 22435 tem 2 colunas (esperado: 70)
⚠️ Linha 22436 tem 24 colunas (esperado: 70)
⚠️ Linha 22495 tem 46 colunas (esperado: 70)
⚠️ Linha 22496 tem 2 colunas (esperado: 70)
⚠️ Linha 22497 tem 24 colunas (esperado: 70)
⚠️ Linha 22504 tem 46 colunas (esperado: 70)
⚠️ Linha 22505 tem 2 colunas (esperado: 70)
⚠️ Linha 22506 tem 24 colunas (esperado: 70)
⚠️ Linha 22514 tem 46 colunas (esperado: 70)
⚠️ Linha 22515 tem 2 colunas (esperado: 70)
⚠️ Linha 22516 tem 24 colunas (esperado: 70)
⚠️ Linha 22521 tem 46 colunas (esperado: 70)
⚠️ Linha 22522 tem 2 colunas (esperado: 70)
⚠️ Linha 22523 tem 24 colunas (esperado: 70)
⚠️ Linha 22587 tem 46 colunas (esperado: 70)
⚠️ Linha 22588 tem 2 colunas (esperado: 70)
⚠️ Linha 22589 tem 24 colunas (esperado: 70)
⚠️ Linha 22596 tem 46 colunas (esperado: 70)
⚠️ Linha 22597 tem 2 colunas (esperado: 70)
⚠️ Linha 22598 tem 24 colunas (esperado: 70)
⚠️ Linha 22600 tem 46 colunas (esperado: 70)
⚠️ Linha 22601 tem 2 colunas (esperado: 70)
⚠️ Linha 22602 tem 24 colunas (esperado: 70)
⚠️ Linha 22605 tem 46 colunas (esperado: 70)
⚠️ Linha 22606 tem 2 colunas (esperado: 70)
⚠️ Linha 22607 tem 24 colunas (esperado: 70)
⚠️ Linha 22610 tem 46 colunas (esperado: 70)
⚠️ Linha 22611 tem 2 colunas (esperado: 70)
⚠️ Linha 22612 tem 24 colunas (esperado: 70)
⚠️ Linha 22614 tem 46 colunas (esperado: 70)
⚠️ Linha 22615 tem 2 colunas (esperado: 70)
⚠️ Linha 22616 tem 24 colunas (esperado: 70)
⚠️ Linha 22642 tem 46 colunas (esperado: 70)
⚠️ Linha 22643 tem 2 colunas (esperado: 70)
⚠️ Linha 22644 tem 24 colunas (esperado: 70)
⚠️ Linha 22648 tem 47 colunas (esperado: 70)
⚠️ Linha 22649 tem 24 colunas (esperado: 70)
⚠️ Linha 22748 tem 47 colunas (esperado: 70)
⚠️ Linha 22749 tem 1 colunas (esperado: 70)
⚠️ Linha 22750 tem 1 colunas (esperado: 70)
⚠️ Linha 22778 tem 13 colunas (esperado: 70)
⚠️ Linha 22779 tem 51 colunas (esperado: 70)
⚠️ Linha 22800 tem 46 colunas (esperado: 70)
⚠️ Linha 22801 tem 2 colunas (esperado: 70)
⚠️ Linha 22802 tem 24 colunas (esperado: 70)
⚠️ Linha 22809 tem 46 colunas (esperado: 70)
⚠️ Linha 22810 tem 2 colunas (esperado: 70)
⚠️ Linha 22811 tem 24 colunas (esperado: 70)
⚠️ Linha 22814 tem 46 colunas (esperado: 70)
⚠️ Linha 22815 tem 2 colunas (esperado: 70)
⚠️ Linha 22816 tem 24 colunas (esperado: 70)
⚠️ Linha 22817 tem 46 colunas (esperado: 70)
⚠️ Linha 22818 tem 2 colunas (esperado: 70)
⚠️ Linha 22819 tem 24 colunas (esperado: 70)
⚠️ Linha 22853 tem 46 colunas (esperado: 70)
⚠️ Linha 22854 tem 2 colunas (esperado: 70)
⚠️ Linha 22855 tem 24 colunas (esperado: 70)
⚠️ Linha 22867 tem 46 colunas (esperado: 70)
⚠️ Linha 22868 tem 2 colunas (esperado: 70)
⚠️ Linha 22869 tem 24 colunas (esperado: 70)
⚠️ Linha 22895 tem 47 colunas (esperado: 70)
⚠️ Linha 22896 tem 1 colunas (esperado: 70)
⚠️ Linha 22912 tem 46 colunas (esperado: 70)
⚠️ Linha 22913 tem 2 colunas (esperado: 70)
⚠️ Linha 22914 tem 24 colunas (esperado: 70)
⚠️ Linha 22921 tem 46 colunas (esperado: 70)
⚠️ Linha 22922 tem 2 colunas (esperado: 70)
⚠️ Linha 22923 tem 24 colunas (esperado: 70)
⚠️ Linha 22972 tem 46 colunas (esperado: 70)
⚠️ Linha 22973 tem 2 colunas (esperado: 70)
⚠️ Linha 22974 tem 24 colunas (esperado: 70)
⚠️ Linha 22986 tem 46 colunas (esperado: 70)
⚠️ Linha 22987 tem 2 colunas (esperado: 70)
⚠️ Linha 22988 tem 24 colunas (esperado: 70)
⚠️ Linha 23007 tem 46 colunas (esperado: 70)
⚠️ Linha 23008 tem 2 colunas (esperado: 70)
⚠️ Linha 23009 tem 24 colunas (esperado: 70)
⚠️ Linha 23039 tem 46 colunas (esperado: 70)
⚠️ Linha 23040 tem 2 colunas (esperado: 70)
⚠️ Linha 23041 tem 24 colunas (esperado: 70)
⚠️ Linha 23055 tem 46 colunas (esperado: 70)
⚠️ Linha 23056 tem 2 colunas (esperado: 70)
⚠️ Linha 23057 tem 24 colunas (esperado: 70)
⚠️ Linha 23065 tem 46 colunas (esperado: 70)
⚠️ Linha 23066 tem 2 colunas (esperado: 70)
⚠️ Linha 23067 tem 24 colunas (esperado: 70)
⚠️ Linha 23074 tem 46 colunas (esperado: 70)
⚠️ Linha 23075 tem 2 colunas (esperado: 70)
⚠️ Linha 23076 tem 24 colunas (esperado: 70)
⚠️ Linha 23112 tem 46 colunas (esperado: 70)
⚠️ Linha 23113 tem 2 colunas (esperado: 70)
⚠️ Linha 23114 tem 24 colunas (esperado: 70)
⚠️ Linha 23119 tem 46 colunas (esperado: 70)
⚠️ Linha 23120 tem 2 colunas (esperado: 70)
⚠️ Linha 23121 tem 24 colunas (esperado: 70)
⚠️ Linha 23189 tem 46 colunas (esperado: 70)
⚠️ Linha 23190 tem 2 colunas (esperado: 70)
⚠️ Linha 23191 tem 24 colunas (esperado: 70)
⚠️ Linha 23214 tem 46 colunas (esperado: 70)
⚠️ Linha 23215 tem 2 colunas (esperado: 70)
⚠️ Linha 23216 tem 24 colunas (esperado: 70)
⚠️ Linha 23239 tem 46 colunas (esperado: 70)
⚠️ Linha 23240 tem 2 colunas (esperado: 70)
⚠️ Linha 23241 tem 24 colunas (esperado: 70)
⚠️ Linha 23301 tem 46 colunas (esperado: 70)
⚠️ Linha 23302 tem 2 colunas (esperado: 70)
⚠️ Linha 23303 tem 24 colunas (esperado: 70)
⚠️ Linha 23309 tem 46 colunas (esperado: 70)
⚠️ Linha 23310 tem 2 colunas (esperado: 70)
⚠️ Linha 23311 tem 24 colunas (esperado: 70)
⚠️ Linha 23315 tem 46 colunas (esperado: 70)
⚠️ Linha 23316 tem 2 colunas (esperado: 70)
⚠️ Linha 23317 tem 24 colunas (esperado: 70)
⚠️ Linha 23323 tem 46 colunas (esperado: 70)
⚠️ Linha 23324 tem 2 colunas (esperado: 70)
⚠️ Linha 23325 tem 24 colunas (esperado: 70)
⚠️ Linha 23340 tem 46 colunas (esperado: 70)
⚠️ Linha 23341 tem 2 colunas (esperado: 70)
⚠️ Linha 23342 tem 24 colunas (esperado: 70)
⚠️ Linha 23389 tem 47 colunas (esperado: 70)
⚠️ Linha 23390 tem 26 colunas (esperado: 70)
⚠️ Linha 23417 tem 46 colunas (esperado: 70)
⚠️ Linha 23418 tem 2 colunas (esperado: 70)
⚠️ Linha 23419 tem 24 colunas (esperado: 70)
⚠️ Linha 23426 tem 13 colunas (esperado: 70)
⚠️ Linha 23427 tem 1 colunas (esperado: 70)
⚠️ Linha 23428 tem 51 colunas (esperado: 70)
⚠️ Linha 23432 tem 46 colunas (esperado: 70)
⚠️ Linha 23433 tem 2 colunas (esperado: 70)
⚠️ Linha 23434 tem 24 colunas (esperado: 70)
⚠️ Linha 23442 tem 46 colunas (esperado: 70)
⚠️ Linha 23443 tem 2 colunas (esperado: 70)
⚠️ Linha 23444 tem 24 colunas (esperado: 70)
⚠️ Linha 23493 tem 46 colunas (esperado: 70)
⚠️ Linha 23494 tem 2 colunas (esperado: 70)
⚠️ Linha 23495 tem 24 colunas (esperado: 70)
⚠️ Linha 23516 tem 13 colunas (esperado: 70)
⚠️ Linha 23517 tem 1 colunas (esperado: 70)
⚠️ Linha 23519 tem 58 colunas (esperado: 70)
⚠️ Linha 23543 tem 46 colunas (esperado: 70)
⚠️ Linha 23544 tem 2 colunas (esperado: 70)
⚠️ Linha 23545 tem 24 colunas (esperado: 70)
⚠️ Linha 23578 tem 46 colunas (esperado: 70)
⚠️ Linha 23579 tem 2 colunas (esperado: 70)
⚠️ Linha 23580 tem 24 colunas (esperado: 70)
⚠️ Linha 23617 tem 46 colunas (esperado: 70)
⚠️ Linha 23618 tem 2 colunas (esperado: 70)
⚠️ Linha 23619 tem 1 colunas (esperado: 70)
⚠️ Linha 23620 tem 13 colunas (esperado: 70)
⚠️ Linha 23629 tem 46 colunas (esperado: 70)
⚠️ Linha 23630 tem 25 colunas (esperado: 70)
⚠️ Linha 23688 tem 46 colunas (esperado: 70)
⚠️ Linha 23689 tem 2 colunas (esperado: 70)
⚠️ Linha 23690 tem 24 colunas (esperado: 70)
⚠️ Linha 23706 tem 46 colunas (esperado: 70)
⚠️ Linha 23707 tem 2 colunas (esperado: 70)
⚠️ Linha 23708 tem 24 colunas (esperado: 70)
⚠️ Linha 23709 tem 46 colunas (esperado: 70)
⚠️ Linha 23710 tem 2 colunas (esperado: 70)
⚠️ Linha 23711 tem 24 colunas (esperado: 70)
⚠️ Linha 23743 tem 46 colunas (esperado: 70)
⚠️ Linha 23744 tem 2 colunas (esperado: 70)
⚠️ Linha 23745 tem 24 colunas (esperado: 70)
⚠️ Linha 23750 tem 46 colunas (esperado: 70)
⚠️ Linha 23751 tem 2 colunas (esperado: 70)
⚠️ Linha 23752 tem 24 colunas (esperado: 70)
⚠️ Linha 23776 tem 46 colunas (esperado: 70)
⚠️ Linha 23777 tem 2 colunas (esperado: 70)
⚠️ Linha 23778 tem 24 colunas (esperado: 70)
⚠️ Linha 23810 tem 46 colunas (esperado: 70)
⚠️ Linha 23811 tem 25 colunas (esperado: 70)
⚠️ Linha 23824 tem 46 colunas (esperado: 70)
⚠️ Linha 23825 tem 2 colunas (esperado: 70)
⚠️ Linha 23826 tem 24 colunas (esperado: 70)
⚠️ Linha 23839 tem 13 colunas (esperado: 70)
⚠️ Linha 23840 tem 58 colunas (esperado: 70)
⚠️ Linha 23842 tem 46 colunas (esperado: 70)
⚠️ Linha 23843 tem 2 colunas (esperado: 70)
⚠️ Linha 23844 tem 24 colunas (esperado: 70)
⚠️ Linha 23881 tem 46 colunas (esperado: 70)
⚠️ Linha 23882 tem 2 colunas (esperado: 70)
⚠️ Linha 23883 tem 24 colunas (esperado: 70)
⚠️ Linha 23901 tem 46 colunas (esperado: 70)
⚠️ Linha 23902 tem 2 colunas (esperado: 70)
⚠️ Linha 23903 tem 24 colunas (esperado: 70)
⚠️ Linha 23942 tem 46 colunas (esperado: 70)
⚠️ Linha 23943 tem 2 colunas (esperado: 70)
⚠️ Linha 23944 tem 24 colunas (esperado: 70)
⚠️ Linha 23990 tem 46 colunas (esperado: 70)
⚠️ Linha 23991 tem 2 colunas (esperado: 70)
⚠️ Linha 23992 tem 24 colunas (esperado: 70)
⚠️ Linha 23993 tem 46 colunas (esperado: 70)
⚠️ Linha 23994 tem 2 colunas (esperado: 70)
⚠️ Linha 23995 tem 24 colunas (esperado: 70)
⚠️ Linha 23998 tem 46 colunas (esperado: 70)
⚠️ Linha 23999 tem 2 colunas (esperado: 70)
⚠️ Linha 24000 tem 24 colunas (esperado: 70)
⚠️ Linha 24043 tem 46 colunas (esperado: 70)
⚠️ Linha 24044 tem 2 colunas (esperado: 70)
⚠️ Linha 24045 tem 24 colunas (esperado: 70)
⚠️ Linha 24047 tem 47 colunas (esperado: 70)
⚠️ Linha 24048 tem 24 colunas (esperado: 70)
⚠️ Linha 24057 tem 13 colunas (esperado: 70)
⚠️ Linha 24058 tem 51 colunas (esperado: 70)
⚠️ Linha 24124 tem 46 colunas (esperado: 70)
⚠️ Linha 24125 tem 2 colunas (esperado: 70)
⚠️ Linha 24126 tem 24 colunas (esperado: 70)
⚠️ Linha 24127 tem 46 colunas (esperado: 70)
⚠️ Linha 24128 tem 25 colunas (esperado: 70)
⚠️ Linha 24153 tem 46 colunas (esperado: 70)
⚠️ Linha 24154 tem 2 colunas (esperado: 70)
⚠️ Linha 24155 tem 24 colunas (esperado: 70)
⚠️ Linha 24172 tem 13 colunas (esperado: 70)
⚠️ Linha 24173 tem 51 colunas (esperado: 70)
⚠️ Linha 24177 tem 46 colunas (esperado: 70)
⚠️ Linha 24178 tem 2 colunas (esperado: 70)
⚠️ Linha 24179 tem 24 colunas (esperado: 70)
⚠️ Linha 24216 tem 46 colunas (esperado: 70)
⚠️ Linha 24217 tem 2 colunas (esperado: 70)
⚠️ Linha 24218 tem 24 colunas (esperado: 70)
⚠️ Linha 24274 tem 46 colunas (esperado: 70)
⚠️ Linha 24275 tem 2 colunas (esperado: 70)
⚠️ Linha 24276 tem 24 colunas (esperado: 70)
⚠️ Linha 24283 tem 46 colunas (esperado: 70)
⚠️ Linha 24284 tem 2 colunas (esperado: 70)
⚠️ Linha 24285 tem 24 colunas (esperado: 70)
⚠️ Linha 24300 tem 47 colunas (esperado: 70)
⚠️ Linha 24301 tem 24 colunas (esperado: 70)
⚠️ Linha 24308 tem 46 colunas (esperado: 70)
⚠️ Linha 24309 tem 2 colunas (esperado: 70)
⚠️ Linha 24310 tem 24 colunas (esperado: 70)
⚠️ Linha 24313 tem 46 colunas (esperado: 70)
⚠️ Linha 24314 tem 2 colunas (esperado: 70)
⚠️ Linha 24315 tem 24 colunas (esperado: 70)
⚠️ Linha 24324 tem 46 colunas (esperado: 70)
⚠️ Linha 24325 tem 25 colunas (esperado: 70)
⚠️ Linha 24328 tem 46 colunas (esperado: 70)
⚠️ Linha 24329 tem 2 colunas (esperado: 70)
⚠️ Linha 24330 tem 24 colunas (esperado: 70)
⚠️ Linha 24332 tem 46 colunas (esperado: 70)
⚠️ Linha 24333 tem 2 colunas (esperado: 70)
⚠️ Linha 24334 tem 24 colunas (esperado: 70)
⚠️ Linha 24341 tem 46 colunas (esperado: 70)
⚠️ Linha 24342 tem 2 colunas (esperado: 70)
⚠️ Linha 24343 tem 24 colunas (esperado: 70)
⚠️ Linha 24389 tem 46 colunas (esperado: 70)
⚠️ Linha 24390 tem 25 colunas (esperado: 70)
⚠️ Linha 24466 tem 46 colunas (esperado: 70)
⚠️ Linha 24467 tem 2 colunas (esperado: 70)
⚠️ Linha 24468 tem 24 colunas (esperado: 70)
⚠️ Linha 24489 tem 46 colunas (esperado: 70)
⚠️ Linha 24490 tem 2 colunas (esperado: 70)
⚠️ Linha 24491 tem 24 colunas (esperado: 70)
⚠️ Linha 24497 tem 46 colunas (esperado: 70)
⚠️ Linha 24498 tem 2 colunas (esperado: 70)
⚠️ Linha 24499 tem 24 colunas (esperado: 70)
⚠️ Linha 24503 tem 46 colunas (esperado: 70)
⚠️ Linha 24504 tem 2 colunas (esperado: 70)
⚠️ Linha 24505 tem 24 colunas (esperado: 70)
⚠️ Linha 24532 tem 46 colunas (esperado: 70)
⚠️ Linha 24533 tem 2 colunas (esperado: 70)
⚠️ Linha 24534 tem 24 colunas (esperado: 70)
⚠️ Linha 24572 tem 46 colunas (esperado: 70)
⚠️ Linha 24573 tem 2 colunas (esperado: 70)
⚠️ Linha 24574 tem 24 colunas (esperado: 70)
⚠️ Linha 24637 tem 46 colunas (esperado: 70)
⚠️ Linha 24638 tem 2 colunas (esperado: 70)
⚠️ Linha 24639 tem 24 colunas (esperado: 70)
⚠️ Linha 24663 tem 46 colunas (esperado: 70)
⚠️ Linha 24664 tem 2 colunas (esperado: 70)
⚠️ Linha 24665 tem 24 colunas (esperado: 70)
⚠️ Linha 24668 tem 47 colunas (esperado: 70)
⚠️ Linha 24669 tem 24 colunas (esperado: 70)
⚠️ Linha 24680 tem 46 colunas (esperado: 70)
⚠️ Linha 24681 tem 2 colunas (esperado: 70)
⚠️ Linha 24682 tem 24 colunas (esperado: 70)
⚠️ Linha 24708 tem 46 colunas (esperado: 70)
⚠️ Linha 24709 tem 2 colunas (esperado: 70)
⚠️ Linha 24710 tem 24 colunas (esperado: 70)
⚠️ Linha 24752 tem 46 colunas (esperado: 70)
⚠️ Linha 24753 tem 2 colunas (esperado: 70)
⚠️ Linha 24754 tem 24 colunas (esperado: 70)
⚠️ Linha 24755 tem 46 colunas (esperado: 70)
⚠️ Linha 24756 tem 2 colunas (esperado: 70)
⚠️ Linha 24757 tem 24 colunas (esperado: 70)
⚠️ Linha 24764 tem 13 colunas (esperado: 70)
⚠️ Linha 24765 tem 58 colunas (esperado: 70)
⚠️ Linha 24772 tem 46 colunas (esperado: 70)
⚠️ Linha 24773 tem 25 colunas (esperado: 70)
⚠️ Linha 24774 tem 46 colunas (esperado: 70)
⚠️ Linha 24775 tem 2 colunas (esperado: 70)
⚠️ Linha 24776 tem 24 colunas (esperado: 70)
⚠️ Linha 24785 tem 46 colunas (esperado: 70)
⚠️ Linha 24786 tem 2 colunas (esperado: 70)
⚠️ Linha 24787 tem 24 colunas (esperado: 70)
⚠️ Linha 24811 tem 46 colunas (esperado: 70)
⚠️ Linha 24812 tem 2 colunas (esperado: 70)
⚠️ Linha 24813 tem 24 colunas (esperado: 70)
⚠️ Linha 24819 tem 46 colunas (esperado: 70)
⚠️ Linha 24820 tem 2 colunas (esperado: 70)
⚠️ Linha 24821 tem 24 colunas (esperado: 70)
⚠️ Linha 24837 tem 46 colunas (esperado: 70)
⚠️ Linha 24838 tem 2 colunas (esperado: 70)
⚠️ Linha 24839 tem 24 colunas (esperado: 70)
⚠️ Linha 24842 tem 46 colunas (esperado: 70)
⚠️ Linha 24843 tem 2 colunas (esperado: 70)
⚠️ Linha 24844 tem 24 colunas (esperado: 70)
⚠️ Linha 24845 tem 46 colunas (esperado: 70)
⚠️ Linha 24846 tem 2 colunas (esperado: 70)
⚠️ Linha 24847 tem 24 colunas (esperado: 70)
⚠️ Linha 24918 tem 46 colunas (esperado: 70)
⚠️ Linha 24919 tem 2 colunas (esperado: 70)
⚠️ Linha 24920 tem 24 colunas (esperado: 70)
⚠️ Linha 24922 tem 46 colunas (esperado: 70)
⚠️ Linha 24923 tem 2 colunas (esperado: 70)
⚠️ Linha 24924 tem 24 colunas (esperado: 70)
⚠️ Linha 24928 tem 46 colunas (esperado: 70)
⚠️ Linha 24929 tem 2 colunas (esperado: 70)
⚠️ Linha 24930 tem 24 colunas (esperado: 70)
⚠️ Linha 24960 tem 46 colunas (esperado: 70)
⚠️ Linha 24961 tem 2 colunas (esperado: 70)
⚠️ Linha 24962 tem 1 colunas (esperado: 70)
⚠️ Linha 24963 tem 13 colunas (esperado: 70)
⚠️ Linha 25026 tem 47 colunas (esperado: 70)
⚠️ Linha 25027 tem 13 colunas (esperado: 70)
⚠️ Linha 25045 tem 46 colunas (esperado: 70)
⚠️ Linha 25046 tem 2 colunas (esperado: 70)
⚠️ Linha 25047 tem 24 colunas (esperado: 70)
⚠️ Linha 25149 tem 46 colunas (esperado: 70)
⚠️ Linha 25150 tem 2 colunas (esperado: 70)
⚠️ Linha 25151 tem 24 colunas (esperado: 70)
⚠️ Linha 25152 tem 46 colunas (esperado: 70)
⚠️ Linha 25153 tem 2 colunas (esperado: 70)
⚠️ Linha 25154 tem 24 colunas (esperado: 70)
⚠️ Linha 25234 tem 46 colunas (esperado: 70)
⚠️ Linha 25235 tem 2 colunas (esperado: 70)
⚠️ Linha 25236 tem 24 colunas (esperado: 70)
⚠️ Linha 25249 tem 46 colunas (esperado: 70)
⚠️ Linha 25250 tem 2 colunas (esperado: 70)
⚠️ Linha 25251 tem 24 colunas (esperado: 70)
⚠️ Linha 25257 tem 46 colunas (esperado: 70)
⚠️ Linha 25258 tem 2 colunas (esperado: 70)
⚠️ Linha 25259 tem 24 colunas (esperado: 70)
⚠️ Linha 25292 tem 46 colunas (esperado: 70)
⚠️ Linha 25293 tem 25 colunas (esperado: 70)
⚠️ Linha 25311 tem 46 colunas (esperado: 70)
⚠️ Linha 25312 tem 2 colunas (esperado: 70)
⚠️ Linha 25313 tem 24 colunas (esperado: 70)
⚠️ Linha 25321 tem 46 colunas (esperado: 70)
⚠️ Linha 25322 tem 2 colunas (esperado: 70)
⚠️ Linha 25323 tem 24 colunas (esperado: 70)
⚠️ Linha 25408 tem 46 colunas (esperado: 70)
⚠️ Linha 25409 tem 25 colunas (esperado: 70)
⚠️ Linha 25411 tem 46 colunas (esperado: 70)
⚠️ Linha 25412 tem 2 colunas (esperado: 70)
⚠️ Linha 25413 tem 24 colunas (esperado: 70)
⚠️ Linha 25422 tem 46 colunas (esperado: 70)
⚠️ Linha 25423 tem 2 colunas (esperado: 70)
⚠️ Linha 25424 tem 24 colunas (esperado: 70)
⚠️ Linha 25427 tem 13 colunas (esperado: 70)
⚠️ Linha 25428 tem 51 colunas (esperado: 70)
⚠️ Linha 25429 tem 46 colunas (esperado: 70)
⚠️ Linha 25430 tem 2 colunas (esperado: 70)
⚠️ Linha 25431 tem 24 colunas (esperado: 70)
⚠️ Linha 25434 tem 46 colunas (esperado: 70)
⚠️ Linha 25435 tem 2 colunas (esperado: 70)
⚠️ Linha 25436 tem 24 colunas (esperado: 70)
⚠️ Linha 25448 tem 46 colunas (esperado: 70)
⚠️ Linha 25449 tem 25 colunas (esperado: 70)
⚠️ Linha 25461 tem 46 colunas (esperado: 70)
⚠️ Linha 25462 tem 25 colunas (esperado: 70)
⚠️ Linha 25473 tem 46 colunas (esperado: 70)
⚠️ Linha 25474 tem 25 colunas (esperado: 70)
⚠️ Linha 25487 tem 46 colunas (esperado: 70)
⚠️ Linha 25488 tem 2 colunas (esperado: 70)
⚠️ Linha 25489 tem 24 colunas (esperado: 70)
⚠️ Linha 25525 tem 46 colunas (esperado: 70)
⚠️ Linha 25526 tem 2 colunas (esperado: 70)
⚠️ Linha 25527 tem 24 colunas (esperado: 70)
⚠️ Linha 25533 tem 46 colunas (esperado: 70)
⚠️ Linha 25534 tem 25 colunas (esperado: 70)
⚠️ Linha 25548 tem 46 colunas (esperado: 70)
⚠️ Linha 25549 tem 25 colunas (esperado: 70)
⚠️ Linha 25556 tem 46 colunas (esperado: 70)
⚠️ Linha 25557 tem 2 colunas (esperado: 70)
⚠️ Linha 25558 tem 24 colunas (esperado: 70)
⚠️ Linha 25566 tem 46 colunas (esperado: 70)
⚠️ Linha 25567 tem 2 colunas (esperado: 70)
⚠️ Linha 25568 tem 24 colunas (esperado: 70)
⚠️ Linha 25574 tem 47 colunas (esperado: 70)
⚠️ Linha 25575 tem 24 colunas (esperado: 70)
⚠️ Linha 25588 tem 46 colunas (esperado: 70)
⚠️ Linha 25589 tem 2 colunas (esperado: 70)
⚠️ Linha 25590 tem 24 colunas (esperado: 70)
⚠️ Linha 25591 tem 46 colunas (esperado: 70)
⚠️ Linha 25592 tem 2 colunas (esperado: 70)
⚠️ Linha 25593 tem 24 colunas (esperado: 70)
⚠️ Linha 25595 tem 46 colunas (esperado: 70)
⚠️ Linha 25596 tem 2 colunas (esperado: 70)
⚠️ Linha 25597 tem 24 colunas (esperado: 70)
⚠️ Linha 25606 tem 46 colunas (esperado: 70)
⚠️ Linha 25607 tem 2 colunas (esperado: 70)
⚠️ Linha 25608 tem 24 colunas (esperado: 70)
⚠️ Linha 25622 tem 46 colunas (esperado: 70)
⚠️ Linha 25623 tem 2 colunas (esperado: 70)
⚠️ Linha 25624 tem 24 colunas (esperado: 70)
⚠️ Linha 25638 tem 46 colunas (esperado: 70)
⚠️ Linha 25639 tem 2 colunas (esperado: 70)
⚠️ Linha 25640 tem 24 colunas (esperado: 70)
⚠️ Linha 25643 tem 46 colunas (esperado: 70)
⚠️ Linha 25644 tem 2 colunas (esperado: 70)
⚠️ Linha 25645 tem 24 colunas (esperado: 70)
⚠️ Linha 25646 tem 47 colunas (esperado: 70)
⚠️ Linha 25647 tem 1 colunas (esperado: 70)
⚠️ Linha 25648 tem 46 colunas (esperado: 70)
⚠️ Linha 25649 tem 2 colunas (esperado: 70)
⚠️ Linha 25650 tem 24 colunas (esperado: 70)
⚠️ Linha 25659 tem 46 colunas (esperado: 70)
⚠️ Linha 25660 tem 2 colunas (esperado: 70)
⚠️ Linha 25661 tem 24 colunas (esperado: 70)
⚠️ Linha 25694 tem 46 colunas (esperado: 70)
⚠️ Linha 25695 tem 2 colunas (esperado: 70)
⚠️ Linha 25696 tem 24 colunas (esperado: 70)
⚠️ Linha 25701 tem 46 colunas (esperado: 70)
⚠️ Linha 25702 tem 2 colunas (esperado: 70)
⚠️ Linha 25703 tem 24 colunas (esperado: 70)
⚠️ Linha 25704 tem 46 colunas (esperado: 70)
⚠️ Linha 25705 tem 2 colunas (esperado: 70)
⚠️ Linha 25706 tem 24 colunas (esperado: 70)
⚠️ Linha 25709 tem 46 colunas (esperado: 70)
⚠️ Linha 25710 tem 2 colunas (esperado: 70)
⚠️ Linha 25711 tem 24 colunas (esperado: 70)
⚠️ Linha 25726 tem 46 colunas (esperado: 70)
⚠️ Linha 25727 tem 25 colunas (esperado: 70)
⚠️ Linha 25730 tem 46 colunas (esperado: 70)
⚠️ Linha 25731 tem 2 colunas (esperado: 70)
⚠️ Linha 25732 tem 24 colunas (esperado: 70)
⚠️ Linha 25733 tem 46 colunas (esperado: 70)
⚠️ Linha 25734 tem 2 colunas (esperado: 70)
⚠️ Linha 25735 tem 24 colunas (esperado: 70)
⚠️ Linha 25749 tem 46 colunas (esperado: 70)
⚠️ Linha 25750 tem 2 colunas (esperado: 70)
⚠️ Linha 25751 tem 24 colunas (esperado: 70)
⚠️ Linha 25757 tem 46 colunas (esperado: 70)
⚠️ Linha 25758 tem 25 colunas (esperado: 70)
⚠️ Linha 25769 tem 46 colunas (esperado: 70)
⚠️ Linha 25770 tem 2 colunas (esperado: 70)
⚠️ Linha 25771 tem 24 colunas (esperado: 70)
⚠️ Linha 25779 tem 46 colunas (esperado: 70)
⚠️ Linha 25780 tem 2 colunas (esperado: 70)
⚠️ Linha 25781 tem 24 colunas (esperado: 70)
⚠️ Linha 25787 tem 46 colunas (esperado: 70)
⚠️ Linha 25788 tem 2 colunas (esperado: 70)
⚠️ Linha 25789 tem 24 colunas (esperado: 70)
⚠️ Linha 25793 tem 46 colunas (esperado: 70)
⚠️ Linha 25794 tem 2 colunas (esperado: 70)
⚠️ Linha 25795 tem 24 colunas (esperado: 70)
⚠️ Linha 25809 tem 46 colunas (esperado: 70)
⚠️ Linha 25810 tem 2 colunas (esperado: 70)
⚠️ Linha 25811 tem 24 colunas (esperado: 70)
⚠️ Linha 25840 tem 46 colunas (esperado: 70)
⚠️ Linha 25841 tem 2 colunas (esperado: 70)
⚠️ Linha 25842 tem 24 colunas (esperado: 70)
⚠️ Linha 25855 tem 13 colunas (esperado: 70)
⚠️ Linha 25856 tem 58 colunas (esperado: 70)
⚠️ Linha 25869 tem 46 colunas (esperado: 70)
⚠️ Linha 25870 tem 2 colunas (esperado: 70)
⚠️ Linha 25871 tem 24 colunas (esperado: 70)
⚠️ Linha 25935 tem 46 colunas (esperado: 70)
⚠️ Linha 25936 tem 2 colunas (esperado: 70)
⚠️ Linha 25937 tem 24 colunas (esperado: 70)
⚠️ Linha 25962 tem 46 colunas (esperado: 70)
⚠️ Linha 25963 tem 2 colunas (esperado: 70)
⚠️ Linha 25964 tem 24 colunas (esperado: 70)
⚠️ Linha 25965 tem 46 colunas (esperado: 70)
⚠️ Linha 25966 tem 2 colunas (esperado: 70)
⚠️ Linha 25967 tem 24 colunas (esperado: 70)
⚠️ Linha 25971 tem 46 colunas (esperado: 70)
⚠️ Linha 25972 tem 2 colunas (esperado: 70)
⚠️ Linha 25973 tem 24 colunas (esperado: 70)
⚠️ Linha 25983 tem 46 colunas (esperado: 70)
⚠️ Linha 25984 tem 2 colunas (esperado: 70)
⚠️ Linha 25985 tem 24 colunas (esperado: 70)
⚠️ Linha 25992 tem 46 colunas (esperado: 70)
⚠️ Linha 25993 tem 2 colunas (esperado: 70)
⚠️ Linha 25994 tem 24 colunas (esperado: 70)
⚠️ Linha 25998 tem 46 colunas (esperado: 70)
⚠️ Linha 25999 tem 2 colunas (esperado: 70)
⚠️ Linha 26000 tem 24 colunas (esperado: 70)
⚠️ Linha 26001 tem 46 colunas (esperado: 70)
⚠️ Linha 26002 tem 2 colunas (esperado: 70)
⚠️ Linha 26003 tem 24 colunas (esperado: 70)
⚠️ Linha 26004 tem 46 colunas (esperado: 70)
⚠️ Linha 26005 tem 25 colunas (esperado: 70)
⚠️ Linha 26007 tem 46 colunas (esperado: 70)
⚠️ Linha 26008 tem 2 colunas (esperado: 70)
⚠️ Linha 26009 tem 24 colunas (esperado: 70)
⚠️ Linha 26018 tem 46 colunas (esperado: 70)
⚠️ Linha 26019 tem 2 colunas (esperado: 70)
⚠️ Linha 26020 tem 24 colunas (esperado: 70)
⚠️ Linha 26021 tem 46 colunas (esperado: 70)
⚠️ Linha 26022 tem 2 colunas (esperado: 70)
⚠️ Linha 26023 tem 24 colunas (esperado: 70)
⚠️ Linha 26053 tem 46 colunas (esperado: 70)
⚠️ Linha 26054 tem 2 colunas (esperado: 70)
⚠️ Linha 26055 tem 24 colunas (esperado: 70)
⚠️ Linha 26056 tem 46 colunas (esperado: 70)
⚠️ Linha 26057 tem 2 colunas (esperado: 70)
⚠️ Linha 26058 tem 24 colunas (esperado: 70)
⚠️ Linha 26104 tem 46 colunas (esperado: 70)
⚠️ Linha 26105 tem 2 colunas (esperado: 70)
⚠️ Linha 26106 tem 24 colunas (esperado: 70)
⚠️ Linha 26120 tem 46 colunas (esperado: 70)
⚠️ Linha 26121 tem 2 colunas (esperado: 70)
⚠️ Linha 26122 tem 24 colunas (esperado: 70)
⚠️ Linha 26123 tem 46 colunas (esperado: 70)
⚠️ Linha 26124 tem 25 colunas (esperado: 70)
⚠️ Linha 26128 tem 46 colunas (esperado: 70)
⚠️ Linha 26129 tem 2 colunas (esperado: 70)
⚠️ Linha 26130 tem 24 colunas (esperado: 70)
⚠️ Linha 26132 tem 46 colunas (esperado: 70)
⚠️ Linha 26133 tem 2 colunas (esperado: 70)
⚠️ Linha 26134 tem 24 colunas (esperado: 70)
⚠️ Linha 26139 tem 46 colunas (esperado: 70)
⚠️ Linha 26140 tem 2 colunas (esperado: 70)
⚠️ Linha 26141 tem 24 colunas (esperado: 70)
⚠️ Linha 26142 tem 46 colunas (esperado: 70)
⚠️ Linha 26143 tem 2 colunas (esperado: 70)
⚠️ Linha 26144 tem 24 colunas (esperado: 70)
⚠️ Linha 26147 tem 46 colunas (esperado: 70)
⚠️ Linha 26148 tem 2 colunas (esperado: 70)
⚠️ Linha 26149 tem 24 colunas (esperado: 70)
⚠️ Linha 26155 tem 46 colunas (esperado: 70)
⚠️ Linha 26156 tem 2 colunas (esperado: 70)
⚠️ Linha 26157 tem 24 colunas (esperado: 70)
⚠️ Linha 26179 tem 13 colunas (esperado: 70)
⚠️ Linha 26180 tem 51 colunas (esperado: 70)
⚠️ Linha 26181 tem 46 colunas (esperado: 70)
⚠️ Linha 26182 tem 2 colunas (esperado: 70)
⚠️ Linha 26183 tem 24 colunas (esperado: 70)
⚠️ Linha 26188 tem 46 colunas (esperado: 70)
⚠️ Linha 26189 tem 2 colunas (esperado: 70)
⚠️ Linha 26190 tem 24 colunas (esperado: 70)
⚠️ Linha 26202 tem 46 colunas (esperado: 70)
⚠️ Linha 26203 tem 2 colunas (esperado: 70)
⚠️ Linha 26204 tem 24 colunas (esperado: 70)
⚠️ Linha 26211 tem 46 colunas (esperado: 70)
⚠️ Linha 26212 tem 2 colunas (esperado: 70)
⚠️ Linha 26213 tem 24 colunas (esperado: 70)
⚠️ Linha 26272 tem 46 colunas (esperado: 70)
⚠️ Linha 26273 tem 2 colunas (esperado: 70)
⚠️ Linha 26274 tem 24 colunas (esperado: 70)
⚠️ Linha 26277 tem 46 colunas (esperado: 70)
⚠️ Linha 26278 tem 2 colunas (esperado: 70)
⚠️ Linha 26279 tem 24 colunas (esperado: 70)
⚠️ Linha 26280 tem 46 colunas (esperado: 70)
⚠️ Linha 26281 tem 2 colunas (esperado: 70)
⚠️ Linha 26282 tem 24 colunas (esperado: 70)
⚠️ Linha 26286 tem 46 colunas (esperado: 70)
⚠️ Linha 26287 tem 2 colunas (esperado: 70)
⚠️ Linha 26288 tem 24 colunas (esperado: 70)
⚠️ Linha 26298 tem 46 colunas (esperado: 70)
⚠️ Linha 26299 tem 2 colunas (esperado: 70)
⚠️ Linha 26300 tem 24 colunas (esperado: 70)
⚠️ Linha 26310 tem 46 colunas (esperado: 70)
⚠️ Linha 26311 tem 2 colunas (esperado: 70)
⚠️ Linha 26312 tem 1 colunas (esperado: 70)
⚠️ Linha 26313 tem 13 colunas (esperado: 70)
⚠️ Linha 26338 tem 46 colunas (esperado: 70)
⚠️ Linha 26339 tem 2 colunas (esperado: 70)
⚠️ Linha 26340 tem 24 colunas (esperado: 70)
⚠️ Linha 26342 tem 13 colunas (esperado: 70)
⚠️ Linha 26344 tem 58 colunas (esperado: 70)
⚠️ Linha 26348 tem 46 colunas (esperado: 70)
⚠️ Linha 26349 tem 2 colunas (esperado: 70)
⚠️ Linha 26350 tem 24 colunas (esperado: 70)
⚠️ Linha 26498 tem 46 colunas (esperado: 70)
⚠️ Linha 26499 tem 2 colunas (esperado: 70)
⚠️ Linha 26500 tem 24 colunas (esperado: 70)
⚠️ Linha 26505 tem 46 colunas (esperado: 70)
⚠️ Linha 26506 tem 2 colunas (esperado: 70)
⚠️ Linha 26507 tem 24 colunas (esperado: 70)
⚠️ Linha 26538 tem 47 colunas (esperado: 70)
⚠️ Linha 26539 tem 24 colunas (esperado: 70)
⚠️ Linha 26598 tem 46 colunas (esperado: 70)
⚠️ Linha 26599 tem 2 colunas (esperado: 70)
⚠️ Linha 26600 tem 24 colunas (esperado: 70)
⚠️ Linha 26601 tem 46 colunas (esperado: 70)
⚠️ Linha 26602 tem 25 colunas (esperado: 70)
⚠️ Linha 26612 tem 46 colunas (esperado: 70)
⚠️ Linha 26613 tem 2 colunas (esperado: 70)
⚠️ Linha 26614 tem 24 colunas (esperado: 70)
⚠️ Linha 26617 tem 46 colunas (esperado: 70)
⚠️ Linha 26618 tem 25 colunas (esperado: 70)
⚠️ Linha 26622 tem 46 colunas (esperado: 70)
⚠️ Linha 26623 tem 2 colunas (esperado: 70)
⚠️ Linha 26624 tem 1 colunas (esperado: 70)
⚠️ Linha 26625 tem 1 colunas (esperado: 70)
⚠️ Linha 26670 tem 46 colunas (esperado: 70)
⚠️ Linha 26671 tem 2 colunas (esperado: 70)
⚠️ Linha 26672 tem 24 colunas (esperado: 70)
⚠️ Linha 26738 tem 46 colunas (esperado: 70)
⚠️ Linha 26739 tem 2 colunas (esperado: 70)
⚠️ Linha 26740 tem 24 colunas (esperado: 70)
⚠️ Linha 26742 tem 46 colunas (esperado: 70)
⚠️ Linha 26743 tem 25 colunas (esperado: 70)
⚠️ Linha 26750 tem 46 colunas (esperado: 70)
⚠️ Linha 26751 tem 2 colunas (esperado: 70)
⚠️ Linha 26752 tem 24 colunas (esperado: 70)
⚠️ Linha 26770 tem 46 colunas (esperado: 70)
⚠️ Linha 26771 tem 2 colunas (esperado: 70)
⚠️ Linha 26772 tem 24 colunas (esperado: 70)
⚠️ Linha 26774 tem 46 colunas (esperado: 70)
⚠️ Linha 26775 tem 2 colunas (esperado: 70)
⚠️ Linha 26776 tem 24 colunas (esperado: 70)
⚠️ Linha 26790 tem 46 colunas (esperado: 70)
⚠️ Linha 26791 tem 2 colunas (esperado: 70)
⚠️ Linha 26792 tem 24 colunas (esperado: 70)
⚠️ Linha 26805 tem 46 colunas (esperado: 70)
⚠️ Linha 26806 tem 2 colunas (esperado: 70)
⚠️ Linha 26807 tem 24 colunas (esperado: 70)
⚠️ Linha 26810 tem 46 colunas (esperado: 70)
⚠️ Linha 26811 tem 2 colunas (esperado: 70)
⚠️ Linha 26812 tem 24 colunas (esperado: 70)
⚠️ Linha 26821 tem 46 colunas (esperado: 70)
⚠️ Linha 26822 tem 2 colunas (esperado: 70)
⚠️ Linha 26823 tem 24 colunas (esperado: 70)
⚠️ Linha 26864 tem 46 colunas (esperado: 70)
⚠️ Linha 26865 tem 2 colunas (esperado: 70)
⚠️ Linha 26866 tem 24 colunas (esperado: 70)
⚠️ Linha 26871 tem 46 colunas (esperado: 70)
⚠️ Linha 26872 tem 2 colunas (esperado: 70)
⚠️ Linha 26873 tem 24 colunas (esperado: 70)
⚠️ Linha 26895 tem 46 colunas (esperado: 70)
⚠️ Linha 26896 tem 2 colunas (esperado: 70)
⚠️ Linha 26897 tem 24 colunas (esperado: 70)
⚠️ Linha 27060 tem 46 colunas (esperado: 70)
⚠️ Linha 27061 tem 2 colunas (esperado: 70)
⚠️ Linha 27062 tem 24 colunas (esperado: 70)
⚠️ Linha 27108 tem 46 colunas (esperado: 70)
⚠️ Linha 27109 tem 25 colunas (esperado: 70)
⚠️ Linha 27126 tem 46 colunas (esperado: 70)
⚠️ Linha 27127 tem 2 colunas (esperado: 70)
⚠️ Linha 27128 tem 24 colunas (esperado: 70)
⚠️ Linha 27132 tem 46 colunas (esperado: 70)
⚠️ Linha 27133 tem 2 colunas (esperado: 70)
⚠️ Linha 27134 tem 24 colunas (esperado: 70)
⚠️ Linha 27145 tem 46 colunas (esperado: 70)
⚠️ Linha 27146 tem 2 colunas (esperado: 70)
⚠️ Linha 27147 tem 24 colunas (esperado: 70)
⚠️ Linha 27169 tem 47 colunas (esperado: 70)
⚠️ Linha 27170 tem 24 colunas (esperado: 70)
⚠️ Linha 27186 tem 46 colunas (esperado: 70)
⚠️ Linha 27187 tem 2 colunas (esperado: 70)
⚠️ Linha 27188 tem 24 colunas (esperado: 70)
⚠️ Linha 27195 tem 46 colunas (esperado: 70)
⚠️ Linha 27196 tem 2 colunas (esperado: 70)
⚠️ Linha 27197 tem 24 colunas (esperado: 70)
⚠️ Linha 27210 tem 46 colunas (esperado: 70)
⚠️ Linha 27211 tem 25 colunas (esperado: 70)
⚠️ Linha 27222 tem 46 colunas (esperado: 70)
⚠️ Linha 27223 tem 2 colunas (esperado: 70)
⚠️ Linha 27224 tem 24 colunas (esperado: 70)
⚠️ Linha 27231 tem 46 colunas (esperado: 70)
⚠️ Linha 27232 tem 2 colunas (esperado: 70)
⚠️ Linha 27233 tem 24 colunas (esperado: 70)
⚠️ Linha 27286 tem 46 colunas (esperado: 70)
⚠️ Linha 27287 tem 2 colunas (esperado: 70)
⚠️ Linha 27288 tem 24 colunas (esperado: 70)
⚠️ Linha 27296 tem 46 colunas (esperado: 70)
⚠️ Linha 27297 tem 2 colunas (esperado: 70)
⚠️ Linha 27298 tem 24 colunas (esperado: 70)
⚠️ Linha 27319 tem 46 colunas (esperado: 70)
⚠️ Linha 27320 tem 2 colunas (esperado: 70)
⚠️ Linha 27321 tem 24 colunas (esperado: 70)
⚠️ Linha 27325 tem 46 colunas (esperado: 70)
⚠️ Linha 27326 tem 2 colunas (esperado: 70)
⚠️ Linha 27327 tem 24 colunas (esperado: 70)
⚠️ Linha 27346 tem 46 colunas (esperado: 70)
⚠️ Linha 27347 tem 2 colunas (esperado: 70)
⚠️ Linha 27348 tem 24 colunas (esperado: 70)
⚠️ Linha 27361 tem 46 colunas (esperado: 70)
⚠️ Linha 27362 tem 2 colunas (esperado: 70)
⚠️ Linha 27363 tem 24 colunas (esperado: 70)
⚠️ Linha 27433 tem 47 colunas (esperado: 70)
⚠️ Linha 27434 tem 24 colunas (esperado: 70)
⚠️ Linha 27488 tem 46 colunas (esperado: 70)
⚠️ Linha 27489 tem 2 colunas (esperado: 70)
⚠️ Linha 27490 tem 24 colunas (esperado: 70)
⚠️ Linha 27492 tem 46 colunas (esperado: 70)
⚠️ Linha 27493 tem 2 colunas (esperado: 70)
⚠️ Linha 27494 tem 24 colunas (esperado: 70)
⚠️ Linha 27527 tem 46 colunas (esperado: 70)
⚠️ Linha 27528 tem 2 colunas (esperado: 70)
⚠️ Linha 27529 tem 24 colunas (esperado: 70)
⚠️ Linha 27608 tem 46 colunas (esperado: 70)
⚠️ Linha 27609 tem 2 colunas (esperado: 70)
⚠️ Linha 27610 tem 24 colunas (esperado: 70)
⚠️ Linha 27613 tem 46 colunas (esperado: 70)
⚠️ Linha 27614 tem 2 colunas (esperado: 70)
⚠️ Linha 27615 tem 24 colunas (esperado: 70)
⚠️ Linha 27631 tem 46 colunas (esperado: 70)
⚠️ Linha 27632 tem 25 colunas (esperado: 70)
⚠️ Linha 27700 tem 46 colunas (esperado: 70)
⚠️ Linha 27701 tem 2 colunas (esperado: 70)
⚠️ Linha 27702 tem 24 colunas (esperado: 70)
⚠️ Linha 27707 tem 47 colunas (esperado: 70)
⚠️ Linha 27708 tem 24 colunas (esperado: 70)
⚠️ Linha 27762 tem 46 colunas (esperado: 70)
⚠️ Linha 27763 tem 2 colunas (esperado: 70)
⚠️ Linha 27764 tem 24 colunas (esperado: 70)
⚠️ Linha 27766 tem 46 colunas (esperado: 70)
⚠️ Linha 27767 tem 2 colunas (esperado: 70)
⚠️ Linha 27768 tem 24 colunas (esperado: 70)
⚠️ Linha 27796 tem 46 colunas (esperado: 70)
⚠️ Linha 27797 tem 2 colunas (esperado: 70)
⚠️ Linha 27798 tem 24 colunas (esperado: 70)
⚠️ Linha 27805 tem 46 colunas (esperado: 70)
⚠️ Linha 27806 tem 2 colunas (esperado: 70)
⚠️ Linha 27807 tem 24 colunas (esperado: 70)
⚠️ Linha 27833 tem 13 colunas (esperado: 70)
⚠️ Linha 27834 tem 51 colunas (esperado: 70)
⚠️ Linha 27838 tem 47 colunas (esperado: 70)
⚠️ Linha 27839 tem 13 colunas (esperado: 70)
⚠️ Linha 27850 tem 46 colunas (esperado: 70)
⚠️ Linha 27851 tem 2 colunas (esperado: 70)
⚠️ Linha 27852 tem 24 colunas (esperado: 70)
⚠️ Linha 27882 tem 46 colunas (esperado: 70)
⚠️ Linha 27883 tem 25 colunas (esperado: 70)
⚠️ Linha 27891 tem 46 colunas (esperado: 70)
⚠️ Linha 27892 tem 25 colunas (esperado: 70)
⚠️ Linha 27897 tem 46 colunas (esperado: 70)
⚠️ Linha 27898 tem 2 colunas (esperado: 70)
⚠️ Linha 27899 tem 24 colunas (esperado: 70)
⚠️ Linha 27984 tem 46 colunas (esperado: 70)
⚠️ Linha 27985 tem 2 colunas (esperado: 70)
⚠️ Linha 27986 tem 24 colunas (esperado: 70)
⚠️ Linha 27994 tem 46 colunas (esperado: 70)
⚠️ Linha 27995 tem 2 colunas (esperado: 70)
⚠️ Linha 27996 tem 24 colunas (esperado: 70)
⚠️ Linha 28031 tem 46 colunas (esperado: 70)
⚠️ Linha 28032 tem 2 colunas (esperado: 70)
⚠️ Linha 28034 tem 1 colunas (esperado: 70)
⚠️ Linha 28133 tem 46 colunas (esperado: 70)
⚠️ Linha 28134 tem 25 colunas (esperado: 70)
⚠️ Linha 28187 tem 46 colunas (esperado: 70)
⚠️ Linha 28188 tem 2 colunas (esperado: 70)
⚠️ Linha 28189 tem 24 colunas (esperado: 70)
⚠️ Linha 28342 tem 46 colunas (esperado: 70)
⚠️ Linha 28343 tem 2 colunas (esperado: 70)
⚠️ Linha 28344 tem 24 colunas (esperado: 70)
⚠️ Linha 28350 tem 46 colunas (esperado: 70)
⚠️ Linha 28351 tem 2 colunas (esperado: 70)
⚠️ Linha 28352 tem 1 colunas (esperado: 70)
⚠️ Linha 28392 tem 47 colunas (esperado: 70)
⚠️ Linha 28393 tem 1 colunas (esperado: 70)
⚠️ Linha 28456 tem 13 colunas (esperado: 70)
⚠️ Linha 28459 tem 58 colunas (esperado: 70)
⚠️ Linha 28481 tem 46 colunas (esperado: 70)
⚠️ Linha 28482 tem 2 colunas (esperado: 70)
⚠️ Linha 28483 tem 1 colunas (esperado: 70)
⚠️ Linha 28484 tem 1 colunas (esperado: 70)
⚠️ Linha 28496 tem 46 colunas (esperado: 70)
⚠️ Linha 28497 tem 2 colunas (esperado: 70)
⚠️ Linha 28498 tem 24 colunas (esperado: 70)
⚠️ Linha 28536 tem 46 colunas (esperado: 70)
⚠️ Linha 28537 tem 25 colunas (esperado: 70)
⚠️ Linha 28557 tem 46 colunas (esperado: 70)
⚠️ Linha 28558 tem 1 colunas (esperado: 70)
⚠️ Linha 28559 tem 1 colunas (esperado: 70)
⚠️ Linha 28560 tem 24 colunas (esperado: 70)
⚠️ Linha 28583 tem 46 colunas (esperado: 70)
⚠️ Linha 28584 tem 25 colunas (esperado: 70)
⚠️ Linha 28593 tem 46 colunas (esperado: 70)
⚠️ Linha 28594 tem 2 colunas (esperado: 70)
⚠️ Linha 28595 tem 24 colunas (esperado: 70)
⚠️ Linha 28625 tem 47 colunas (esperado: 70)
⚠️ Linha 28626 tem 24 colunas (esperado: 70)
⚠️ Linha 28690 tem 46 colunas (esperado: 70)
⚠️ Linha 28691 tem 2 colunas (esperado: 70)
⚠️ Linha 28692 tem 24 colunas (esperado: 70)
⚠️ Linha 28759 tem 46 colunas (esperado: 70)
⚠️ Linha 28760 tem 2 colunas (esperado: 70)
⚠️ Linha 28761 tem 24 colunas (esperado: 70)
⚠️ Linha 28764 tem 46 colunas (esperado: 70)
⚠️ Linha 28765 tem 2 colunas (esperado: 70)
⚠️ Linha 28766 tem 24 colunas (esperado: 70)
⚠️ Linha 28866 tem 46 colunas (esperado: 70)
⚠️ Linha 28867 tem 2 colunas (esperado: 70)
⚠️ Linha 28868 tem 24 colunas (esperado: 70)
⚠️ Linha 28888 tem 47 colunas (esperado: 70)
⚠️ Linha 28889 tem 24 colunas (esperado: 70)
⚠️ Linha 28935 tem 46 colunas (esperado: 70)
⚠️ Linha 28936 tem 2 colunas (esperado: 70)
⚠️ Linha 28937 tem 24 colunas (esperado: 70)
⚠️ Linha 28971 tem 46 colunas (esperado: 70)
⚠️ Linha 28972 tem 2 colunas (esperado: 70)
⚠️ Linha 28973 tem 24 colunas (esperado: 70)
⚠️ Linha 29081 tem 46 colunas (esperado: 70)
⚠️ Linha 29082 tem 2 colunas (esperado: 70)
⚠️ Linha 29083 tem 24 colunas (esperado: 70)
⚠️ Linha 29139 tem 46 colunas (esperado: 70)
⚠️ Linha 29140 tem 25 colunas (esperado: 70)
⚠️ Linha 29158 tem 46 colunas (esperado: 70)
⚠️ Linha 29159 tem 2 colunas (esperado: 70)
⚠️ Linha 29160 tem 24 colunas (esperado: 70)
⚠️ Linha 29161 tem 47 colunas (esperado: 70)
⚠️ Linha 29162 tem 24 colunas (esperado: 70)
⚠️ Linha 29204 tem 47 colunas (esperado: 70)
⚠️ Linha 29205 tem 24 colunas (esperado: 70)
⚠️ Linha 29212 tem 46 colunas (esperado: 70)
⚠️ Linha 29213 tem 25 colunas (esperado: 70)
⚠️ Linha 29338 tem 46 colunas (esperado: 70)
⚠️ Linha 29339 tem 2 colunas (esperado: 70)
⚠️ Linha 29340 tem 24 colunas (esperado: 70)
⚠️ Linha 29378 tem 46 colunas (esperado: 70)
⚠️ Linha 29379 tem 25 colunas (esperado: 70)
⚠️ Linha 29486 tem 46 colunas (esperado: 70)
⚠️ Linha 29487 tem 25 colunas (esperado: 70)
⚠️ Linha 29523 tem 46 colunas (esperado: 70)
⚠️ Linha 29524 tem 2 colunas (esperado: 70)
⚠️ Linha 29525 tem 24 colunas (esperado: 70)
⚠️ Linha 29712 tem 46 colunas (esperado: 70)
⚠️ Linha 29713 tem 2 colunas (esperado: 70)
⚠️ Linha 29714 tem 24 colunas (esperado: 70)
⚠️ Linha 29754 tem 13 colunas (esperado: 70)
⚠️ Linha 29755 tem 51 colunas (esperado: 70)
⚠️ Linha 29764 tem 13 colunas (esperado: 70)
⚠️ Linha 29765 tem 51 colunas (esperado: 70)
⚠️ Linha 29815 tem 13 colunas (esperado: 70)
⚠️ Linha 29816 tem 51 colunas (esperado: 70)
⚠️ Linha 29914 tem 46 colunas (esperado: 70)
⚠️ Linha 29915 tem 25 colunas (esperado: 70)
⚠️ Linha 30260 tem 46 colunas (esperado: 70)
⚠️ Linha 30261 tem 2 colunas (esperado: 70)
⚠️ Linha 30262 tem 24 colunas (esperado: 70)
⚠️ Linha 30422 tem 47 colunas (esperado: 70)
⚠️ Linha 30423 tem 24 colunas (esperado: 70)
⚠️ Linha 30487 tem 46 colunas (esperado: 70)
⚠️ Linha 30488 tem 25 colunas (esperado: 70)
⚠️ Linha 30647 tem 46 colunas (esperado: 70)
⚠️ Linha 30648 tem 25 colunas (esperado: 70)
⚠️ Linha 30685 tem 46 colunas (esperado: 70)
⚠️ Linha 30686 tem 2 colunas (esperado: 70)
⚠️ Linha 30687 tem 24 colunas (esperado: 70)
⚠️ Linha 30707 tem 46 colunas (esperado: 70)
⚠️ Linha 30708 tem 2 colunas (esperado: 70)
⚠️ Linha 30709 tem 24 colunas (esperado: 70)
⚠️ Linha 30958 tem 46 colunas (esperado: 70)
⚠️ Linha 30959 tem 2 colunas (esperado: 70)
⚠️ Linha 30960 tem 24 colunas (esperado: 70)
⚠️ Linha 31132 tem 46 colunas (esperado: 70)
⚠️ Linha 31133 tem 2 colunas (esperado: 70)
⚠️ Linha 31134 tem 24 colunas (esperado: 70)
⚠️ Linha 31285 tem 13 colunas (esperado: 70)
⚠️ Linha 31286 tem 51 colunas (esperado: 70)
⚠️ Linha 31409 tem 13 colunas (esperado: 70)
⚠️ Linha 31410 tem 51 colunas (esperado: 70)
⚠️ Linha 31414 tem 13 colunas (esperado: 70)
⚠️ Linha 31415 tem 47 colunas (esperado: 70)
⚠️ Linha 31455 tem 46 colunas (esperado: 70)
⚠️ Linha 31456 tem 2 colunas (esperado: 70)
⚠️ Linha 31457 tem 24 colunas (esperado: 70)
⚠️ Linha 31511 tem 47 colunas (esperado: 70)
⚠️ Linha 31512 tem 24 colunas (esperado: 70)
⚠️ Linha 31631 tem 46 colunas (esperado: 70)
⚠️ Linha 31632 tem 13 colunas (esperado: 70)
⚠️ Linha 31788 tem 47 colunas (esperado: 70)
⚠️ Linha 31789 tem 1 colunas (esperado: 70)
⚠️ Linha 31815 tem 13 colunas (esperado: 70)
⚠️ Linha 31816 tem 51 colunas (esperado: 70)
⚠️ Linha 31867 tem 13 colunas (esperado: 70)
⚠️ Linha 31868 tem 58 colunas (esperado: 70)
⚠️ Linha 31883 tem 13 colunas (esperado: 70)
⚠️ Linha 31887 tem 58 colunas (esperado: 70)
⚠️ Linha 32323 tem 46 colunas (esperado: 70)
⚠️ Linha 32324 tem 25 colunas (esperado: 70)
⚠️ Linha 32362 tem 13 colunas (esperado: 70)
⚠️ Linha 32363 tem 51 colunas (esperado: 70)
⚠️ Linha 32495 tem 47 colunas (esperado: 70)
⚠️ Linha 32496 tem 24 colunas (esperado: 70)
⚠️ Linha 32525 tem 13 colunas (esperado: 70)
⚠️ Linha 32526 tem 51 colunas (esperado: 70)
⚠️ Linha 32529 tem 13 colunas (esperado: 70)
⚠️ Linha 32530 tem 51 colunas (esperado: 70)
⚠️ Linha 32733 tem 47 colunas (esperado: 70)
⚠️ Linha 32734 tem 24 colunas (esperado: 70)
⚠️ Linha 33557 tem 13 colunas (esperado: 70)
⚠️ Linha 33558 tem 51 colunas (esperado: 70)
⚠️ Linha 33691 tem 13 colunas (esperado: 70)
⚠️ Linha 33692 tem 51 colunas (esperado: 70)
⚠️ Linha 33724 tem 13 colunas (esperado: 70)
⚠️ Linha 33725 tem 51 colunas (esperado: 70)
⚠️ Linha 33793 tem 13 colunas (esperado: 70)
⚠️ Linha 33794 tem 51 colunas (esperado: 70)
⚠️ Linha 33815 tem 13 colunas (esperado: 70)
⚠️ Linha 33816 tem 51 colunas (esperado: 70)
⚠️ Linha 34033 tem 13 colunas (esperado: 70)
⚠️ Linha 34035 tem 58 colunas (esperado: 70)
⚠️ Linha 34308 tem 47 colunas (esperado: 70)
⚠️ Linha 34309 tem 24 colunas (esperado: 70)
⚠️ Linha 34528 tem 47 colunas (esperado: 70)
⚠️ Linha 34529 tem 24 colunas (esperado: 70)
⚠️ Linha 34601 tem 46 colunas (esperado: 70)
⚠️ Linha 34602 tem 2 colunas (esperado: 70)
⚠️ Linha 34603 tem 24 colunas (esperado: 70)
⚠️ Linha 34786 tem 13 colunas (esperado: 70)
⚠️ Linha 34787 tem 51 colunas (esperado: 70)
⚠️ Linha 34796 tem 46 colunas (esperado: 70)
⚠️ Linha 34797 tem 1 colunas (esperado: 70)
⚠️ Linha 34798 tem 2 colunas (esperado: 70)
⚠️ Linha 34799 tem 1 colunas (esperado: 70)
⚠️ Linha 34800 tem 24 colunas (esperado: 70)
⚠️ Linha 34906 tem 13 colunas (esperado: 70)
⚠️ Linha 34907 tem 51 colunas (esperado: 70)
⚠️ Linha 34924 tem 13 colunas (esperado: 70)
⚠️ Linha 34925 tem 51 colunas (esperado: 70)
⚠️ Linha 35003 tem 47 colunas (esperado: 70)
⚠️ Linha 35004 tem 24 colunas (esperado: 70)
⚠️ Linha 35014 tem 13 colunas (esperado: 70)
⚠️ Linha 35015 tem 51 colunas (esperado: 70)
⚠️ Linha 35027 tem 47 colunas (esperado: 70)
⚠️ Linha 35028 tem 24 colunas (esperado: 70)
⚠️ Linha 35036 tem 13 colunas (esperado: 70)
⚠️ Linha 35037 tem 51 colunas (esperado: 70)
⚠️ Linha 35048 tem 46 colunas (esperado: 70)
⚠️ Linha 35049 tem 25 colunas (esperado: 70)
⚠️ Linha 35088 tem 47 colunas (esperado: 70)
⚠️ Linha 35089 tem 1 colunas (esperado: 70)
⚠️ Linha 35100 tem 13 colunas (esperado: 70)
⚠️ Linha 35101 tem 51 colunas (esperado: 70)
⚠️ Linha 35113 tem 13 colunas (esperado: 70)
⚠️ Linha 35114 tem 51 colunas (esperado: 70)
⚠️ Linha 35120 tem 13 colunas (esperado: 70)
⚠️ Linha 35121 tem 51 colunas (esperado: 70)
⚠️ Linha 35140 tem 13 colunas (esperado: 70)
⚠️ Linha 35141 tem 51 colunas (esperado: 70)
⚠️ Linha 35148 tem 13 colunas (esperado: 70)
⚠️ Linha 35149 tem 51 colunas (esperado: 70)
⚠️ Linha 35152 tem 13 colunas (esperado: 70)
⚠️ Linha 35153 tem 51 colunas (esperado: 70)
⚠️ Linha 35168 tem 13 colunas (esperado: 70)
⚠️ Linha 35169 tem 51 colunas (esperado: 70)
⚠️ Linha 35233 tem 13 colunas (esperado: 70)
⚠️ Linha 35234 tem 51 colunas (esperado: 70)
⚠️ Linha 35353 tem 13 colunas (esperado: 70)
⚠️ Linha 35354 tem 51 colunas (esperado: 70)
⚠️ Linha 35411 tem 47 colunas (esperado: 70)
⚠️ Linha 35413 tem 24 colunas (esperado: 70)
⚠️ Linha 35414 tem 13 colunas (esperado: 70)
⚠️ Linha 35415 tem 51 colunas (esperado: 70)
⚠️ Linha 35423 tem 46 colunas (esperado: 70)
⚠️ Linha 35424 tem 1 colunas (esperado: 70)
⚠️ Linha 35425 tem 1 colunas (esperado: 70)
⚠️ Linha 35508 tem 47 colunas (esperado: 70)
⚠️ Linha 35509 tem 24 colunas (esperado: 70)
⚠️ Linha 35531 tem 47 colunas (esperado: 70)
⚠️ Linha 35532 tem 13 colunas (esperado: 70)
⚠️ Linha 35618 tem 47 colunas (esperado: 70)
⚠️ Linha 35619 tem 1 colunas (esperado: 70)
⚠️ Linha 35662 tem 47 colunas (esperado: 70)
⚠️ Linha 35663 tem 24 colunas (esperado: 70)
⚠️ Linha 35711 tem 13 colunas (esperado: 70)
⚠️ Linha 35712 tem 51 colunas (esperado: 70)
⚠️ Linha 35915 tem 47 colunas (esperado: 70)
⚠️ Linha 35916 tem 24 colunas (esperado: 70)
⚠️ Linha 35921 tem 47 colunas (esperado: 70)
⚠️ Linha 35922 tem 24 colunas (esperado: 70)
⚠️ Linha 35953 tem 47 colunas (esperado: 70)
⚠️ Linha 35954 tem 24 colunas (esperado: 70)
⚠️ Linha 36010 tem 47 colunas (esperado: 70)
⚠️ Linha 36011 tem 24 colunas (esperado: 70)
⚠️ Linha 36416 tem 25 colunas (esperado: 70)
⚠️ Linha 36417 tem 28 colunas (esperado: 70)
⚠️ Linha 36751 tem 47 colunas (esperado: 70)
⚠️ Linha 36752 tem 13 colunas (esperado: 70)
⚠️ Linha 36826 tem 46 colunas (esperado: 70)
⚠️ Linha 36827 tem 13 colunas (esperado: 70)
⚠️ Linha 36933 tem 46 colunas (esperado: 70)
⚠️ Linha 36934 tem 2 colunas (esperado: 70)
⚠️ Linha 36935 tem 24 colunas (esperado: 70)
⚠️ Linha 36999 tem 46 colunas (esperado: 70)
⚠️ Linha 37000 tem 2 colunas (esperado: 70)
⚠️ Linha 37001 tem 24 colunas (esperado: 70)
⚠️ Linha 37077 tem 46 colunas (esperado: 70)
⚠️ Linha 37078 tem 1 colunas (esperado: 70)
⚠️ Linha 37113 tem 47 colunas (esperado: 70)
⚠️ Linha 37114 tem 24 colunas (esperado: 70)
⚠️ Linha 37199 tem 46 colunas (esperado: 70)
⚠️ Linha 37201 tem 1 colunas (esperado: 70)
⚠️ Linha 37240 tem 46 colunas (esperado: 70)
⚠️ Linha 37242 tem 25 colunas (esperado: 70)
⚠️ Linha 37680 tem 47 colunas (esperado: 70)
⚠️ Linha 37681 tem 13 colunas (esperado: 70)
⚠️ Linha 37795 tem 47 colunas (esperado: 70)
⚠️ Linha 37797 tem 24 colunas (esperado: 70)
⚠️ Linha 37963 tem 47 colunas (esperado: 70)
⚠️ Linha 37964 tem 24 colunas (esperado: 70)
⚠️ Linha 38071 tem 47 colunas (esperado: 70)
⚠️ Linha 38073 tem 1 colunas (esperado: 70)
⚠️ Linha 38110 tem 58 colunas (esperado: 70)
⚠️ Linha 38111 tem 1 colunas (esperado: 70)
⚠️ Linha 38154 tem 46 colunas (esperado: 70)
⚠️ Linha 38155 tem 2 colunas (esperado: 70)
⚠️ Linha 38156 tem 24 colunas (esperado: 70)
⚠️ Linha 38341 tem 47 colunas (esperado: 70)
⚠️ Linha 38342 tem 1 colunas (esperado: 70)
⚠️ Linha 38386 tem 47 colunas (esperado: 70)
⚠️ Linha 38387 tem 13 colunas (esperado: 70)
⚠️ Linha 38568 tem 47 colunas (esperado: 70)
⚠️ Linha 38569 tem 24 colunas (esperado: 70)
⚠️ Linha 38633 tem 46 colunas (esperado: 70)
⚠️ Linha 38634 tem 1 colunas (esperado: 70)
⚠️ Linha 38709 tem 46 colunas (esperado: 70)
⚠️ Linha 38833 tem 13 colunas (esperado: 70)
⚠️ Linha 38907 tem 46 colunas (esperado: 70)
⚠️ Linha 38909 tem 25 colunas (esperado: 70)
⚠️ Linha 39193 tem 13 colunas (esperado: 70)
⚠️ Linha 39194 tem 58 colunas (esperado: 70)
⚠️ Linha 39568 tem 47 colunas (esperado: 70)
⚠️ Linha 39569 tem 1 colunas (esperado: 70)
  2025-07-03 20:53:38 App\Jobs\ImportEmployeesJob ................ 1m 18s DONE
  2025-07-03 21:00:06 App\Jobs\ImportEmployeesJob .................... RUNNING
⚠️ Linha 11 tem 13 colunas (esperado: 70)
⚠️ Linha 13 tem 1 colunas (esperado: 70)
⚠️ Linha 14 tem 58 colunas (esperado: 70)
⚠️ Linha 62 tem 46 colunas (esperado: 70)
⚠️ Linha 63 tem 25 colunas (esperado: 70)
⚠️ Linha 64 tem 46 colunas (esperado: 70)
⚠️ Linha 65 tem 2 colunas (esperado: 70)
⚠️ Linha 66 tem 24 colunas (esperado: 70)
⚠️ Linha 67 tem 46 colunas (esperado: 70)
⚠️ Linha 68 tem 1 colunas (esperado: 70)
⚠️ Linha 69 tem 46 colunas (esperado: 70)
⚠️ Linha 70 tem 2 colunas (esperado: 70)
⚠️ Linha 71 tem 24 colunas (esperado: 70)
⚠️ Linha 72 tem 46 colunas (esperado: 70)
⚠️ Linha 73 tem 2 colunas (esperado: 70)
⚠️ Linha 74 tem 24 colunas (esperado: 70)
⚠️ Linha 76 tem 46 colunas (esperado: 70)
⚠️ Linha 77 tem 2 colunas (esperado: 70)
⚠️ Linha 78 tem 24 colunas (esperado: 70)
⚠️ Linha 98 tem 46 colunas (esperado: 70)
⚠️ Linha 99 tem 2 colunas (esperado: 70)
⚠️ Linha 100 tem 24 colunas (esperado: 70)
⚠️ Linha 105 tem 46 colunas (esperado: 70)
⚠️ Linha 106 tem 4 colunas (esperado: 70)
⚠️ Linha 107 tem 1 colunas (esperado: 70)
⚠️ Linha 108 tem 24 colunas (esperado: 70)
⚠️ Linha 141 tem 46 colunas (esperado: 70)
⚠️ Linha 142 tem 2 colunas (esperado: 70)
⚠️ Linha 143 tem 24 colunas (esperado: 70)
⚠️ Linha 188 tem 46 colunas (esperado: 70)
⚠️ Linha 189 tem 2 colunas (esperado: 70)
⚠️ Linha 190 tem 24 colunas (esperado: 70)
⚠️ Linha 194 tem 46 colunas (esperado: 70)
⚠️ Linha 196 tem 1 colunas (esperado: 70)
⚠️ Linha 223 tem 46 colunas (esperado: 70)
⚠️ Linha 224 tem 2 colunas (esperado: 70)
⚠️ Linha 225 tem 24 colunas (esperado: 70)
⚠️ Linha 243 tem 46 colunas (esperado: 70)
⚠️ Linha 244 tem 2 colunas (esperado: 70)
⚠️ Linha 245 tem 1 colunas (esperado: 70)
⚠️ Linha 246 tem 1 colunas (esperado: 70)
⚠️ Linha 418 tem 47 colunas (esperado: 70)
⚠️ Linha 419 tem 26 colunas (esperado: 70)
⚠️ Linha 541 tem 46 colunas (esperado: 70)
⚠️ Linha 542 tem 2 colunas (esperado: 70)
⚠️ Linha 543 tem 24 colunas (esperado: 70)
⚠️ Linha 553 tem 47 colunas (esperado: 70)
⚠️ Linha 554 tem 25 colunas (esperado: 70)
⚠️ Linha 576 tem 46 colunas (esperado: 70)
⚠️ Linha 577 tem 1 colunas (esperado: 70)
⚠️ Linha 578 tem 2 colunas (esperado: 70)
⚠️ Linha 579 tem 24 colunas (esperado: 70)
⚠️ Linha 590 tem 46 colunas (esperado: 70)
⚠️ Linha 591 tem 2 colunas (esperado: 70)
⚠️ Linha 592 tem 1 colunas (esperado: 70)
⚠️ Linha 593 tem 24 colunas (esperado: 70)
⚠️ Linha 619 tem 47 colunas (esperado: 70)
⚠️ Linha 620 tem 24 colunas (esperado: 70)
⚠️ Linha 629 tem 46 colunas (esperado: 70)
⚠️ Linha 630 tem 25 colunas (esperado: 70)
⚠️ Linha 666 tem 46 colunas (esperado: 70)
⚠️ Linha 667 tem 2 colunas (esperado: 70)
⚠️ Linha 668 tem 24 colunas (esperado: 70)
⚠️ Linha 670 tem 46 colunas (esperado: 70)
⚠️ Linha 671 tem 2 colunas (esperado: 70)
⚠️ Linha 672 tem 24 colunas (esperado: 70)
⚠️ Linha 677 tem 46 colunas (esperado: 70)
⚠️ Linha 678 tem 1 colunas (esperado: 70)
⚠️ Linha 679 tem 2 colunas (esperado: 70)
⚠️ Linha 680 tem 1 colunas (esperado: 70)
⚠️ Linha 681 tem 24 colunas (esperado: 70)
⚠️ Linha 762 tem 46 colunas (esperado: 70)
⚠️ Linha 763 tem 25 colunas (esperado: 70)
⚠️ Linha 787 tem 46 colunas (esperado: 70)
⚠️ Linha 788 tem 1 colunas (esperado: 70)
⚠️ Linha 789 tem 2 colunas (esperado: 70)
⚠️ Linha 790 tem 1 colunas (esperado: 70)
⚠️ Linha 791 tem 24 colunas (esperado: 70)
⚠️ Linha 887 tem 13 colunas (esperado: 70)
⚠️ Linha 889 tem 1 colunas (esperado: 70)
⚠️ Linha 890 tem 58 colunas (esperado: 70)
⚠️ Linha 900 tem 46 colunas (esperado: 70)
⚠️ Linha 901 tem 2 colunas (esperado: 70)
⚠️ Linha 902 tem 24 colunas (esperado: 70)
⚠️ Linha 907 tem 46 colunas (esperado: 70)
⚠️ Linha 908 tem 2 colunas (esperado: 70)
⚠️ Linha 909 tem 24 colunas (esperado: 70)
⚠️ Linha 956 tem 46 colunas (esperado: 70)
⚠️ Linha 957 tem 2 colunas (esperado: 70)
⚠️ Linha 958 tem 24 colunas (esperado: 70)
⚠️ Linha 977 tem 46 colunas (esperado: 70)
⚠️ Linha 978 tem 2 colunas (esperado: 70)
⚠️ Linha 979 tem 24 colunas (esperado: 70)
⚠️ Linha 1002 tem 46 colunas (esperado: 70)
⚠️ Linha 1003 tem 2 colunas (esperado: 70)
⚠️ Linha 1004 tem 24 colunas (esperado: 70)
⚠️ Linha 1035 tem 46 colunas (esperado: 70)
⚠️ Linha 1036 tem 2 colunas (esperado: 70)
⚠️ Linha 1037 tem 24 colunas (esperado: 70)
⚠️ Linha 1117 tem 46 colunas (esperado: 70)
⚠️ Linha 1118 tem 2 colunas (esperado: 70)
⚠️ Linha 1119 tem 24 colunas (esperado: 70)
⚠️ Linha 1120 tem 47 colunas (esperado: 70)
⚠️ Linha 1121 tem 24 colunas (esperado: 70)
⚠️ Linha 1125 tem 46 colunas (esperado: 70)
⚠️ Linha 1126 tem 2 colunas (esperado: 70)
⚠️ Linha 1127 tem 24 colunas (esperado: 70)
⚠️ Linha 1220 tem 46 colunas (esperado: 70)
⚠️ Linha 1221 tem 2 colunas (esperado: 70)
⚠️ Linha 1222 tem 24 colunas (esperado: 70)
⚠️ Linha 1266 tem 46 colunas (esperado: 70)
⚠️ Linha 1267 tem 2 colunas (esperado: 70)
⚠️ Linha 1268 tem 24 colunas (esperado: 70)
⚠️ Linha 1282 tem 46 colunas (esperado: 70)
⚠️ Linha 1283 tem 2 colunas (esperado: 70)
⚠️ Linha 1284 tem 24 colunas (esperado: 70)
⚠️ Linha 1309 tem 46 colunas (esperado: 70)
⚠️ Linha 1310 tem 2 colunas (esperado: 70)
⚠️ Linha 1311 tem 24 colunas (esperado: 70)
⚠️ Linha 1318 tem 46 colunas (esperado: 70)
⚠️ Linha 1319 tem 25 colunas (esperado: 70)
⚠️ Linha 1377 tem 46 colunas (esperado: 70)
⚠️ Linha 1378 tem 2 colunas (esperado: 70)
⚠️ Linha 1379 tem 24 colunas (esperado: 70)
⚠️ Linha 1396 tem 47 colunas (esperado: 70)
⚠️ Linha 1397 tem 24 colunas (esperado: 70)
⚠️ Linha 1401 tem 46 colunas (esperado: 70)
⚠️ Linha 1402 tem 2 colunas (esperado: 70)
⚠️ Linha 1403 tem 24 colunas (esperado: 70)
⚠️ Linha 1494 tem 46 colunas (esperado: 70)
⚠️ Linha 1495 tem 2 colunas (esperado: 70)
⚠️ Linha 1496 tem 24 colunas (esperado: 70)
⚠️ Linha 1524 tem 46 colunas (esperado: 70)
⚠️ Linha 1525 tem 2 colunas (esperado: 70)
⚠️ Linha 1526 tem 24 colunas (esperado: 70)
⚠️ Linha 1538 tem 46 colunas (esperado: 70)
⚠️ Linha 1539 tem 1 colunas (esperado: 70)
⚠️ Linha 1540 tem 2 colunas (esperado: 70)
⚠️ Linha 1541 tem 1 colunas (esperado: 70)
⚠️ Linha 1542 tem 24 colunas (esperado: 70)
⚠️ Linha 1549 tem 46 colunas (esperado: 70)
⚠️ Linha 1550 tem 2 colunas (esperado: 70)
⚠️ Linha 1551 tem 24 colunas (esperado: 70)
⚠️ Linha 1605 tem 46 colunas (esperado: 70)
⚠️ Linha 1606 tem 2 colunas (esperado: 70)
⚠️ Linha 1607 tem 24 colunas (esperado: 70)
⚠️ Linha 1615 tem 46 colunas (esperado: 70)
⚠️ Linha 1616 tem 2 colunas (esperado: 70)
⚠️ Linha 1617 tem 24 colunas (esperado: 70)
⚠️ Linha 1694 tem 46 colunas (esperado: 70)
⚠️ Linha 1695 tem 2 colunas (esperado: 70)
⚠️ Linha 1696 tem 24 colunas (esperado: 70)
⚠️ Linha 1699 tem 46 colunas (esperado: 70)
⚠️ Linha 1700 tem 25 colunas (esperado: 70)
⚠️ Linha 1702 tem 47 colunas (esperado: 70)
⚠️ Linha 1703 tem 1 colunas (esperado: 70)
⚠️ Linha 1704 tem 46 colunas (esperado: 70)
⚠️ Linha 1705 tem 2 colunas (esperado: 70)
⚠️ Linha 1706 tem 24 colunas (esperado: 70)
⚠️ Linha 1713 tem 46 colunas (esperado: 70)
⚠️ Linha 1714 tem 1 colunas (esperado: 70)
⚠️ Linha 1722 tem 46 colunas (esperado: 70)
⚠️ Linha 1723 tem 2 colunas (esperado: 70)
⚠️ Linha 1724 tem 1 colunas (esperado: 70)
⚠️ Linha 1725 tem 1 colunas (esperado: 70)
⚠️ Linha 1762 tem 47 colunas (esperado: 70)
⚠️ Linha 1763 tem 24 colunas (esperado: 70)
⚠️ Linha 1814 tem 46 colunas (esperado: 70)
⚠️ Linha 1815 tem 2 colunas (esperado: 70)
⚠️ Linha 1816 tem 24 colunas (esperado: 70)
⚠️ Linha 1819 tem 46 colunas (esperado: 70)
⚠️ Linha 1820 tem 2 colunas (esperado: 70)
⚠️ Linha 1821 tem 24 colunas (esperado: 70)
⚠️ Linha 1890 tem 47 colunas (esperado: 70)
⚠️ Linha 1891 tem 24 colunas (esperado: 70)
⚠️ Linha 1900 tem 46 colunas (esperado: 70)
⚠️ Linha 1901 tem 2 colunas (esperado: 70)
⚠️ Linha 1902 tem 24 colunas (esperado: 70)
⚠️ Linha 1915 tem 47 colunas (esperado: 70)
⚠️ Linha 1916 tem 24 colunas (esperado: 70)
⚠️ Linha 1944 tem 46 colunas (esperado: 70)
⚠️ Linha 1945 tem 1 colunas (esperado: 70)
⚠️ Linha 1946 tem 2 colunas (esperado: 70)
⚠️ Linha 1947 tem 1 colunas (esperado: 70)
⚠️ Linha 1948 tem 24 colunas (esperado: 70)
⚠️ Linha 1951 tem 46 colunas (esperado: 70)
⚠️ Linha 1952 tem 1 colunas (esperado: 70)
⚠️ Linha 1953 tem 2 colunas (esperado: 70)
⚠️ Linha 1954 tem 1 colunas (esperado: 70)
⚠️ Linha 2032 tem 47 colunas (esperado: 70)
⚠️ Linha 2033 tem 24 colunas (esperado: 70)
⚠️ Linha 2051 tem 13 colunas (esperado: 70)
⚠️ Linha 2052 tem 56 colunas (esperado: 70)
⚠️ Linha 2055 tem 46 colunas (esperado: 70)
⚠️ Linha 2056 tem 1 colunas (esperado: 70)
⚠️ Linha 2057 tem 1 colunas (esperado: 70)
⚠️ Linha 2144 tem 46 colunas (esperado: 70)
⚠️ Linha 2145 tem 2 colunas (esperado: 70)
⚠️ Linha 2146 tem 24 colunas (esperado: 70)
⚠️ Linha 2211 tem 46 colunas (esperado: 70)
⚠️ Linha 2212 tem 1 colunas (esperado: 70)
⚠️ Linha 2213 tem 2 colunas (esperado: 70)
⚠️ Linha 2214 tem 1 colunas (esperado: 70)
⚠️ Linha 2215 tem 24 colunas (esperado: 70)
⚠️ Linha 2224 tem 46 colunas (esperado: 70)
⚠️ Linha 2225 tem 2 colunas (esperado: 70)
⚠️ Linha 2226 tem 1 colunas (esperado: 70)
⚠️ Linha 2227 tem 24 colunas (esperado: 70)
⚠️ Linha 2264 tem 46 colunas (esperado: 70)
⚠️ Linha 2265 tem 2 colunas (esperado: 70)
⚠️ Linha 2266 tem 24 colunas (esperado: 70)
⚠️ Linha 2292 tem 47 colunas (esperado: 70)
⚠️ Linha 2293 tem 24 colunas (esperado: 70)
⚠️ Linha 2315 tem 13 colunas (esperado: 70)
⚠️ Linha 2317 tem 1 colunas (esperado: 70)
⚠️ Linha 2318 tem 58 colunas (esperado: 70)
⚠️ Linha 2357 tem 46 colunas (esperado: 70)
⚠️ Linha 2358 tem 1 colunas (esperado: 70)
⚠️ Linha 2359 tem 2 colunas (esperado: 70)
⚠️ Linha 2360 tem 1 colunas (esperado: 70)
⚠️ Linha 2361 tem 24 colunas (esperado: 70)
⚠️ Linha 2431 tem 47 colunas (esperado: 70)
⚠️ Linha 2432 tem 25 colunas (esperado: 70)
⚠️ Linha 2511 tem 46 colunas (esperado: 70)
⚠️ Linha 2512 tem 1 colunas (esperado: 70)
⚠️ Linha 2550 tem 47 colunas (esperado: 70)
⚠️ Linha 2551 tem 1 colunas (esperado: 70)
⚠️ Linha 2635 tem 46 colunas (esperado: 70)
⚠️ Linha 2636 tem 2 colunas (esperado: 70)
⚠️ Linha 2637 tem 24 colunas (esperado: 70)
⚠️ Linha 2659 tem 46 colunas (esperado: 70)
⚠️ Linha 2660 tem 2 colunas (esperado: 70)
⚠️ Linha 2661 tem 24 colunas (esperado: 70)
⚠️ Linha 2677 tem 46 colunas (esperado: 70)
⚠️ Linha 2678 tem 2 colunas (esperado: 70)
⚠️ Linha 2679 tem 24 colunas (esperado: 70)
⚠️ Linha 2683 tem 46 colunas (esperado: 70)
⚠️ Linha 2684 tem 2 colunas (esperado: 70)
⚠️ Linha 2685 tem 24 colunas (esperado: 70)
⚠️ Linha 2738 tem 46 colunas (esperado: 70)
⚠️ Linha 2739 tem 25 colunas (esperado: 70)
⚠️ Linha 2743 tem 46 colunas (esperado: 70)
⚠️ Linha 2744 tem 25 colunas (esperado: 70)
⚠️ Linha 2773 tem 46 colunas (esperado: 70)
⚠️ Linha 2774 tem 2 colunas (esperado: 70)
⚠️ Linha 2775 tem 24 colunas (esperado: 70)
⚠️ Linha 2796 tem 46 colunas (esperado: 70)
⚠️ Linha 2797 tem 2 colunas (esperado: 70)
⚠️ Linha 2798 tem 24 colunas (esperado: 70)
⚠️ Linha 2799 tem 46 colunas (esperado: 70)
⚠️ Linha 2801 tem 1 colunas (esperado: 70)
⚠️ Linha 2802 tem 25 colunas (esperado: 70)
⚠️ Linha 2804 tem 46 colunas (esperado: 70)
⚠️ Linha 2805 tem 2 colunas (esperado: 70)
⚠️ Linha 2806 tem 24 colunas (esperado: 70)
⚠️ Linha 2808 tem 46 colunas (esperado: 70)
⚠️ Linha 2809 tem 25 colunas (esperado: 70)
⚠️ Linha 2810 tem 46 colunas (esperado: 70)
⚠️ Linha 2811 tem 2 colunas (esperado: 70)
⚠️ Linha 2812 tem 24 colunas (esperado: 70)
⚠️ Linha 2813 tem 46 colunas (esperado: 70)
⚠️ Linha 2814 tem 25 colunas (esperado: 70)
⚠️ Linha 2816 tem 46 colunas (esperado: 70)
⚠️ Linha 2817 tem 2 colunas (esperado: 70)
⚠️ Linha 2818 tem 24 colunas (esperado: 70)
⚠️ Linha 2819 tem 46 colunas (esperado: 70)
⚠️ Linha 2820 tem 25 colunas (esperado: 70)
⚠️ Linha 2824 tem 46 colunas (esperado: 70)
⚠️ Linha 2825 tem 1 colunas (esperado: 70)
⚠️ Linha 2826 tem 25 colunas (esperado: 70)
⚠️ Linha 2827 tem 46 colunas (esperado: 70)
⚠️ Linha 2828 tem 2 colunas (esperado: 70)
⚠️ Linha 2829 tem 1 colunas (esperado: 70)
⚠️ Linha 2832 tem 46 colunas (esperado: 70)
⚠️ Linha 2833 tem 1 colunas (esperado: 70)
⚠️ Linha 2835 tem 46 colunas (esperado: 70)
⚠️ Linha 2836 tem 25 colunas (esperado: 70)
⚠️ Linha 2846 tem 46 colunas (esperado: 70)
⚠️ Linha 2847 tem 1 colunas (esperado: 70)
⚠️ Linha 2865 tem 46 colunas (esperado: 70)
⚠️ Linha 2866 tem 1 colunas (esperado: 70)
⚠️ Linha 2867 tem 1 colunas (esperado: 70)
⚠️ Linha 2868 tem 24 colunas (esperado: 70)
⚠️ Linha 2870 tem 46 colunas (esperado: 70)
⚠️ Linha 2871 tem 1 colunas (esperado: 70)
⚠️ Linha 2872 tem 2 colunas (esperado: 70)
⚠️ Linha 2873 tem 24 colunas (esperado: 70)
⚠️ Linha 2887 tem 46 colunas (esperado: 70)
⚠️ Linha 2888 tem 2 colunas (esperado: 70)
⚠️ Linha 2889 tem 24 colunas (esperado: 70)
⚠️ Linha 2954 tem 47 colunas (esperado: 70)
⚠️ Linha 2955 tem 24 colunas (esperado: 70)
⚠️ Linha 2965 tem 47 colunas (esperado: 70)
⚠️ Linha 2966 tem 1 colunas (esperado: 70)
⚠️ Linha 2974 tem 46 colunas (esperado: 70)
⚠️ Linha 2975 tem 1 colunas (esperado: 70)
⚠️ Linha 2976 tem 1 colunas (esperado: 70)
⚠️ Linha 2977 tem 24 colunas (esperado: 70)
⚠️ Linha 2999 tem 46 colunas (esperado: 70)
⚠️ Linha 3000 tem 2 colunas (esperado: 70)
⚠️ Linha 3001 tem 24 colunas (esperado: 70)
⚠️ Linha 3009 tem 46 colunas (esperado: 70)
⚠️ Linha 3010 tem 2 colunas (esperado: 70)
⚠️ Linha 3011 tem 24 colunas (esperado: 70)
⚠️ Linha 3015 tem 46 colunas (esperado: 70)
⚠️ Linha 3016 tem 2 colunas (esperado: 70)
⚠️ Linha 3017 tem 24 colunas (esperado: 70)
⚠️ Linha 3034 tem 46 colunas (esperado: 70)
⚠️ Linha 3035 tem 2 colunas (esperado: 70)
⚠️ Linha 3036 tem 24 colunas (esperado: 70)
⚠️ Linha 3038 tem 46 colunas (esperado: 70)
⚠️ Linha 3039 tem 1 colunas (esperado: 70)
⚠️ Linha 3040 tem 2 colunas (esperado: 70)
⚠️ Linha 3041 tem 1 colunas (esperado: 70)
⚠️ Linha 3042 tem 24 colunas (esperado: 70)
⚠️ Linha 3056 tem 46 colunas (esperado: 70)
⚠️ Linha 3057 tem 2 colunas (esperado: 70)
⚠️ Linha 3058 tem 24 colunas (esperado: 70)
⚠️ Linha 3060 tem 46 colunas (esperado: 70)
⚠️ Linha 3061 tem 1 colunas (esperado: 70)
⚠️ Linha 3062 tem 2 colunas (esperado: 70)
⚠️ Linha 3063 tem 24 colunas (esperado: 70)
⚠️ Linha 3079 tem 46 colunas (esperado: 70)
⚠️ Linha 3080 tem 2 colunas (esperado: 70)
⚠️ Linha 3081 tem 24 colunas (esperado: 70)
⚠️ Linha 3087 tem 46 colunas (esperado: 70)
⚠️ Linha 3088 tem 2 colunas (esperado: 70)
⚠️ Linha 3089 tem 24 colunas (esperado: 70)
⚠️ Linha 3114 tem 47 colunas (esperado: 70)
⚠️ Linha 3115 tem 1 colunas (esperado: 70)
⚠️ Linha 3116 tem 24 colunas (esperado: 70)
⚠️ Linha 3158 tem 46 colunas (esperado: 70)
⚠️ Linha 3159 tem 2 colunas (esperado: 70)
⚠️ Linha 3160 tem 24 colunas (esperado: 70)
⚠️ Linha 3181 tem 46 colunas (esperado: 70)
⚠️ Linha 3182 tem 1 colunas (esperado: 70)
⚠️ Linha 3183 tem 2 colunas (esperado: 70)
⚠️ Linha 3184 tem 1 colunas (esperado: 70)
⚠️ Linha 3185 tem 24 colunas (esperado: 70)
⚠️ Linha 3186 tem 47 colunas (esperado: 70)
⚠️ Linha 3187 tem 1 colunas (esperado: 70)
⚠️ Linha 3188 tem 24 colunas (esperado: 70)
⚠️ Linha 3189 tem 46 colunas (esperado: 70)
⚠️ Linha 3190 tem 1 colunas (esperado: 70)
⚠️ Linha 3191 tem 25 colunas (esperado: 70)
⚠️ Linha 3192 tem 46 colunas (esperado: 70)
⚠️ Linha 3193 tem 25 colunas (esperado: 70)
⚠️ Linha 3195 tem 46 colunas (esperado: 70)
⚠️ Linha 3196 tem 1 colunas (esperado: 70)
⚠️ Linha 3197 tem 2 colunas (esperado: 70)
⚠️ Linha 3198 tem 1 colunas (esperado: 70)
⚠️ Linha 3199 tem 1 colunas (esperado: 70)
⚠️ Linha 3200 tem 24 colunas (esperado: 70)
⚠️ Linha 3202 tem 47 colunas (esperado: 70)
⚠️ Linha 3203 tem 24 colunas (esperado: 70)
⚠️ Linha 3210 tem 46 colunas (esperado: 70)
⚠️ Linha 3211 tem 2 colunas (esperado: 70)
⚠️ Linha 3212 tem 24 colunas (esperado: 70)
⚠️ Linha 3213 tem 46 colunas (esperado: 70)
⚠️ Linha 3214 tem 2 colunas (esperado: 70)
⚠️ Linha 3215 tem 24 colunas (esperado: 70)
⚠️ Linha 3228 tem 46 colunas (esperado: 70)
⚠️ Linha 3229 tem 2 colunas (esperado: 70)
⚠️ Linha 3230 tem 24 colunas (esperado: 70)
⚠️ Linha 3232 tem 46 colunas (esperado: 70)
⚠️ Linha 3233 tem 1 colunas (esperado: 70)
⚠️ Linha 3234 tem 1 colunas (esperado: 70)
⚠️ Linha 3236 tem 46 colunas (esperado: 70)
⚠️ Linha 3237 tem 25 colunas (esperado: 70)
⚠️ Linha 3238 tem 46 colunas (esperado: 70)
⚠️ Linha 3239 tem 2 colunas (esperado: 70)
⚠️ Linha 3240 tem 24 colunas (esperado: 70)
⚠️ Linha 3241 tem 46 colunas (esperado: 70)
⚠️ Linha 3242 tem 2 colunas (esperado: 70)
⚠️ Linha 3243 tem 24 colunas (esperado: 70)
⚠️ Linha 3251 tem 46 colunas (esperado: 70)
⚠️ Linha 3252 tem 1 colunas (esperado: 70)
⚠️ Linha 3253 tem 1 colunas (esperado: 70)
⚠️ Linha 3257 tem 46 colunas (esperado: 70)
⚠️ Linha 3258 tem 2 colunas (esperado: 70)
⚠️ Linha 3259 tem 24 colunas (esperado: 70)
⚠️ Linha 3262 tem 46 colunas (esperado: 70)
⚠️ Linha 3263 tem 1 colunas (esperado: 70)
⚠️ Linha 3264 tem 2 colunas (esperado: 70)
⚠️ Linha 3265 tem 25 colunas (esperado: 70)
⚠️ Linha 3269 tem 46 colunas (esperado: 70)
⚠️ Linha 3270 tem 1 colunas (esperado: 70)
⚠️ Linha 3271 tem 1 colunas (esperado: 70)
⚠️ Linha 3272 tem 1 colunas (esperado: 70)
⚠️ Linha 3273 tem 2 colunas (esperado: 70)
⚠️ Linha 3274 tem 1 colunas (esperado: 70)
⚠️ Linha 3275 tem 1 colunas (esperado: 70)
⚠️ Linha 3276 tem 1 colunas (esperado: 70)
⚠️ Linha 3277 tem 24 colunas (esperado: 70)
⚠️ Linha 3279 tem 46 colunas (esperado: 70)
⚠️ Linha 3280 tem 2 colunas (esperado: 70)
⚠️ Linha 3281 tem 24 colunas (esperado: 70)
⚠️ Linha 3283 tem 46 colunas (esperado: 70)
⚠️ Linha 3284 tem 25 colunas (esperado: 70)
⚠️ Linha 3291 tem 47 colunas (esperado: 70)
⚠️ Linha 3292 tem 24 colunas (esperado: 70)
⚠️ Linha 3320 tem 46 colunas (esperado: 70)
⚠️ Linha 3321 tem 1 colunas (esperado: 70)
⚠️ Linha 3322 tem 1 colunas (esperado: 70)
⚠️ Linha 3323 tem 24 colunas (esperado: 70)
⚠️ Linha 3356 tem 46 colunas (esperado: 70)
⚠️ Linha 3357 tem 2 colunas (esperado: 70)
⚠️ Linha 3358 tem 24 colunas (esperado: 70)
⚠️ Linha 3359 tem 46 colunas (esperado: 70)
⚠️ Linha 3360 tem 2 colunas (esperado: 70)
⚠️ Linha 3361 tem 24 colunas (esperado: 70)
⚠️ Linha 3385 tem 46 colunas (esperado: 70)
⚠️ Linha 3386 tem 1 colunas (esperado: 70)
⚠️ Linha 3387 tem 25 colunas (esperado: 70)
⚠️ Linha 3392 tem 46 colunas (esperado: 70)
⚠️ Linha 3393 tem 2 colunas (esperado: 70)
⚠️ Linha 3394 tem 24 colunas (esperado: 70)
⚠️ Linha 3400 tem 46 colunas (esperado: 70)
⚠️ Linha 3401 tem 1 colunas (esperado: 70)
⚠️ Linha 3407 tem 46 colunas (esperado: 70)
⚠️ Linha 3408 tem 3 colunas (esperado: 70)
⚠️ Linha 3409 tem 1 colunas (esperado: 70)
⚠️ Linha 3410 tem 1 colunas (esperado: 70)
⚠️ Linha 3411 tem 24 colunas (esperado: 70)
⚠️ Linha 3413 tem 46 colunas (esperado: 70)
⚠️ Linha 3414 tem 1 colunas (esperado: 70)
⚠️ Linha 3415 tem 1 colunas (esperado: 70)
⚠️ Linha 3416 tem 24 colunas (esperado: 70)
⚠️ Linha 3418 tem 46 colunas (esperado: 70)
⚠️ Linha 3419 tem 25 colunas (esperado: 70)
⚠️ Linha 3423 tem 46 colunas (esperado: 70)
⚠️ Linha 3424 tem 1 colunas (esperado: 70)
⚠️ Linha 3425 tem 2 colunas (esperado: 70)
⚠️ Linha 3426 tem 1 colunas (esperado: 70)
⚠️ Linha 3427 tem 24 colunas (esperado: 70)
⚠️ Linha 3432 tem 46 colunas (esperado: 70)
⚠️ Linha 3433 tem 2 colunas (esperado: 70)
⚠️ Linha 3434 tem 24 colunas (esperado: 70)
⚠️ Linha 3435 tem 46 colunas (esperado: 70)
⚠️ Linha 3436 tem 2 colunas (esperado: 70)
⚠️ Linha 3437 tem 24 colunas (esperado: 70)
⚠️ Linha 3438 tem 46 colunas (esperado: 70)
⚠️ Linha 3439 tem 1 colunas (esperado: 70)
⚠️ Linha 3440 tem 1 colunas (esperado: 70)
⚠️ Linha 3441 tem 2 colunas (esperado: 70)
⚠️ Linha 3442 tem 1 colunas (esperado: 70)
⚠️ Linha 3443 tem 1 colunas (esperado: 70)
⚠️ Linha 3444 tem 24 colunas (esperado: 70)
⚠️ Linha 3447 tem 46 colunas (esperado: 70)
⚠️ Linha 3448 tem 1 colunas (esperado: 70)
⚠️ Linha 3449 tem 2 colunas (esperado: 70)
⚠️ Linha 3450 tem 24 colunas (esperado: 70)
⚠️ Linha 3451 tem 46 colunas (esperado: 70)
⚠️ Linha 3452 tem 2 colunas (esperado: 70)
⚠️ Linha 3453 tem 1 colunas (esperado: 70)
⚠️ Linha 3454 tem 1 colunas (esperado: 70)
⚠️ Linha 3455 tem 46 colunas (esperado: 70)
⚠️ Linha 3456 tem 1 colunas (esperado: 70)
⚠️ Linha 3458 tem 46 colunas (esperado: 70)
⚠️ Linha 3459 tem 2 colunas (esperado: 70)
⚠️ Linha 3460 tem 24 colunas (esperado: 70)
⚠️ Linha 3461 tem 46 colunas (esperado: 70)
⚠️ Linha 3462 tem 2 colunas (esperado: 70)
⚠️ Linha 3463 tem 24 colunas (esperado: 70)
⚠️ Linha 3553 tem 46 colunas (esperado: 70)
⚠️ Linha 3554 tem 1 colunas (esperado: 70)
⚠️ Linha 3555 tem 2 colunas (esperado: 70)
⚠️ Linha 3556 tem 1 colunas (esperado: 70)
⚠️ Linha 3557 tem 24 colunas (esperado: 70)
⚠️ Linha 3559 tem 46 colunas (esperado: 70)
⚠️ Linha 3560 tem 2 colunas (esperado: 70)
⚠️ Linha 3561 tem 24 colunas (esperado: 70)
⚠️ Linha 3574 tem 46 colunas (esperado: 70)
⚠️ Linha 3575 tem 2 colunas (esperado: 70)
⚠️ Linha 3576 tem 24 colunas (esperado: 70)
⚠️ Linha 3577 tem 46 colunas (esperado: 70)
⚠️ Linha 3578 tem 1 colunas (esperado: 70)
⚠️ Linha 3580 tem 46 colunas (esperado: 70)
⚠️ Linha 3581 tem 2 colunas (esperado: 70)
⚠️ Linha 3582 tem 24 colunas (esperado: 70)
⚠️ Linha 3646 tem 46 colunas (esperado: 70)
⚠️ Linha 3647 tem 2 colunas (esperado: 70)
⚠️ Linha 3648 tem 24 colunas (esperado: 70)
⚠️ Linha 3653 tem 47 colunas (esperado: 70)
⚠️ Linha 3654 tem 24 colunas (esperado: 70)
⚠️ Linha 3707 tem 46 colunas (esperado: 70)
⚠️ Linha 3708 tem 25 colunas (esperado: 70)
⚠️ Linha 3710 tem 46 colunas (esperado: 70)
⚠️ Linha 3711 tem 1 colunas (esperado: 70)
⚠️ Linha 3712 tem 2 colunas (esperado: 70)
⚠️ Linha 3713 tem 1 colunas (esperado: 70)
⚠️ Linha 3714 tem 24 colunas (esperado: 70)
⚠️ Linha 3718 tem 47 colunas (esperado: 70)
⚠️ Linha 3719 tem 25 colunas (esperado: 70)
⚠️ Linha 3723 tem 46 colunas (esperado: 70)
⚠️ Linha 3724 tem 25 colunas (esperado: 70)
⚠️ Linha 3729 tem 46 colunas (esperado: 70)
⚠️ Linha 3730 tem 2 colunas (esperado: 70)
⚠️ Linha 3731 tem 24 colunas (esperado: 70)
⚠️ Linha 3733 tem 46 colunas (esperado: 70)
⚠️ Linha 3734 tem 2 colunas (esperado: 70)
⚠️ Linha 3735 tem 24 colunas (esperado: 70)
⚠️ Linha 3743 tem 47 colunas (esperado: 70)
⚠️ Linha 3744 tem 24 colunas (esperado: 70)
⚠️ Linha 3745 tem 46 colunas (esperado: 70)
⚠️ Linha 3746 tem 1 colunas (esperado: 70)
⚠️ Linha 3747 tem 2 colunas (esperado: 70)
⚠️ Linha 3748 tem 1 colunas (esperado: 70)
⚠️ Linha 3749 tem 24 colunas (esperado: 70)
⚠️ Linha 3750 tem 47 colunas (esperado: 70)
⚠️ Linha 3751 tem 24 colunas (esperado: 70)
⚠️ Linha 3759 tem 46 colunas (esperado: 70)
⚠️ Linha 3760 tem 1 colunas (esperado: 70)
⚠️ Linha 3761 tem 1 colunas (esperado: 70)
⚠️ Linha 3762 tem 46 colunas (esperado: 70)
⚠️ Linha 3763 tem 2 colunas (esperado: 70)
⚠️ Linha 3764 tem 24 colunas (esperado: 70)
⚠️ Linha 3765 tem 46 colunas (esperado: 70)
⚠️ Linha 3766 tem 2 colunas (esperado: 70)
⚠️ Linha 3767 tem 24 colunas (esperado: 70)
⚠️ Linha 3773 tem 46 colunas (esperado: 70)
⚠️ Linha 3774 tem 1 colunas (esperado: 70)
⚠️ Linha 3775 tem 1 colunas (esperado: 70)
⚠️ Linha 3776 tem 1 colunas (esperado: 70)
⚠️ Linha 3777 tem 1 colunas (esperado: 70)
⚠️ Linha 3778 tem 24 colunas (esperado: 70)
⚠️ Linha 3780 tem 46 colunas (esperado: 70)
⚠️ Linha 3781 tem 1 colunas (esperado: 70)
⚠️ Linha 3782 tem 1 colunas (esperado: 70)
⚠️ Linha 3783 tem 2 colunas (esperado: 70)
⚠️ Linha 3784 tem 1 colunas (esperado: 70)
⚠️ Linha 3785 tem 1 colunas (esperado: 70)
⚠️ Linha 3786 tem 24 colunas (esperado: 70)
⚠️ Linha 3787 tem 46 colunas (esperado: 70)
⚠️ Linha 3788 tem 2 colunas (esperado: 70)
⚠️ Linha 3789 tem 24 colunas (esperado: 70)
⚠️ Linha 3792 tem 46 colunas (esperado: 70)
⚠️ Linha 3793 tem 1 colunas (esperado: 70)
⚠️ Linha 3794 tem 1 colunas (esperado: 70)
⚠️ Linha 3795 tem 24 colunas (esperado: 70)
⚠️ Linha 3802 tem 47 colunas (esperado: 70)
⚠️ Linha 3803 tem 24 colunas (esperado: 70)
⚠️ Linha 3809 tem 47 colunas (esperado: 70)
⚠️ Linha 3810 tem 1 colunas (esperado: 70)
⚠️ Linha 3811 tem 24 colunas (esperado: 70)
⚠️ Linha 3861 tem 46 colunas (esperado: 70)
⚠️ Linha 3862 tem 2 colunas (esperado: 70)
⚠️ Linha 3863 tem 24 colunas (esperado: 70)
⚠️ Linha 3873 tem 46 colunas (esperado: 70)
⚠️ Linha 3874 tem 2 colunas (esperado: 70)
⚠️ Linha 3875 tem 24 colunas (esperado: 70)
⚠️ Linha 3877 tem 13 colunas (esperado: 70)
⚠️ Linha 3878 tem 27 colunas (esperado: 70)
⚠️ Linha 3879 tem 1 colunas (esperado: 70)
⚠️ Linha 3880 tem 2 colunas (esperado: 70)
⚠️ Linha 3881 tem 1 colunas (esperado: 70)
⚠️ Linha 3882 tem 24 colunas (esperado: 70)
⚠️ Linha 3883 tem 46 colunas (esperado: 70)
⚠️ Linha 3884 tem 2 colunas (esperado: 70)
⚠️ Linha 3885 tem 24 colunas (esperado: 70)
⚠️ Linha 3887 tem 46 colunas (esperado: 70)
⚠️ Linha 3888 tem 25 colunas (esperado: 70)
⚠️ Linha 3889 tem 46 colunas (esperado: 70)
⚠️ Linha 3890 tem 1 colunas (esperado: 70)
⚠️ Linha 3891 tem 25 colunas (esperado: 70)
⚠️ Linha 3892 tem 46 colunas (esperado: 70)
⚠️ Linha 3893 tem 2 colunas (esperado: 70)
⚠️ Linha 3894 tem 24 colunas (esperado: 70)
⚠️ Linha 3895 tem 46 colunas (esperado: 70)
⚠️ Linha 3896 tem 2 colunas (esperado: 70)
⚠️ Linha 3897 tem 24 colunas (esperado: 70)
⚠️ Linha 3898 tem 46 colunas (esperado: 70)
⚠️ Linha 3899 tem 2 colunas (esperado: 70)
⚠️ Linha 3900 tem 24 colunas (esperado: 70)
⚠️ Linha 3901 tem 46 colunas (esperado: 70)
⚠️ Linha 3902 tem 1 colunas (esperado: 70)
⚠️ Linha 3903 tem 46 colunas (esperado: 70)
⚠️ Linha 3904 tem 2 colunas (esperado: 70)
⚠️ Linha 3905 tem 24 colunas (esperado: 70)
⚠️ Linha 3906 tem 46 colunas (esperado: 70)
⚠️ Linha 3907 tem 1 colunas (esperado: 70)
⚠️ Linha 3912 tem 46 colunas (esperado: 70)
⚠️ Linha 3913 tem 1 colunas (esperado: 70)
⚠️ Linha 3914 tem 1 colunas (esperado: 70)
⚠️ Linha 3915 tem 24 colunas (esperado: 70)
⚠️ Linha 3916 tem 46 colunas (esperado: 70)
⚠️ Linha 3917 tem 2 colunas (esperado: 70)
⚠️ Linha 3918 tem 24 colunas (esperado: 70)
⚠️ Linha 3919 tem 46 colunas (esperado: 70)
⚠️ Linha 3920 tem 2 colunas (esperado: 70)
⚠️ Linha 3921 tem 24 colunas (esperado: 70)
⚠️ Linha 3923 tem 46 colunas (esperado: 70)
⚠️ Linha 3924 tem 1 colunas (esperado: 70)
⚠️ Linha 3925 tem 2 colunas (esperado: 70)
⚠️ Linha 3926 tem 1 colunas (esperado: 70)
⚠️ Linha 3927 tem 24 colunas (esperado: 70)
⚠️ Linha 3931 tem 47 colunas (esperado: 70)
⚠️ Linha 3932 tem 1 colunas (esperado: 70)
⚠️ Linha 3933 tem 24 colunas (esperado: 70)
⚠️ Linha 3938 tem 46 colunas (esperado: 70)
⚠️ Linha 3939 tem 2 colunas (esperado: 70)
⚠️ Linha 3940 tem 24 colunas (esperado: 70)
⚠️ Linha 3941 tem 46 colunas (esperado: 70)
⚠️ Linha 3942 tem 2 colunas (esperado: 70)
⚠️ Linha 3943 tem 24 colunas (esperado: 70)
⚠️ Linha 3944 tem 46 colunas (esperado: 70)
⚠️ Linha 3945 tem 1 colunas (esperado: 70)
⚠️ Linha 3948 tem 46 colunas (esperado: 70)
⚠️ Linha 3949 tem 2 colunas (esperado: 70)
⚠️ Linha 3950 tem 24 colunas (esperado: 70)
⚠️ Linha 3956 tem 46 colunas (esperado: 70)
⚠️ Linha 3957 tem 1 colunas (esperado: 70)
⚠️ Linha 3960 tem 46 colunas (esperado: 70)
⚠️ Linha 3961 tem 2 colunas (esperado: 70)
⚠️ Linha 3962 tem 24 colunas (esperado: 70)
⚠️ Linha 3963 tem 46 colunas (esperado: 70)
⚠️ Linha 3964 tem 2 colunas (esperado: 70)
⚠️ Linha 3965 tem 24 colunas (esperado: 70)
⚠️ Linha 3982 tem 46 colunas (esperado: 70)
⚠️ Linha 3983 tem 2 colunas (esperado: 70)
⚠️ Linha 3984 tem 24 colunas (esperado: 70)
⚠️ Linha 3985 tem 46 colunas (esperado: 70)
⚠️ Linha 3986 tem 1 colunas (esperado: 70)
⚠️ Linha 3987 tem 1 colunas (esperado: 70)
⚠️ Linha 4037 tem 46 colunas (esperado: 70)
⚠️ Linha 4038 tem 2 colunas (esperado: 70)
⚠️ Linha 4039 tem 24 colunas (esperado: 70)
⚠️ Linha 4052 tem 47 colunas (esperado: 70)
⚠️ Linha 4053 tem 24 colunas (esperado: 70)
⚠️ Linha 4080 tem 47 colunas (esperado: 70)
⚠️ Linha 4081 tem 24 colunas (esperado: 70)
⚠️ Linha 4105 tem 13 colunas (esperado: 70)
⚠️ Linha 4106 tem 56 colunas (esperado: 70)
⚠️ Linha 4135 tem 46 colunas (esperado: 70)
⚠️ Linha 4136 tem 2 colunas (esperado: 70)
⚠️ Linha 4137 tem 24 colunas (esperado: 70)
⚠️ Linha 4139 tem 46 colunas (esperado: 70)
⚠️ Linha 4140 tem 1 colunas (esperado: 70)
⚠️ Linha 4141 tem 2 colunas (esperado: 70)
⚠️ Linha 4142 tem 1 colunas (esperado: 70)
⚠️ Linha 4143 tem 24 colunas (esperado: 70)
⚠️ Linha 4153 tem 47 colunas (esperado: 70)
⚠️ Linha 4154 tem 24 colunas (esperado: 70)
⚠️ Linha 4164 tem 46 colunas (esperado: 70)
⚠️ Linha 4165 tem 2 colunas (esperado: 70)
⚠️ Linha 4166 tem 24 colunas (esperado: 70)
⚠️ Linha 4167 tem 46 colunas (esperado: 70)
⚠️ Linha 4168 tem 2 colunas (esperado: 70)
⚠️ Linha 4169 tem 24 colunas (esperado: 70)
⚠️ Linha 4266 tem 47 colunas (esperado: 70)
⚠️ Linha 4267 tem 24 colunas (esperado: 70)
⚠️ Linha 4275 tem 46 colunas (esperado: 70)
⚠️ Linha 4276 tem 2 colunas (esperado: 70)
⚠️ Linha 4277 tem 24 colunas (esperado: 70)
⚠️ Linha 4278 tem 46 colunas (esperado: 70)
⚠️ Linha 4279 tem 2 colunas (esperado: 70)
⚠️ Linha 4280 tem 24 colunas (esperado: 70)
⚠️ Linha 4281 tem 46 colunas (esperado: 70)
⚠️ Linha 4282 tem 1 colunas (esperado: 70)
⚠️ Linha 4283 tem 1 colunas (esperado: 70)
⚠️ Linha 4284 tem 24 colunas (esperado: 70)
⚠️ Linha 4290 tem 46 colunas (esperado: 70)
⚠️ Linha 4291 tem 2 colunas (esperado: 70)
⚠️ Linha 4292 tem 24 colunas (esperado: 70)
⚠️ Linha 4296 tem 46 colunas (esperado: 70)
⚠️ Linha 4297 tem 25 colunas (esperado: 70)
⚠️ Linha 4300 tem 46 colunas (esperado: 70)
⚠️ Linha 4301 tem 2 colunas (esperado: 70)
⚠️ Linha 4302 tem 24 colunas (esperado: 70)
⚠️ Linha 4304 tem 46 colunas (esperado: 70)
⚠️ Linha 4305 tem 1 colunas (esperado: 70)
⚠️ Linha 4306 tem 2 colunas (esperado: 70)
⚠️ Linha 4307 tem 1 colunas (esperado: 70)
⚠️ Linha 4308 tem 24 colunas (esperado: 70)
⚠️ Linha 4310 tem 46 colunas (esperado: 70)
⚠️ Linha 4311 tem 2 colunas (esperado: 70)
⚠️ Linha 4312 tem 24 colunas (esperado: 70)
⚠️ Linha 4313 tem 46 colunas (esperado: 70)
⚠️ Linha 4314 tem 2 colunas (esperado: 70)
⚠️ Linha 4315 tem 24 colunas (esperado: 70)
⚠️ Linha 4316 tem 46 colunas (esperado: 70)
⚠️ Linha 4317 tem 2 colunas (esperado: 70)
⚠️ Linha 4318 tem 24 colunas (esperado: 70)
⚠️ Linha 4319 tem 46 colunas (esperado: 70)
⚠️ Linha 4320 tem 25 colunas (esperado: 70)
⚠️ Linha 4321 tem 46 colunas (esperado: 70)
⚠️ Linha 4322 tem 2 colunas (esperado: 70)
⚠️ Linha 4323 tem 24 colunas (esperado: 70)
⚠️ Linha 4325 tem 46 colunas (esperado: 70)
⚠️ Linha 4326 tem 2 colunas (esperado: 70)
⚠️ Linha 4327 tem 24 colunas (esperado: 70)
⚠️ Linha 4330 tem 46 colunas (esperado: 70)
⚠️ Linha 4331 tem 1 colunas (esperado: 70)
⚠️ Linha 4332 tem 2 colunas (esperado: 70)
⚠️ Linha 4333 tem 1 colunas (esperado: 70)
⚠️ Linha 4334 tem 24 colunas (esperado: 70)
⚠️ Linha 4335 tem 46 colunas (esperado: 70)
⚠️ Linha 4336 tem 1 colunas (esperado: 70)
⚠️ Linha 4337 tem 2 colunas (esperado: 70)
⚠️ Linha 4338 tem 1 colunas (esperado: 70)
⚠️ Linha 4339 tem 24 colunas (esperado: 70)
⚠️ Linha 4340 tem 46 colunas (esperado: 70)
⚠️ Linha 4341 tem 1 colunas (esperado: 70)
⚠️ Linha 4342 tem 1 colunas (esperado: 70)
⚠️ Linha 4343 tem 2 colunas (esperado: 70)
⚠️ Linha 4344 tem 1 colunas (esperado: 70)
⚠️ Linha 4345 tem 1 colunas (esperado: 70)
⚠️ Linha 4346 tem 24 colunas (esperado: 70)
⚠️ Linha 4348 tem 46 colunas (esperado: 70)
⚠️ Linha 4349 tem 1 colunas (esperado: 70)
⚠️ Linha 4351 tem 46 colunas (esperado: 70)
⚠️ Linha 4352 tem 2 colunas (esperado: 70)
⚠️ Linha 4353 tem 24 colunas (esperado: 70)
⚠️ Linha 4355 tem 46 colunas (esperado: 70)
⚠️ Linha 4356 tem 2 colunas (esperado: 70)
⚠️ Linha 4357 tem 24 colunas (esperado: 70)
⚠️ Linha 4358 tem 47 colunas (esperado: 70)
⚠️ Linha 4359 tem 1 colunas (esperado: 70)
⚠️ Linha 4360 tem 24 colunas (esperado: 70)
⚠️ Linha 4361 tem 46 colunas (esperado: 70)
⚠️ Linha 4362 tem 1 colunas (esperado: 70)
⚠️ Linha 4365 tem 47 colunas (esperado: 70)
⚠️ Linha 4366 tem 24 colunas (esperado: 70)
⚠️ Linha 4369 tem 46 colunas (esperado: 70)
⚠️ Linha 4370 tem 1 colunas (esperado: 70)
⚠️ Linha 4371 tem 2 colunas (esperado: 70)
⚠️ Linha 4372 tem 1 colunas (esperado: 70)
⚠️ Linha 4373 tem 24 colunas (esperado: 70)
⚠️ Linha 4374 tem 46 colunas (esperado: 70)
⚠️ Linha 4375 tem 1 colunas (esperado: 70)
⚠️ Linha 4376 tem 2 colunas (esperado: 70)
⚠️ Linha 4377 tem 1 colunas (esperado: 70)
⚠️ Linha 4378 tem 24 colunas (esperado: 70)
⚠️ Linha 4379 tem 46 colunas (esperado: 70)
⚠️ Linha 4380 tem 2 colunas (esperado: 70)
⚠️ Linha 4381 tem 25 colunas (esperado: 70)
⚠️ Linha 4382 tem 46 colunas (esperado: 70)
⚠️ Linha 4383 tem 1 colunas (esperado: 70)
⚠️ Linha 4384 tem 1 colunas (esperado: 70)
⚠️ Linha 4385 tem 1 colunas (esperado: 70)
⚠️ Linha 4386 tem 24 colunas (esperado: 70)
⚠️ Linha 4388 tem 46 colunas (esperado: 70)
⚠️ Linha 4389 tem 2 colunas (esperado: 70)
⚠️ Linha 4390 tem 24 colunas (esperado: 70)
⚠️ Linha 4392 tem 13 colunas (esperado: 70)
⚠️ Linha 4393 tem 56 colunas (esperado: 70)
⚠️ Linha 4403 tem 46 colunas (esperado: 70)
⚠️ Linha 4405 tem 25 colunas (esperado: 70)
⚠️ Linha 4412 tem 46 colunas (esperado: 70)
⚠️ Linha 4413 tem 2 colunas (esperado: 70)
⚠️ Linha 4414 tem 24 colunas (esperado: 70)
⚠️ Linha 4415 tem 46 colunas (esperado: 70)
⚠️ Linha 4416 tem 1 colunas (esperado: 70)
⚠️ Linha 4417 tem 2 colunas (esperado: 70)
⚠️ Linha 4418 tem 1 colunas (esperado: 70)
⚠️ Linha 4419 tem 24 colunas (esperado: 70)
⚠️ Linha 4421 tem 46 colunas (esperado: 70)
⚠️ Linha 4422 tem 1 colunas (esperado: 70)
⚠️ Linha 4423 tem 2 colunas (esperado: 70)
⚠️ Linha 4424 tem 1 colunas (esperado: 70)
⚠️ Linha 4425 tem 24 colunas (esperado: 70)
⚠️ Linha 4428 tem 46 colunas (esperado: 70)
⚠️ Linha 4429 tem 2 colunas (esperado: 70)
⚠️ Linha 4430 tem 24 colunas (esperado: 70)
⚠️ Linha 4438 tem 46 colunas (esperado: 70)
⚠️ Linha 4439 tem 2 colunas (esperado: 70)
⚠️ Linha 4440 tem 24 colunas (esperado: 70)
⚠️ Linha 4460 tem 46 colunas (esperado: 70)
⚠️ Linha 4461 tem 25 colunas (esperado: 70)
⚠️ Linha 4486 tem 46 colunas (esperado: 70)
⚠️ Linha 4487 tem 2 colunas (esperado: 70)
⚠️ Linha 4488 tem 24 colunas (esperado: 70)
⚠️ Linha 4489 tem 46 colunas (esperado: 70)
⚠️ Linha 4490 tem 2 colunas (esperado: 70)
⚠️ Linha 4491 tem 24 colunas (esperado: 70)
⚠️ Linha 4496 tem 46 colunas (esperado: 70)
⚠️ Linha 4497 tem 2 colunas (esperado: 70)
⚠️ Linha 4498 tem 24 colunas (esperado: 70)
⚠️ Linha 4503 tem 47 colunas (esperado: 70)
⚠️ Linha 4504 tem 1 colunas (esperado: 70)
⚠️ Linha 4505 tem 24 colunas (esperado: 70)
⚠️ Linha 4509 tem 46 colunas (esperado: 70)
⚠️ Linha 4510 tem 1 colunas (esperado: 70)
⚠️ Linha 4511 tem 2 colunas (esperado: 70)
⚠️ Linha 4512 tem 1 colunas (esperado: 70)
⚠️ Linha 4513 tem 24 colunas (esperado: 70)
⚠️ Linha 4535 tem 46 colunas (esperado: 70)
⚠️ Linha 4536 tem 2 colunas (esperado: 70)
⚠️ Linha 4537 tem 24 colunas (esperado: 70)
⚠️ Linha 4556 tem 47 colunas (esperado: 70)
⚠️ Linha 4557 tem 24 colunas (esperado: 70)
⚠️ Linha 4589 tem 47 colunas (esperado: 70)
⚠️ Linha 4590 tem 24 colunas (esperado: 70)
⚠️ Linha 4673 tem 46 colunas (esperado: 70)
⚠️ Linha 4674 tem 2 colunas (esperado: 70)
⚠️ Linha 4675 tem 26 colunas (esperado: 70)
⚠️ Linha 4725 tem 46 colunas (esperado: 70)
⚠️ Linha 4726 tem 2 colunas (esperado: 70)
⚠️ Linha 4727 tem 24 colunas (esperado: 70)
⚠️ Linha 4730 tem 46 colunas (esperado: 70)
⚠️ Linha 4731 tem 2 colunas (esperado: 70)
⚠️ Linha 4732 tem 24 colunas (esperado: 70)
⚠️ Linha 4733 tem 46 colunas (esperado: 70)
⚠️ Linha 4734 tem 2 colunas (esperado: 70)
⚠️ Linha 4735 tem 24 colunas (esperado: 70)
⚠️ Linha 4736 tem 46 colunas (esperado: 70)
⚠️ Linha 4737 tem 2 colunas (esperado: 70)
⚠️ Linha 4738 tem 1 colunas (esperado: 70)
⚠️ Linha 4739 tem 1 colunas (esperado: 70)
⚠️ Linha 4744 tem 46 colunas (esperado: 70)
⚠️ Linha 4745 tem 2 colunas (esperado: 70)
⚠️ Linha 4746 tem 24 colunas (esperado: 70)
⚠️ Linha 4747 tem 46 colunas (esperado: 70)
⚠️ Linha 4748 tem 2 colunas (esperado: 70)
⚠️ Linha 4749 tem 24 colunas (esperado: 70)
⚠️ Linha 4759 tem 46 colunas (esperado: 70)
⚠️ Linha 4760 tem 13 colunas (esperado: 70)
⚠️ Linha 4761 tem 46 colunas (esperado: 70)
⚠️ Linha 4762 tem 1 colunas (esperado: 70)
⚠️ Linha 4774 tem 46 colunas (esperado: 70)
⚠️ Linha 4776 tem 25 colunas (esperado: 70)
⚠️ Linha 4780 tem 46 colunas (esperado: 70)
⚠️ Linha 4781 tem 2 colunas (esperado: 70)
⚠️ Linha 4782 tem 24 colunas (esperado: 70)
⚠️ Linha 4783 tem 46 colunas (esperado: 70)
⚠️ Linha 4784 tem 2 colunas (esperado: 70)
⚠️ Linha 4785 tem 24 colunas (esperado: 70)
⚠️ Linha 4791 tem 13 colunas (esperado: 70)
⚠️ Linha 4793 tem 1 colunas (esperado: 70)
⚠️ Linha 4794 tem 58 colunas (esperado: 70)
⚠️ Linha 4795 tem 46 colunas (esperado: 70)
⚠️ Linha 4796 tem 2 colunas (esperado: 70)
⚠️ Linha 4797 tem 24 colunas (esperado: 70)
⚠️ Linha 4800 tem 46 colunas (esperado: 70)
⚠️ Linha 4801 tem 1 colunas (esperado: 70)
⚠️ Linha 4802 tem 2 colunas (esperado: 70)
⚠️ Linha 4803 tem 24 colunas (esperado: 70)
⚠️ Linha 4808 tem 46 colunas (esperado: 70)
⚠️ Linha 4809 tem 1 colunas (esperado: 70)
⚠️ Linha 4810 tem 1 colunas (esperado: 70)
⚠️ Linha 4811 tem 24 colunas (esperado: 70)
⚠️ Linha 4817 tem 46 colunas (esperado: 70)
⚠️ Linha 4818 tem 2 colunas (esperado: 70)
⚠️ Linha 4819 tem 24 colunas (esperado: 70)
⚠️ Linha 4821 tem 46 colunas (esperado: 70)
⚠️ Linha 4822 tem 2 colunas (esperado: 70)
⚠️ Linha 4823 tem 24 colunas (esperado: 70)
⚠️ Linha 4891 tem 13 colunas (esperado: 70)
⚠️ Linha 4892 tem 56 colunas (esperado: 70)
⚠️ Linha 5071 tem 46 colunas (esperado: 70)
⚠️ Linha 5072 tem 2 colunas (esperado: 70)
⚠️ Linha 5073 tem 24 colunas (esperado: 70)
⚠️ Linha 5083 tem 47 colunas (esperado: 70)
⚠️ Linha 5084 tem 24 colunas (esperado: 70)
⚠️ Linha 5105 tem 46 colunas (esperado: 70)
⚠️ Linha 5106 tem 2 colunas (esperado: 70)
⚠️ Linha 5107 tem 24 colunas (esperado: 70)
⚠️ Linha 5136 tem 46 colunas (esperado: 70)
⚠️ Linha 5137 tem 2 colunas (esperado: 70)
⚠️ Linha 5138 tem 24 colunas (esperado: 70)
⚠️ Linha 5145 tem 46 colunas (esperado: 70)
⚠️ Linha 5146 tem 2 colunas (esperado: 70)
⚠️ Linha 5147 tem 24 colunas (esperado: 70)
⚠️ Linha 5148 tem 46 colunas (esperado: 70)
⚠️ Linha 5149 tem 2 colunas (esperado: 70)
⚠️ Linha 5150 tem 24 colunas (esperado: 70)
⚠️ Linha 5154 tem 46 colunas (esperado: 70)
⚠️ Linha 5155 tem 2 colunas (esperado: 70)
⚠️ Linha 5156 tem 24 colunas (esperado: 70)
⚠️ Linha 5164 tem 47 colunas (esperado: 70)
⚠️ Linha 5165 tem 24 colunas (esperado: 70)
⚠️ Linha 5168 tem 46 colunas (esperado: 70)
⚠️ Linha 5169 tem 2 colunas (esperado: 70)
⚠️ Linha 5170 tem 24 colunas (esperado: 70)
⚠️ Linha 5173 tem 46 colunas (esperado: 70)
⚠️ Linha 5174 tem 2 colunas (esperado: 70)
⚠️ Linha 5175 tem 24 colunas (esperado: 70)
⚠️ Linha 5184 tem 46 colunas (esperado: 70)
⚠️ Linha 5185 tem 1 colunas (esperado: 70)
⚠️ Linha 5186 tem 2 colunas (esperado: 70)
⚠️ Linha 5187 tem 1 colunas (esperado: 70)
⚠️ Linha 5188 tem 24 colunas (esperado: 70)
⚠️ Linha 5189 tem 46 colunas (esperado: 70)
⚠️ Linha 5190 tem 2 colunas (esperado: 70)
⚠️ Linha 5191 tem 24 colunas (esperado: 70)
⚠️ Linha 5261 tem 46 colunas (esperado: 70)
⚠️ Linha 5262 tem 1 colunas (esperado: 70)
⚠️ Linha 5263 tem 46 colunas (esperado: 70)
⚠️ Linha 5264 tem 2 colunas (esperado: 70)
⚠️ Linha 5265 tem 24 colunas (esperado: 70)
⚠️ Linha 5268 tem 46 colunas (esperado: 70)
⚠️ Linha 5269 tem 1 colunas (esperado: 70)
⚠️ Linha 5270 tem 46 colunas (esperado: 70)
⚠️ Linha 5271 tem 1 colunas (esperado: 70)
⚠️ Linha 5276 tem 46 colunas (esperado: 70)
⚠️ Linha 5277 tem 1 colunas (esperado: 70)
⚠️ Linha 5278 tem 2 colunas (esperado: 70)
⚠️ Linha 5279 tem 1 colunas (esperado: 70)
⚠️ Linha 5280 tem 24 colunas (esperado: 70)
⚠️ Linha 5282 tem 46 colunas (esperado: 70)
⚠️ Linha 5283 tem 1 colunas (esperado: 70)
⚠️ Linha 5284 tem 1 colunas (esperado: 70)
⚠️ Linha 5285 tem 2 colunas (esperado: 70)
⚠️ Linha 5286 tem 1 colunas (esperado: 70)
⚠️ Linha 5287 tem 1 colunas (esperado: 70)
⚠️ Linha 5288 tem 24 colunas (esperado: 70)
⚠️ Linha 5289 tem 46 colunas (esperado: 70)
⚠️ Linha 5290 tem 2 colunas (esperado: 70)
⚠️ Linha 5291 tem 24 colunas (esperado: 70)
⚠️ Linha 5298 tem 46 colunas (esperado: 70)
⚠️ Linha 5299 tem 2 colunas (esperado: 70)
⚠️ Linha 5300 tem 24 colunas (esperado: 70)
⚠️ Linha 5302 tem 46 colunas (esperado: 70)
⚠️ Linha 5303 tem 2 colunas (esperado: 70)
⚠️ Linha 5304 tem 24 colunas (esperado: 70)
⚠️ Linha 5376 tem 46 colunas (esperado: 70)
⚠️ Linha 5377 tem 2 colunas (esperado: 70)
⚠️ Linha 5378 tem 24 colunas (esperado: 70)
⚠️ Linha 5380 tem 46 colunas (esperado: 70)
⚠️ Linha 5381 tem 2 colunas (esperado: 70)
⚠️ Linha 5382 tem 24 colunas (esperado: 70)
⚠️ Linha 5383 tem 46 colunas (esperado: 70)
⚠️ Linha 5384 tem 2 colunas (esperado: 70)
⚠️ Linha 5385 tem 24 colunas (esperado: 70)
⚠️ Linha 5386 tem 46 colunas (esperado: 70)
⚠️ Linha 5387 tem 2 colunas (esperado: 70)
⚠️ Linha 5388 tem 24 colunas (esperado: 70)
⚠️ Linha 5391 tem 46 colunas (esperado: 70)
⚠️ Linha 5392 tem 2 colunas (esperado: 70)
⚠️ Linha 5393 tem 24 colunas (esperado: 70)
⚠️ Linha 5403 tem 46 colunas (esperado: 70)
⚠️ Linha 5404 tem 2 colunas (esperado: 70)
⚠️ Linha 5405 tem 24 colunas (esperado: 70)
⚠️ Linha 5407 tem 46 colunas (esperado: 70)
⚠️ Linha 5408 tem 2 colunas (esperado: 70)
⚠️ Linha 5409 tem 24 colunas (esperado: 70)
⚠️ Linha 5412 tem 46 colunas (esperado: 70)
⚠️ Linha 5413 tem 1 colunas (esperado: 70)
⚠️ Linha 5414 tem 1 colunas (esperado: 70)
⚠️ Linha 5415 tem 25 colunas (esperado: 70)
⚠️ Linha 5418 tem 46 colunas (esperado: 70)
⚠️ Linha 5419 tem 2 colunas (esperado: 70)
⚠️ Linha 5420 tem 24 colunas (esperado: 70)
⚠️ Linha 5424 tem 46 colunas (esperado: 70)
⚠️ Linha 5425 tem 1 colunas (esperado: 70)
⚠️ Linha 5427 tem 46 colunas (esperado: 70)
⚠️ Linha 5429 tem 1 colunas (esperado: 70)
⚠️ Linha 5464 tem 46 colunas (esperado: 70)
⚠️ Linha 5465 tem 2 colunas (esperado: 70)
⚠️ Linha 5466 tem 24 colunas (esperado: 70)
⚠️ Linha 5467 tem 46 colunas (esperado: 70)
⚠️ Linha 5468 tem 2 colunas (esperado: 70)
⚠️ Linha 5469 tem 24 colunas (esperado: 70)
⚠️ Linha 5470 tem 46 colunas (esperado: 70)
⚠️ Linha 5471 tem 2 colunas (esperado: 70)
⚠️ Linha 5472 tem 24 colunas (esperado: 70)
⚠️ Linha 5473 tem 46 colunas (esperado: 70)
⚠️ Linha 5474 tem 2 colunas (esperado: 70)
⚠️ Linha 5475 tem 24 colunas (esperado: 70)
⚠️ Linha 5478 tem 46 colunas (esperado: 70)
⚠️ Linha 5479 tem 2 colunas (esperado: 70)
⚠️ Linha 5480 tem 24 colunas (esperado: 70)
⚠️ Linha 5482 tem 46 colunas (esperado: 70)
⚠️ Linha 5483 tem 2 colunas (esperado: 70)
⚠️ Linha 5484 tem 24 colunas (esperado: 70)
⚠️ Linha 5486 tem 46 colunas (esperado: 70)
⚠️ Linha 5487 tem 2 colunas (esperado: 70)
⚠️ Linha 5488 tem 24 colunas (esperado: 70)
⚠️ Linha 5489 tem 46 colunas (esperado: 70)
⚠️ Linha 5490 tem 1 colunas (esperado: 70)
⚠️ Linha 5491 tem 1 colunas (esperado: 70)
⚠️ Linha 5502 tem 47 colunas (esperado: 70)
⚠️ Linha 5503 tem 24 colunas (esperado: 70)
⚠️ Linha 5507 tem 47 colunas (esperado: 70)
⚠️ Linha 5508 tem 1 colunas (esperado: 70)
⚠️ Linha 5509 tem 46 colunas (esperado: 70)
⚠️ Linha 5510 tem 2 colunas (esperado: 70)
⚠️ Linha 5511 tem 24 colunas (esperado: 70)
⚠️ Linha 5521 tem 46 colunas (esperado: 70)
⚠️ Linha 5522 tem 2 colunas (esperado: 70)
⚠️ Linha 5523 tem 24 colunas (esperado: 70)
⚠️ Linha 5524 tem 46 colunas (esperado: 70)
⚠️ Linha 5525 tem 2 colunas (esperado: 70)
⚠️ Linha 5526 tem 24 colunas (esperado: 70)
⚠️ Linha 5547 tem 46 colunas (esperado: 70)
⚠️ Linha 5548 tem 2 colunas (esperado: 70)
⚠️ Linha 5549 tem 24 colunas (esperado: 70)
⚠️ Linha 5553 tem 46 colunas (esperado: 70)
⚠️ Linha 5554 tem 2 colunas (esperado: 70)
⚠️ Linha 5555 tem 24 colunas (esperado: 70)
⚠️ Linha 5556 tem 46 colunas (esperado: 70)
⚠️ Linha 5557 tem 2 colunas (esperado: 70)
⚠️ Linha 5558 tem 24 colunas (esperado: 70)
⚠️ Linha 5565 tem 46 colunas (esperado: 70)
⚠️ Linha 5566 tem 2 colunas (esperado: 70)
⚠️ Linha 5567 tem 24 colunas (esperado: 70)
⚠️ Linha 5568 tem 46 colunas (esperado: 70)
⚠️ Linha 5569 tem 2 colunas (esperado: 70)
⚠️ Linha 5570 tem 24 colunas (esperado: 70)
⚠️ Linha 5704 tem 46 colunas (esperado: 70)
⚠️ Linha 5705 tem 2 colunas (esperado: 70)
⚠️ Linha 5706 tem 24 colunas (esperado: 70)
⚠️ Linha 5707 tem 46 colunas (esperado: 70)
⚠️ Linha 5708 tem 2 colunas (esperado: 70)
⚠️ Linha 5709 tem 24 colunas (esperado: 70)
⚠️ Linha 5718 tem 46 colunas (esperado: 70)
⚠️ Linha 5719 tem 2 colunas (esperado: 70)
⚠️ Linha 5720 tem 24 colunas (esperado: 70)
⚠️ Linha 5722 tem 46 colunas (esperado: 70)
⚠️ Linha 5724 tem 1 colunas (esperado: 70)
⚠️ Linha 5725 tem 47 colunas (esperado: 70)
⚠️ Linha 5726 tem 24 colunas (esperado: 70)
⚠️ Linha 5728 tem 46 colunas (esperado: 70)
⚠️ Linha 5729 tem 2 colunas (esperado: 70)
⚠️ Linha 5730 tem 24 colunas (esperado: 70)
⚠️ Linha 5731 tem 46 colunas (esperado: 70)
⚠️ Linha 5732 tem 1 colunas (esperado: 70)
⚠️ Linha 5733 tem 1 colunas (esperado: 70)
⚠️ Linha 5734 tem 24 colunas (esperado: 70)
⚠️ Linha 5735 tem 46 colunas (esperado: 70)
⚠️ Linha 5736 tem 25 colunas (esperado: 70)
⚠️ Linha 5737 tem 46 colunas (esperado: 70)
⚠️ Linha 5738 tem 2 colunas (esperado: 70)
⚠️ Linha 5739 tem 1 colunas (esperado: 70)
⚠️ Linha 5740 tem 1 colunas (esperado: 70)
⚠️ Linha 5741 tem 46 colunas (esperado: 70)
⚠️ Linha 5742 tem 2 colunas (esperado: 70)
⚠️ Linha 5743 tem 24 colunas (esperado: 70)
⚠️ Linha 5746 tem 47 colunas (esperado: 70)
⚠️ Linha 5747 tem 24 colunas (esperado: 70)
⚠️ Linha 5750 tem 46 colunas (esperado: 70)
⚠️ Linha 5751 tem 2 colunas (esperado: 70)
⚠️ Linha 5752 tem 24 colunas (esperado: 70)
⚠️ Linha 5753 tem 46 colunas (esperado: 70)
⚠️ Linha 5754 tem 2 colunas (esperado: 70)
⚠️ Linha 5755 tem 24 colunas (esperado: 70)
⚠️ Linha 5757 tem 46 colunas (esperado: 70)
⚠️ Linha 5758 tem 2 colunas (esperado: 70)
⚠️ Linha 5759 tem 24 colunas (esperado: 70)
⚠️ Linha 5760 tem 46 colunas (esperado: 70)
⚠️ Linha 5761 tem 2 colunas (esperado: 70)
⚠️ Linha 5762 tem 24 colunas (esperado: 70)
⚠️ Linha 5763 tem 46 colunas (esperado: 70)
⚠️ Linha 5764 tem 2 colunas (esperado: 70)
⚠️ Linha 5765 tem 24 colunas (esperado: 70)
⚠️ Linha 5767 tem 13 colunas (esperado: 70)
⚠️ Linha 5768 tem 58 colunas (esperado: 70)
⚠️ Linha 5770 tem 46 colunas (esperado: 70)
⚠️ Linha 5771 tem 1 colunas (esperado: 70)
⚠️ Linha 5919 tem 46 colunas (esperado: 70)
⚠️ Linha 5920 tem 2 colunas (esperado: 70)
⚠️ Linha 5921 tem 24 colunas (esperado: 70)
⚠️ Linha 5931 tem 46 colunas (esperado: 70)
⚠️ Linha 5932 tem 2 colunas (esperado: 70)
⚠️ Linha 5933 tem 24 colunas (esperado: 70)
⚠️ Linha 5938 tem 46 colunas (esperado: 70)
⚠️ Linha 5939 tem 2 colunas (esperado: 70)
⚠️ Linha 5940 tem 24 colunas (esperado: 70)
⚠️ Linha 5942 tem 46 colunas (esperado: 70)
⚠️ Linha 5943 tem 2 colunas (esperado: 70)
⚠️ Linha 5944 tem 24 colunas (esperado: 70)
⚠️ Linha 5959 tem 46 colunas (esperado: 70)
⚠️ Linha 5960 tem 2 colunas (esperado: 70)
⚠️ Linha 5961 tem 24 colunas (esperado: 70)
⚠️ Linha 5964 tem 46 colunas (esperado: 70)
⚠️ Linha 5965 tem 2 colunas (esperado: 70)
⚠️ Linha 5966 tem 24 colunas (esperado: 70)
⚠️ Linha 5967 tem 46 colunas (esperado: 70)
⚠️ Linha 5968 tem 2 colunas (esperado: 70)
⚠️ Linha 5969 tem 25 colunas (esperado: 70)
⚠️ Linha 5971 tem 46 colunas (esperado: 70)
⚠️ Linha 5972 tem 2 colunas (esperado: 70)
⚠️ Linha 5973 tem 24 colunas (esperado: 70)
⚠️ Linha 5974 tem 46 colunas (esperado: 70)
⚠️ Linha 5975 tem 2 colunas (esperado: 70)
⚠️ Linha 5976 tem 24 colunas (esperado: 70)
⚠️ Linha 5977 tem 46 colunas (esperado: 70)
⚠️ Linha 5978 tem 1 colunas (esperado: 70)
⚠️ Linha 5979 tem 2 colunas (esperado: 70)
⚠️ Linha 5980 tem 1 colunas (esperado: 70)
⚠️ Linha 5981 tem 24 colunas (esperado: 70)
⚠️ Linha 5985 tem 46 colunas (esperado: 70)
⚠️ Linha 5986 tem 2 colunas (esperado: 70)
⚠️ Linha 5987 tem 24 colunas (esperado: 70)
⚠️ Linha 5988 tem 46 colunas (esperado: 70)
⚠️ Linha 5989 tem 1 colunas (esperado: 70)
⚠️ Linha 5990 tem 2 colunas (esperado: 70)
⚠️ Linha 5991 tem 1 colunas (esperado: 70)
⚠️ Linha 5992 tem 24 colunas (esperado: 70)
⚠️ Linha 5993 tem 46 colunas (esperado: 70)
⚠️ Linha 5994 tem 2 colunas (esperado: 70)
⚠️ Linha 5995 tem 24 colunas (esperado: 70)
⚠️ Linha 5996 tem 46 colunas (esperado: 70)
⚠️ Linha 5997 tem 2 colunas (esperado: 70)
⚠️ Linha 5998 tem 24 colunas (esperado: 70)
⚠️ Linha 5999 tem 46 colunas (esperado: 70)
⚠️ Linha 6000 tem 2 colunas (esperado: 70)
⚠️ Linha 6001 tem 24 colunas (esperado: 70)
⚠️ Linha 6006 tem 46 colunas (esperado: 70)
⚠️ Linha 6007 tem 2 colunas (esperado: 70)
⚠️ Linha 6008 tem 24 colunas (esperado: 70)
⚠️ Linha 6010 tem 46 colunas (esperado: 70)
⚠️ Linha 6011 tem 2 colunas (esperado: 70)
⚠️ Linha 6012 tem 24 colunas (esperado: 70)
⚠️ Linha 6019 tem 46 colunas (esperado: 70)
⚠️ Linha 6020 tem 2 colunas (esperado: 70)
⚠️ Linha 6021 tem 24 colunas (esperado: 70)
⚠️ Linha 6046 tem 47 colunas (esperado: 70)
⚠️ Linha 6047 tem 24 colunas (esperado: 70)
⚠️ Linha 6228 tem 46 colunas (esperado: 70)
⚠️ Linha 6229 tem 1 colunas (esperado: 70)
⚠️ Linha 6273 tem 47 colunas (esperado: 70)
⚠️ Linha 6274 tem 24 colunas (esperado: 70)
⚠️ Linha 6316 tem 47 colunas (esperado: 70)
⚠️ Linha 6317 tem 24 colunas (esperado: 70)
⚠️ Linha 6324 tem 47 colunas (esperado: 70)
⚠️ Linha 6325 tem 24 colunas (esperado: 70)
⚠️ Linha 6326 tem 47 colunas (esperado: 70)
⚠️ Linha 6327 tem 24 colunas (esperado: 70)
⚠️ Linha 6328 tem 47 colunas (esperado: 70)
⚠️ Linha 6329 tem 24 colunas (esperado: 70)
⚠️ Linha 6363 tem 47 colunas (esperado: 70)
⚠️ Linha 6364 tem 25 colunas (esperado: 70)
⚠️ Linha 6538 tem 47 colunas (esperado: 70)
⚠️ Linha 6539 tem 24 colunas (esperado: 70)
⚠️ Linha 6553 tem 47 colunas (esperado: 70)
⚠️ Linha 6554 tem 24 colunas (esperado: 70)
⚠️ Linha 6581 tem 47 colunas (esperado: 70)
⚠️ Linha 6582 tem 25 colunas (esperado: 70)
⚠️ Linha 6596 tem 46 colunas (esperado: 70)
⚠️ Linha 6597 tem 2 colunas (esperado: 70)
⚠️ Linha 6598 tem 24 colunas (esperado: 70)
⚠️ Linha 6652 tem 47 colunas (esperado: 70)
⚠️ Linha 6653 tem 24 colunas (esperado: 70)
⚠️ Linha 6665 tem 13 colunas (esperado: 70)
⚠️ Linha 6667 tem 2 colunas (esperado: 70)
⚠️ Linha 6669 tem 58 colunas (esperado: 70)
⚠️ Linha 6747 tem 13 colunas (esperado: 70)
⚠️ Linha 6749 tem 1 colunas (esperado: 70)
⚠️ Linha 6750 tem 58 colunas (esperado: 70)
⚠️ Linha 6789 tem 47 colunas (esperado: 70)
⚠️ Linha 6790 tem 24 colunas (esperado: 70)
⚠️ Linha 6843 tem 47 colunas (esperado: 70)
⚠️ Linha 6844 tem 24 colunas (esperado: 70)
⚠️ Linha 6859 tem 47 colunas (esperado: 70)
⚠️ Linha 6860 tem 24 colunas (esperado: 70)
⚠️ Linha 6878 tem 13 colunas (esperado: 70)
⚠️ Linha 6880 tem 1 colunas (esperado: 70)
⚠️ Linha 6881 tem 58 colunas (esperado: 70)
⚠️ Linha 6908 tem 46 colunas (esperado: 70)
⚠️ Linha 6909 tem 2 colunas (esperado: 70)
⚠️ Linha 6910 tem 24 colunas (esperado: 70)
⚠️ Linha 6979 tem 46 colunas (esperado: 70)
⚠️ Linha 6980 tem 25 colunas (esperado: 70)
⚠️ Linha 7205 tem 46 colunas (esperado: 70)
⚠️ Linha 7206 tem 1 colunas (esperado: 70)
⚠️ Linha 7207 tem 2 colunas (esperado: 70)
⚠️ Linha 7208 tem 24 colunas (esperado: 70)
⚠️ Linha 7220 tem 46 colunas (esperado: 70)
⚠️ Linha 7221 tem 25 colunas (esperado: 70)
⚠️ Linha 7231 tem 46 colunas (esperado: 70)
⚠️ Linha 7232 tem 2 colunas (esperado: 70)
⚠️ Linha 7233 tem 24 colunas (esperado: 70)
⚠️ Linha 7289 tem 46 colunas (esperado: 70)
⚠️ Linha 7290 tem 25 colunas (esperado: 70)
⚠️ Linha 7327 tem 47 colunas (esperado: 70)
⚠️ Linha 7328 tem 24 colunas (esperado: 70)
⚠️ Linha 7381 tem 47 colunas (esperado: 70)
⚠️ Linha 7382 tem 24 colunas (esperado: 70)
⚠️ Linha 7483 tem 47 colunas (esperado: 70)
⚠️ Linha 7484 tem 25 colunas (esperado: 70)
⚠️ Linha 7496 tem 46 colunas (esperado: 70)
⚠️ Linha 7497 tem 25 colunas (esperado: 70)
⚠️ Linha 7663 tem 47 colunas (esperado: 70)
⚠️ Linha 7664 tem 24 colunas (esperado: 70)
⚠️ Linha 7803 tem 47 colunas (esperado: 70)
⚠️ Linha 7804 tem 24 colunas (esperado: 70)
⚠️ Linha 8161 tem 46 colunas (esperado: 70)
⚠️ Linha 8162 tem 2 colunas (esperado: 70)
⚠️ Linha 8163 tem 24 colunas (esperado: 70)
⚠️ Linha 8193 tem 46 colunas (esperado: 70)
⚠️ Linha 8194 tem 2 colunas (esperado: 70)
⚠️ Linha 8195 tem 24 colunas (esperado: 70)
⚠️ Linha 8246 tem 46 colunas (esperado: 70)
⚠️ Linha 8247 tem 2 colunas (esperado: 70)
⚠️ Linha 8248 tem 24 colunas (esperado: 70)
⚠️ Linha 8295 tem 13 colunas (esperado: 70)
⚠️ Linha 8296 tem 58 colunas (esperado: 70)
⚠️ Linha 8582 tem 46 colunas (esperado: 70)
⚠️ Linha 8583 tem 2 colunas (esperado: 70)
⚠️ Linha 8584 tem 24 colunas (esperado: 70)
⚠️ Linha 8626 tem 46 colunas (esperado: 70)
⚠️ Linha 8627 tem 2 colunas (esperado: 70)
⚠️ Linha 8628 tem 24 colunas (esperado: 70)
⚠️ Linha 8631 tem 46 colunas (esperado: 70)
⚠️ Linha 8632 tem 2 colunas (esperado: 70)
⚠️ Linha 8633 tem 1 colunas (esperado: 70)
⚠️ Linha 8634 tem 24 colunas (esperado: 70)
⚠️ Linha 8639 tem 46 colunas (esperado: 70)
⚠️ Linha 8640 tem 2 colunas (esperado: 70)
⚠️ Linha 8641 tem 24 colunas (esperado: 70)
⚠️ Linha 8651 tem 47 colunas (esperado: 70)
⚠️ Linha 8652 tem 24 colunas (esperado: 70)
⚠️ Linha 8712 tem 47 colunas (esperado: 70)
⚠️ Linha 8713 tem 24 colunas (esperado: 70)
⚠️ Linha 8744 tem 46 colunas (esperado: 70)
⚠️ Linha 8745 tem 2 colunas (esperado: 70)
⚠️ Linha 8746 tem 24 colunas (esperado: 70)
⚠️ Linha 8757 tem 47 colunas (esperado: 70)
⚠️ Linha 8758 tem 24 colunas (esperado: 70)
⚠️ Linha 9000 tem 46 colunas (esperado: 70)
⚠️ Linha 9001 tem 25 colunas (esperado: 70)
⚠️ Linha 9111 tem 46 colunas (esperado: 70)
⚠️ Linha 9112 tem 2 colunas (esperado: 70)
⚠️ Linha 9113 tem 24 colunas (esperado: 70)
⚠️ Linha 9461 tem 47 colunas (esperado: 70)
⚠️ Linha 9462 tem 1 colunas (esperado: 70)
⚠️ Linha 9463 tem 24 colunas (esperado: 70)
⚠️ Linha 9946 tem 46 colunas (esperado: 70)
⚠️ Linha 9947 tem 25 colunas (esperado: 70)
⚠️ Linha 10057 tem 47 colunas (esperado: 70)
⚠️ Linha 10058 tem 24 colunas (esperado: 70)
⚠️ Linha 10077 tem 46 colunas (esperado: 70)
⚠️ Linha 10078 tem 25 colunas (esperado: 70)
⚠️ Linha 10152 tem 46 colunas (esperado: 70)
⚠️ Linha 10153 tem 2 colunas (esperado: 70)
⚠️ Linha 10154 tem 24 colunas (esperado: 70)
⚠️ Linha 10202 tem 47 colunas (esperado: 70)
⚠️ Linha 10203 tem 24 colunas (esperado: 70)
⚠️ Linha 10237 tem 47 colunas (esperado: 70)
⚠️ Linha 10238 tem 24 colunas (esperado: 70)
⚠️ Linha 10259 tem 47 colunas (esperado: 70)
⚠️ Linha 10260 tem 24 colunas (esperado: 70)
⚠️ Linha 10303 tem 46 colunas (esperado: 70)
⚠️ Linha 10304 tem 2 colunas (esperado: 70)
⚠️ Linha 10305 tem 24 colunas (esperado: 70)
⚠️ Linha 10320 tem 47 colunas (esperado: 70)
⚠️ Linha 10321 tem 24 colunas (esperado: 70)
⚠️ Linha 10331 tem 47 colunas (esperado: 70)
⚠️ Linha 10332 tem 24 colunas (esperado: 70)
⚠️ Linha 10427 tem 46 colunas (esperado: 70)
⚠️ Linha 10428 tem 2 colunas (esperado: 70)
⚠️ Linha 10429 tem 1 colunas (esperado: 70)
⚠️ Linha 10430 tem 24 colunas (esperado: 70)
⚠️ Linha 10487 tem 47 colunas (esperado: 70)
⚠️ Linha 10488 tem 24 colunas (esperado: 70)
⚠️ Linha 10622 tem 47 colunas (esperado: 70)
⚠️ Linha 10623 tem 24 colunas (esperado: 70)
⚠️ Linha 10723 tem 46 colunas (esperado: 70)
⚠️ Linha 10724 tem 25 colunas (esperado: 70)
⚠️ Linha 10772 tem 46 colunas (esperado: 70)
⚠️ Linha 10773 tem 2 colunas (esperado: 70)
⚠️ Linha 10774 tem 24 colunas (esperado: 70)
⚠️ Linha 10803 tem 13 colunas (esperado: 70)
⚠️ Linha 10804 tem 46 colunas (esperado: 70)
⚠️ Linha 10922 tem 46 colunas (esperado: 70)
⚠️ Linha 10923 tem 25 colunas (esperado: 70)
⚠️ Linha 10935 tem 47 colunas (esperado: 70)
⚠️ Linha 10936 tem 24 colunas (esperado: 70)
⚠️ Linha 10953 tem 46 colunas (esperado: 70)
⚠️ Linha 10954 tem 25 colunas (esperado: 70)
⚠️ Linha 11025 tem 46 colunas (esperado: 70)
⚠️ Linha 11026 tem 25 colunas (esperado: 70)
⚠️ Linha 11102 tem 13 colunas (esperado: 70)
⚠️ Linha 11103 tem 58 colunas (esperado: 70)
⚠️ Linha 11169 tem 46 colunas (esperado: 70)
⚠️ Linha 11170 tem 2 colunas (esperado: 70)
⚠️ Linha 11171 tem 24 colunas (esperado: 70)
⚠️ Linha 11172 tem 46 colunas (esperado: 70)
⚠️ Linha 11173 tem 2 colunas (esperado: 70)
⚠️ Linha 11174 tem 24 colunas (esperado: 70)
⚠️ Linha 11178 tem 46 colunas (esperado: 70)
⚠️ Linha 11179 tem 2 colunas (esperado: 70)
⚠️ Linha 11180 tem 24 colunas (esperado: 70)
⚠️ Linha 11183 tem 46 colunas (esperado: 70)
⚠️ Linha 11184 tem 2 colunas (esperado: 70)
⚠️ Linha 11185 tem 24 colunas (esperado: 70)
⚠️ Linha 11203 tem 47 colunas (esperado: 70)
⚠️ Linha 11204 tem 1 colunas (esperado: 70)
⚠️ Linha 11205 tem 24 colunas (esperado: 70)
⚠️ Linha 11281 tem 47 colunas (esperado: 70)
⚠️ Linha 11282 tem 24 colunas (esperado: 70)
⚠️ Linha 11359 tem 47 colunas (esperado: 70)
⚠️ Linha 11360 tem 24 colunas (esperado: 70)
⚠️ Linha 11389 tem 46 colunas (esperado: 70)
⚠️ Linha 11390 tem 1 colunas (esperado: 70)
⚠️ Linha 11391 tem 2 colunas (esperado: 70)
⚠️ Linha 11392 tem 1 colunas (esperado: 70)
⚠️ Linha 11393 tem 24 colunas (esperado: 70)
⚠️ Linha 11507 tem 46 colunas (esperado: 70)
⚠️ Linha 11508 tem 2 colunas (esperado: 70)
⚠️ Linha 11509 tem 24 colunas (esperado: 70)
⚠️ Linha 11535 tem 46 colunas (esperado: 70)
⚠️ Linha 11536 tem 2 colunas (esperado: 70)
⚠️ Linha 11537 tem 24 colunas (esperado: 70)
⚠️ Linha 11542 tem 47 colunas (esperado: 70)
⚠️ Linha 11543 tem 24 colunas (esperado: 70)
⚠️ Linha 11555 tem 47 colunas (esperado: 70)
⚠️ Linha 11556 tem 1 colunas (esperado: 70)
⚠️ Linha 11557 tem 24 colunas (esperado: 70)
⚠️ Linha 11567 tem 46 colunas (esperado: 70)
⚠️ Linha 11568 tem 2 colunas (esperado: 70)
⚠️ Linha 11569 tem 24 colunas (esperado: 70)
⚠️ Linha 11613 tem 47 colunas (esperado: 70)
⚠️ Linha 11614 tem 24 colunas (esperado: 70)
⚠️ Linha 11628 tem 46 colunas (esperado: 70)
⚠️ Linha 11629 tem 2 colunas (esperado: 70)
⚠️ Linha 11630 tem 24 colunas (esperado: 70)
⚠️ Linha 11671 tem 46 colunas (esperado: 70)
⚠️ Linha 11672 tem 2 colunas (esperado: 70)
⚠️ Linha 11673 tem 24 colunas (esperado: 70)
⚠️ Linha 11716 tem 47 colunas (esperado: 70)
⚠️ Linha 11717 tem 1 colunas (esperado: 70)
⚠️ Linha 11758 tem 46 colunas (esperado: 70)
⚠️ Linha 11759 tem 2 colunas (esperado: 70)
⚠️ Linha 11760 tem 24 colunas (esperado: 70)
⚠️ Linha 11786 tem 47 colunas (esperado: 70)
⚠️ Linha 11787 tem 24 colunas (esperado: 70)
⚠️ Linha 11796 tem 46 colunas (esperado: 70)
⚠️ Linha 11797 tem 1 colunas (esperado: 70)
⚠️ Linha 11798 tem 2 colunas (esperado: 70)
⚠️ Linha 11799 tem 24 colunas (esperado: 70)
⚠️ Linha 11959 tem 46 colunas (esperado: 70)
⚠️ Linha 11960 tem 2 colunas (esperado: 70)
⚠️ Linha 11961 tem 24 colunas (esperado: 70)
⚠️ Linha 12215 tem 46 colunas (esperado: 70)
⚠️ Linha 12216 tem 2 colunas (esperado: 70)
⚠️ Linha 12217 tem 24 colunas (esperado: 70)
⚠️ Linha 12292 tem 46 colunas (esperado: 70)
⚠️ Linha 12293 tem 2 colunas (esperado: 70)
⚠️ Linha 12294 tem 24 colunas (esperado: 70)
⚠️ Linha 12417 tem 46 colunas (esperado: 70)
⚠️ Linha 12418 tem 25 colunas (esperado: 70)
⚠️ Linha 12486 tem 46 colunas (esperado: 70)
⚠️ Linha 12487 tem 2 colunas (esperado: 70)
⚠️ Linha 12488 tem 24 colunas (esperado: 70)
⚠️ Linha 12507 tem 46 colunas (esperado: 70)
⚠️ Linha 12508 tem 29 colunas (esperado: 70)
⚠️ Linha 12582 tem 46 colunas (esperado: 70)
⚠️ Linha 12583 tem 2 colunas (esperado: 70)
⚠️ Linha 12584 tem 24 colunas (esperado: 70)
⚠️ Linha 12614 tem 46 colunas (esperado: 70)
⚠️ Linha 12615 tem 1 colunas (esperado: 70)
⚠️ Linha 12616 tem 27 colunas (esperado: 70)
⚠️ Linha 12641 tem 46 colunas (esperado: 70)
⚠️ Linha 12642 tem 2 colunas (esperado: 70)
⚠️ Linha 12643 tem 24 colunas (esperado: 70)
⚠️ Linha 12670 tem 46 colunas (esperado: 70)
⚠️ Linha 12671 tem 2 colunas (esperado: 70)
⚠️ Linha 12672 tem 24 colunas (esperado: 70)
⚠️ Linha 12774 tem 47 colunas (esperado: 70)
⚠️ Linha 12775 tem 24 colunas (esperado: 70)
⚠️ Linha 12777 tem 46 colunas (esperado: 70)
⚠️ Linha 12778 tem 2 colunas (esperado: 70)
⚠️ Linha 12779 tem 24 colunas (esperado: 70)
⚠️ Linha 12798 tem 46 colunas (esperado: 70)
⚠️ Linha 12799 tem 25 colunas (esperado: 70)
⚠️ Linha 12891 tem 46 colunas (esperado: 70)
⚠️ Linha 12892 tem 1 colunas (esperado: 70)
⚠️ Linha 12897 tem 47 colunas (esperado: 70)
⚠️ Linha 12898 tem 24 colunas (esperado: 70)
⚠️ Linha 12924 tem 13 colunas (esperado: 70)
⚠️ Linha 12925 tem 56 colunas (esperado: 70)
⚠️ Linha 12998 tem 46 colunas (esperado: 70)
⚠️ Linha 12999 tem 2 colunas (esperado: 70)
⚠️ Linha 13000 tem 24 colunas (esperado: 70)
⚠️ Linha 13218 tem 46 colunas (esperado: 70)
⚠️ Linha 13219 tem 1 colunas (esperado: 70)
⚠️ Linha 13220 tem 25 colunas (esperado: 70)
⚠️ Linha 13222 tem 46 colunas (esperado: 70)
⚠️ Linha 13223 tem 1 colunas (esperado: 70)
⚠️ Linha 13224 tem 25 colunas (esperado: 70)
⚠️ Linha 13225 tem 46 colunas (esperado: 70)
⚠️ Linha 13226 tem 25 colunas (esperado: 70)
⚠️ Linha 13227 tem 46 colunas (esperado: 70)
⚠️ Linha 13228 tem 25 colunas (esperado: 70)
⚠️ Linha 13236 tem 47 colunas (esperado: 70)
⚠️ Linha 13237 tem 1 colunas (esperado: 70)
⚠️ Linha 13276 tem 46 colunas (esperado: 70)
⚠️ Linha 13277 tem 2 colunas (esperado: 70)
⚠️ Linha 13278 tem 24 colunas (esperado: 70)
⚠️ Linha 13280 tem 46 colunas (esperado: 70)
⚠️ Linha 13281 tem 2 colunas (esperado: 70)
⚠️ Linha 13282 tem 24 colunas (esperado: 70)
⚠️ Linha 13328 tem 46 colunas (esperado: 70)
⚠️ Linha 13329 tem 25 colunas (esperado: 70)
⚠️ Linha 13338 tem 46 colunas (esperado: 70)
⚠️ Linha 13339 tem 2 colunas (esperado: 70)
⚠️ Linha 13340 tem 24 colunas (esperado: 70)
⚠️ Linha 13354 tem 46 colunas (esperado: 70)
⚠️ Linha 13355 tem 25 colunas (esperado: 70)
⚠️ Linha 13384 tem 46 colunas (esperado: 70)
⚠️ Linha 13385 tem 2 colunas (esperado: 70)
⚠️ Linha 13386 tem 24 colunas (esperado: 70)
⚠️ Linha 13413 tem 46 colunas (esperado: 70)
⚠️ Linha 13414 tem 2 colunas (esperado: 70)
⚠️ Linha 13415 tem 24 colunas (esperado: 70)
⚠️ Linha 13418 tem 46 colunas (esperado: 70)
⚠️ Linha 13419 tem 2 colunas (esperado: 70)
⚠️ Linha 13420 tem 24 colunas (esperado: 70)
⚠️ Linha 13527 tem 47 colunas (esperado: 70)
⚠️ Linha 13528 tem 24 colunas (esperado: 70)
⚠️ Linha 13617 tem 46 colunas (esperado: 70)
⚠️ Linha 13618 tem 2 colunas (esperado: 70)
⚠️ Linha 13619 tem 24 colunas (esperado: 70)
⚠️ Linha 13627 tem 46 colunas (esperado: 70)
⚠️ Linha 13628 tem 1 colunas (esperado: 70)
⚠️ Linha 13629 tem 25 colunas (esperado: 70)
⚠️ Linha 13636 tem 46 colunas (esperado: 70)
⚠️ Linha 13637 tem 2 colunas (esperado: 70)
⚠️ Linha 13638 tem 24 colunas (esperado: 70)
⚠️ Linha 13653 tem 46 colunas (esperado: 70)
⚠️ Linha 13654 tem 2 colunas (esperado: 70)
⚠️ Linha 13655 tem 24 colunas (esperado: 70)
⚠️ Linha 13688 tem 46 colunas (esperado: 70)
⚠️ Linha 13689 tem 2 colunas (esperado: 70)
⚠️ Linha 13690 tem 24 colunas (esperado: 70)
⚠️ Linha 13768 tem 46 colunas (esperado: 70)
⚠️ Linha 13769 tem 25 colunas (esperado: 70)
⚠️ Linha 13770 tem 46 colunas (esperado: 70)
⚠️ Linha 13771 tem 25 colunas (esperado: 70)
⚠️ Linha 13779 tem 47 colunas (esperado: 70)
⚠️ Linha 13780 tem 24 colunas (esperado: 70)
⚠️ Linha 13783 tem 47 colunas (esperado: 70)
⚠️ Linha 13784 tem 24 colunas (esperado: 70)
⚠️ Linha 13785 tem 46 colunas (esperado: 70)
⚠️ Linha 13786 tem 25 colunas (esperado: 70)
⚠️ Linha 13798 tem 46 colunas (esperado: 70)
⚠️ Linha 13799 tem 25 colunas (esperado: 70)
⚠️ Linha 13879 tem 46 colunas (esperado: 70)
⚠️ Linha 13880 tem 25 colunas (esperado: 70)
⚠️ Linha 13882 tem 46 colunas (esperado: 70)
⚠️ Linha 13883 tem 1 colunas (esperado: 70)
⚠️ Linha 13889 tem 46 colunas (esperado: 70)
⚠️ Linha 13890 tem 26 colunas (esperado: 70)
⚠️ Linha 13906 tem 46 colunas (esperado: 70)
⚠️ Linha 13907 tem 25 colunas (esperado: 70)
⚠️ Linha 13956 tem 46 colunas (esperado: 70)
⚠️ Linha 13957 tem 2 colunas (esperado: 70)
⚠️ Linha 13958 tem 24 colunas (esperado: 70)
⚠️ Linha 14008 tem 46 colunas (esperado: 70)
⚠️ Linha 14009 tem 2 colunas (esperado: 70)
⚠️ Linha 14010 tem 24 colunas (esperado: 70)
⚠️ Linha 14011 tem 46 colunas (esperado: 70)
⚠️ Linha 14012 tem 2 colunas (esperado: 70)
⚠️ Linha 14013 tem 24 colunas (esperado: 70)
⚠️ Linha 14037 tem 46 colunas (esperado: 70)
⚠️ Linha 14038 tem 2 colunas (esperado: 70)
⚠️ Linha 14039 tem 1 colunas (esperado: 70)
⚠️ Linha 14040 tem 1 colunas (esperado: 70)
⚠️ Linha 14062 tem 46 colunas (esperado: 70)
⚠️ Linha 14063 tem 1 colunas (esperado: 70)
⚠️ Linha 14064 tem 2 colunas (esperado: 70)
⚠️ Linha 14065 tem 24 colunas (esperado: 70)
⚠️ Linha 14117 tem 46 colunas (esperado: 70)
⚠️ Linha 14118 tem 2 colunas (esperado: 70)
⚠️ Linha 14121 tem 13 colunas (esperado: 70)
⚠️ Linha 14164 tem 46 colunas (esperado: 70)
⚠️ Linha 14165 tem 25 colunas (esperado: 70)
⚠️ Linha 14169 tem 46 colunas (esperado: 70)
⚠️ Linha 14170 tem 2 colunas (esperado: 70)
⚠️ Linha 14171 tem 24 colunas (esperado: 70)
⚠️ Linha 14274 tem 46 colunas (esperado: 70)
⚠️ Linha 14275 tem 1 colunas (esperado: 70)
⚠️ Linha 14276 tem 1 colunas (esperado: 70)
⚠️ Linha 14277 tem 2 colunas (esperado: 70)
⚠️ Linha 14278 tem 1 colunas (esperado: 70)
⚠️ Linha 14279 tem 1 colunas (esperado: 70)
⚠️ Linha 14280 tem 24 colunas (esperado: 70)
⚠️ Linha 14305 tem 46 colunas (esperado: 70)
⚠️ Linha 14306 tem 2 colunas (esperado: 70)
⚠️ Linha 14307 tem 24 colunas (esperado: 70)
⚠️ Linha 14322 tem 46 colunas (esperado: 70)
⚠️ Linha 14323 tem 2 colunas (esperado: 70)
⚠️ Linha 14324 tem 24 colunas (esperado: 70)
⚠️ Linha 14329 tem 46 colunas (esperado: 70)
⚠️ Linha 14330 tem 2 colunas (esperado: 70)
⚠️ Linha 14331 tem 24 colunas (esperado: 70)
⚠️ Linha 14362 tem 46 colunas (esperado: 70)
⚠️ Linha 14363 tem 1 colunas (esperado: 70)
⚠️ Linha 14364 tem 2 colunas (esperado: 70)
⚠️ Linha 14365 tem 1 colunas (esperado: 70)
⚠️ Linha 14366 tem 1 colunas (esperado: 70)
⚠️ Linha 14367 tem 1 colunas (esperado: 70)
⚠️ Linha 14368 tem 46 colunas (esperado: 70)
⚠️ Linha 14369 tem 1 colunas (esperado: 70)
⚠️ Linha 14370 tem 2 colunas (esperado: 70)
⚠️ Linha 14371 tem 1 colunas (esperado: 70)
⚠️ Linha 14372 tem 24 colunas (esperado: 70)
⚠️ Linha 14375 tem 46 colunas (esperado: 70)
⚠️ Linha 14376 tem 2 colunas (esperado: 70)
⚠️ Linha 14377 tem 24 colunas (esperado: 70)
⚠️ Linha 14378 tem 46 colunas (esperado: 70)
⚠️ Linha 14379 tem 2 colunas (esperado: 70)
⚠️ Linha 14380 tem 1 colunas (esperado: 70)
⚠️ Linha 14381 tem 1 colunas (esperado: 70)
⚠️ Linha 14382 tem 1 colunas (esperado: 70)
⚠️ Linha 14383 tem 24 colunas (esperado: 70)
⚠️ Linha 14384 tem 46 colunas (esperado: 70)
⚠️ Linha 14385 tem 1 colunas (esperado: 70)
⚠️ Linha 14386 tem 2 colunas (esperado: 70)
⚠️ Linha 14387 tem 24 colunas (esperado: 70)
⚠️ Linha 14388 tem 46 colunas (esperado: 70)
⚠️ Linha 14389 tem 2 colunas (esperado: 70)
⚠️ Linha 14390 tem 24 colunas (esperado: 70)
⚠️ Linha 14414 tem 46 colunas (esperado: 70)
⚠️ Linha 14415 tem 2 colunas (esperado: 70)
⚠️ Linha 14416 tem 24 colunas (esperado: 70)
⚠️ Linha 14418 tem 46 colunas (esperado: 70)
⚠️ Linha 14419 tem 25 colunas (esperado: 70)
⚠️ Linha 14485 tem 46 colunas (esperado: 70)
⚠️ Linha 14486 tem 2 colunas (esperado: 70)
⚠️ Linha 14487 tem 24 colunas (esperado: 70)
⚠️ Linha 14495 tem 46 colunas (esperado: 70)
⚠️ Linha 14496 tem 25 colunas (esperado: 70)
⚠️ Linha 14502 tem 46 colunas (esperado: 70)
⚠️ Linha 14503 tem 13 colunas (esperado: 70)
⚠️ Linha 14538 tem 46 colunas (esperado: 70)
⚠️ Linha 14539 tem 2 colunas (esperado: 70)
⚠️ Linha 14540 tem 24 colunas (esperado: 70)
⚠️ Linha 14586 tem 46 colunas (esperado: 70)
⚠️ Linha 14587 tem 25 colunas (esperado: 70)
⚠️ Linha 14687 tem 46 colunas (esperado: 70)
⚠️ Linha 14688 tem 2 colunas (esperado: 70)
⚠️ Linha 14689 tem 24 colunas (esperado: 70)
⚠️ Linha 14799 tem 47 colunas (esperado: 70)
⚠️ Linha 14800 tem 24 colunas (esperado: 70)
⚠️ Linha 14848 tem 46 colunas (esperado: 70)
⚠️ Linha 14849 tem 25 colunas (esperado: 70)
⚠️ Linha 14988 tem 46 colunas (esperado: 70)
⚠️ Linha 14989 tem 2 colunas (esperado: 70)
⚠️ Linha 14990 tem 24 colunas (esperado: 70)
⚠️ Linha 15073 tem 46 colunas (esperado: 70)
⚠️ Linha 15074 tem 25 colunas (esperado: 70)
⚠️ Linha 15140 tem 46 colunas (esperado: 70)
⚠️ Linha 15141 tem 2 colunas (esperado: 70)
⚠️ Linha 15142 tem 24 colunas (esperado: 70)
⚠️ Linha 15171 tem 46 colunas (esperado: 70)
⚠️ Linha 15172 tem 2 colunas (esperado: 70)
⚠️ Linha 15173 tem 24 colunas (esperado: 70)
⚠️ Linha 15230 tem 47 colunas (esperado: 70)
⚠️ Linha 15231 tem 24 colunas (esperado: 70)
⚠️ Linha 15272 tem 46 colunas (esperado: 70)
⚠️ Linha 15273 tem 25 colunas (esperado: 70)
⚠️ Linha 15287 tem 47 colunas (esperado: 70)
⚠️ Linha 15288 tem 24 colunas (esperado: 70)
⚠️ Linha 15294 tem 46 colunas (esperado: 70)
⚠️ Linha 15295 tem 25 colunas (esperado: 70)
⚠️ Linha 15296 tem 46 colunas (esperado: 70)
⚠️ Linha 15297 tem 25 colunas (esperado: 70)
⚠️ Linha 15320 tem 46 colunas (esperado: 70)
⚠️ Linha 15321 tem 2 colunas (esperado: 70)
⚠️ Linha 15322 tem 24 colunas (esperado: 70)
⚠️ Linha 15400 tem 46 colunas (esperado: 70)
⚠️ Linha 15401 tem 25 colunas (esperado: 70)
⚠️ Linha 15480 tem 46 colunas (esperado: 70)
⚠️ Linha 15481 tem 25 colunas (esperado: 70)
⚠️ Linha 15613 tem 46 colunas (esperado: 70)
⚠️ Linha 15614 tem 25 colunas (esperado: 70)
⚠️ Linha 15680 tem 46 colunas (esperado: 70)
⚠️ Linha 15681 tem 2 colunas (esperado: 70)
⚠️ Linha 15682 tem 24 colunas (esperado: 70)
⚠️ Linha 15687 tem 46 colunas (esperado: 70)
⚠️ Linha 15688 tem 2 colunas (esperado: 70)
⚠️ Linha 15689 tem 24 colunas (esperado: 70)
⚠️ Linha 15700 tem 46 colunas (esperado: 70)
⚠️ Linha 15701 tem 2 colunas (esperado: 70)
⚠️ Linha 15702 tem 24 colunas (esperado: 70)
⚠️ Linha 15718 tem 46 colunas (esperado: 70)
⚠️ Linha 15719 tem 2 colunas (esperado: 70)
⚠️ Linha 15720 tem 24 colunas (esperado: 70)
⚠️ Linha 15721 tem 46 colunas (esperado: 70)
⚠️ Linha 15722 tem 25 colunas (esperado: 70)
⚠️ Linha 15739 tem 46 colunas (esperado: 70)
⚠️ Linha 15740 tem 2 colunas (esperado: 70)
⚠️ Linha 15741 tem 24 colunas (esperado: 70)
⚠️ Linha 15773 tem 46 colunas (esperado: 70)
⚠️ Linha 15774 tem 2 colunas (esperado: 70)
⚠️ Linha 15775 tem 24 colunas (esperado: 70)
⚠️ Linha 15779 tem 46 colunas (esperado: 70)
⚠️ Linha 15780 tem 25 colunas (esperado: 70)
⚠️ Linha 15791 tem 47 colunas (esperado: 70)
⚠️ Linha 15792 tem 24 colunas (esperado: 70)
⚠️ Linha 15808 tem 46 colunas (esperado: 70)
⚠️ Linha 15809 tem 1 colunas (esperado: 70)
⚠️ Linha 15810 tem 25 colunas (esperado: 70)
⚠️ Linha 15819 tem 47 colunas (esperado: 70)
⚠️ Linha 15820 tem 24 colunas (esperado: 70)
⚠️ Linha 15873 tem 46 colunas (esperado: 70)
⚠️ Linha 15874 tem 2 colunas (esperado: 70)
⚠️ Linha 15875 tem 24 colunas (esperado: 70)
⚠️ Linha 16026 tem 46 colunas (esperado: 70)
⚠️ Linha 16027 tem 2 colunas (esperado: 70)
⚠️ Linha 16028 tem 24 colunas (esperado: 70)
⚠️ Linha 16075 tem 46 colunas (esperado: 70)
⚠️ Linha 16076 tem 2 colunas (esperado: 70)
⚠️ Linha 16077 tem 24 colunas (esperado: 70)
⚠️ Linha 16119 tem 46 colunas (esperado: 70)
⚠️ Linha 16120 tem 2 colunas (esperado: 70)
⚠️ Linha 16121 tem 24 colunas (esperado: 70)
⚠️ Linha 16136 tem 46 colunas (esperado: 70)
⚠️ Linha 16137 tem 2 colunas (esperado: 70)
⚠️ Linha 16138 tem 24 colunas (esperado: 70)
⚠️ Linha 16224 tem 46 colunas (esperado: 70)
⚠️ Linha 16225 tem 25 colunas (esperado: 70)
⚠️ Linha 16229 tem 46 colunas (esperado: 70)
⚠️ Linha 16230 tem 25 colunas (esperado: 70)
⚠️ Linha 16243 tem 46 colunas (esperado: 70)
⚠️ Linha 16244 tem 2 colunas (esperado: 70)
⚠️ Linha 16245 tem 24 colunas (esperado: 70)
⚠️ Linha 16310 tem 46 colunas (esperado: 70)
⚠️ Linha 16311 tem 2 colunas (esperado: 70)
⚠️ Linha 16312 tem 24 colunas (esperado: 70)
⚠️ Linha 16337 tem 47 colunas (esperado: 70)
⚠️ Linha 16339 tem 1 colunas (esperado: 70)
⚠️ Linha 16340 tem 13 colunas (esperado: 70)
⚠️ Linha 16398 tem 46 colunas (esperado: 70)
⚠️ Linha 16399 tem 2 colunas (esperado: 70)
⚠️ Linha 16400 tem 24 colunas (esperado: 70)
⚠️ Linha 16416 tem 47 colunas (esperado: 70)
⚠️ Linha 16417 tem 24 colunas (esperado: 70)
⚠️ Linha 16440 tem 46 colunas (esperado: 70)
⚠️ Linha 16441 tem 2 colunas (esperado: 70)
⚠️ Linha 16442 tem 24 colunas (esperado: 70)
⚠️ Linha 16452 tem 46 colunas (esperado: 70)
⚠️ Linha 16453 tem 25 colunas (esperado: 70)
⚠️ Linha 16494 tem 46 colunas (esperado: 70)
⚠️ Linha 16495 tem 2 colunas (esperado: 70)
⚠️ Linha 16496 tem 24 colunas (esperado: 70)
⚠️ Linha 16577 tem 47 colunas (esperado: 70)
⚠️ Linha 16578 tem 24 colunas (esperado: 70)
⚠️ Linha 16581 tem 46 colunas (esperado: 70)
⚠️ Linha 16582 tem 2 colunas (esperado: 70)
⚠️ Linha 16583 tem 24 colunas (esperado: 70)
⚠️ Linha 16585 tem 46 colunas (esperado: 70)
⚠️ Linha 16586 tem 2 colunas (esperado: 70)
⚠️ Linha 16587 tem 24 colunas (esperado: 70)
⚠️ Linha 16594 tem 46 colunas (esperado: 70)
⚠️ Linha 16595 tem 2 colunas (esperado: 70)
⚠️ Linha 16596 tem 24 colunas (esperado: 70)
⚠️ Linha 16598 tem 46 colunas (esperado: 70)
⚠️ Linha 16599 tem 2 colunas (esperado: 70)
⚠️ Linha 16600 tem 24 colunas (esperado: 70)
⚠️ Linha 16619 tem 46 colunas (esperado: 70)
⚠️ Linha 16620 tem 2 colunas (esperado: 70)
⚠️ Linha 16621 tem 24 colunas (esperado: 70)
⚠️ Linha 16664 tem 46 colunas (esperado: 70)
⚠️ Linha 16665 tem 2 colunas (esperado: 70)
⚠️ Linha 16666 tem 1 colunas (esperado: 70)
⚠️ Linha 16671 tem 46 colunas (esperado: 70)
⚠️ Linha 16672 tem 25 colunas (esperado: 70)
⚠️ Linha 16740 tem 46 colunas (esperado: 70)
⚠️ Linha 16741 tem 2 colunas (esperado: 70)
⚠️ Linha 16742 tem 24 colunas (esperado: 70)
⚠️ Linha 16840 tem 47 colunas (esperado: 70)
⚠️ Linha 16841 tem 1 colunas (esperado: 70)
⚠️ Linha 16904 tem 46 colunas (esperado: 70)
⚠️ Linha 16905 tem 2 colunas (esperado: 70)
⚠️ Linha 16906 tem 24 colunas (esperado: 70)
⚠️ Linha 16916 tem 46 colunas (esperado: 70)
⚠️ Linha 16917 tem 2 colunas (esperado: 70)
⚠️ Linha 16918 tem 24 colunas (esperado: 70)
⚠️ Linha 16977 tem 46 colunas (esperado: 70)
⚠️ Linha 16978 tem 2 colunas (esperado: 70)
⚠️ Linha 16979 tem 24 colunas (esperado: 70)
⚠️ Linha 17012 tem 46 colunas (esperado: 70)
⚠️ Linha 17013 tem 2 colunas (esperado: 70)
⚠️ Linha 17014 tem 24 colunas (esperado: 70)
⚠️ Linha 17021 tem 13 colunas (esperado: 70)
⚠️ Linha 17022 tem 56 colunas (esperado: 70)
⚠️ Linha 17038 tem 46 colunas (esperado: 70)
⚠️ Linha 17039 tem 25 colunas (esperado: 70)
⚠️ Linha 17068 tem 46 colunas (esperado: 70)
⚠️ Linha 17069 tem 25 colunas (esperado: 70)
⚠️ Linha 17073 tem 46 colunas (esperado: 70)
⚠️ Linha 17074 tem 2 colunas (esperado: 70)
⚠️ Linha 17075 tem 24 colunas (esperado: 70)
⚠️ Linha 17096 tem 46 colunas (esperado: 70)
⚠️ Linha 17097 tem 2 colunas (esperado: 70)
⚠️ Linha 17098 tem 24 colunas (esperado: 70)
⚠️ Linha 17130 tem 46 colunas (esperado: 70)
⚠️ Linha 17131 tem 2 colunas (esperado: 70)
⚠️ Linha 17132 tem 24 colunas (esperado: 70)
⚠️ Linha 17154 tem 46 colunas (esperado: 70)
⚠️ Linha 17155 tem 2 colunas (esperado: 70)
⚠️ Linha 17156 tem 24 colunas (esperado: 70)
⚠️ Linha 17247 tem 46 colunas (esperado: 70)
⚠️ Linha 17248 tem 2 colunas (esperado: 70)
⚠️ Linha 17249 tem 24 colunas (esperado: 70)
⚠️ Linha 17295 tem 46 colunas (esperado: 70)
⚠️ Linha 17296 tem 2 colunas (esperado: 70)
⚠️ Linha 17297 tem 24 colunas (esperado: 70)
⚠️ Linha 17361 tem 46 colunas (esperado: 70)
⚠️ Linha 17362 tem 2 colunas (esperado: 70)
⚠️ Linha 17363 tem 24 colunas (esperado: 70)
⚠️ Linha 17459 tem 46 colunas (esperado: 70)
⚠️ Linha 17460 tem 2 colunas (esperado: 70)
⚠️ Linha 17461 tem 24 colunas (esperado: 70)
⚠️ Linha 17497 tem 46 colunas (esperado: 70)
⚠️ Linha 17498 tem 1 colunas (esperado: 70)
⚠️ Linha 17499 tem 2 colunas (esperado: 70)
⚠️ Linha 17500 tem 24 colunas (esperado: 70)
⚠️ Linha 17509 tem 46 colunas (esperado: 70)
⚠️ Linha 17510 tem 2 colunas (esperado: 70)
⚠️ Linha 17511 tem 24 colunas (esperado: 70)
⚠️ Linha 17512 tem 46 colunas (esperado: 70)
⚠️ Linha 17513 tem 2 colunas (esperado: 70)
⚠️ Linha 17514 tem 24 colunas (esperado: 70)
⚠️ Linha 17604 tem 46 colunas (esperado: 70)
⚠️ Linha 17605 tem 2 colunas (esperado: 70)
⚠️ Linha 17606 tem 24 colunas (esperado: 70)
⚠️ Linha 17614 tem 46 colunas (esperado: 70)
⚠️ Linha 17615 tem 2 colunas (esperado: 70)
⚠️ Linha 17616 tem 24 colunas (esperado: 70)
⚠️ Linha 17623 tem 46 colunas (esperado: 70)
⚠️ Linha 17624 tem 2 colunas (esperado: 70)
⚠️ Linha 17625 tem 1 colunas (esperado: 70)
⚠️ Linha 17626 tem 24 colunas (esperado: 70)
⚠️ Linha 17716 tem 46 colunas (esperado: 70)
⚠️ Linha 17717 tem 2 colunas (esperado: 70)
⚠️ Linha 17718 tem 24 colunas (esperado: 70)
⚠️ Linha 17730 tem 46 colunas (esperado: 70)
⚠️ Linha 17731 tem 2 colunas (esperado: 70)
⚠️ Linha 17732 tem 24 colunas (esperado: 70)
⚠️ Linha 17751 tem 46 colunas (esperado: 70)
⚠️ Linha 17752 tem 2 colunas (esperado: 70)
⚠️ Linha 17753 tem 24 colunas (esperado: 70)
⚠️ Linha 17767 tem 46 colunas (esperado: 70)
⚠️ Linha 17768 tem 2 colunas (esperado: 70)
⚠️ Linha 17769 tem 24 colunas (esperado: 70)
⚠️ Linha 17812 tem 46 colunas (esperado: 70)
⚠️ Linha 17813 tem 13 colunas (esperado: 70)
⚠️ Linha 17836 tem 46 colunas (esperado: 70)
⚠️ Linha 17837 tem 25 colunas (esperado: 70)
⚠️ Linha 17909 tem 46 colunas (esperado: 70)
⚠️ Linha 17910 tem 2 colunas (esperado: 70)
⚠️ Linha 17911 tem 24 colunas (esperado: 70)
⚠️ Linha 17970 tem 47 colunas (esperado: 70)
⚠️ Linha 17971 tem 1 colunas (esperado: 70)
⚠️ Linha 18043 tem 46 colunas (esperado: 70)
⚠️ Linha 18044 tem 2 colunas (esperado: 70)
⚠️ Linha 18045 tem 24 colunas (esperado: 70)
⚠️ Linha 18098 tem 46 colunas (esperado: 70)
⚠️ Linha 18099 tem 25 colunas (esperado: 70)
⚠️ Linha 18100 tem 46 colunas (esperado: 70)
⚠️ Linha 18101 tem 2 colunas (esperado: 70)
⚠️ Linha 18102 tem 24 colunas (esperado: 70)
⚠️ Linha 18104 tem 46 colunas (esperado: 70)
⚠️ Linha 18105 tem 2 colunas (esperado: 70)
⚠️ Linha 18106 tem 24 colunas (esperado: 70)
⚠️ Linha 18138 tem 46 colunas (esperado: 70)
⚠️ Linha 18139 tem 2 colunas (esperado: 70)
⚠️ Linha 18140 tem 24 colunas (esperado: 70)
⚠️ Linha 18176 tem 47 colunas (esperado: 70)
⚠️ Linha 18177 tem 24 colunas (esperado: 70)
⚠️ Linha 18185 tem 46 colunas (esperado: 70)
⚠️ Linha 18186 tem 2 colunas (esperado: 70)
⚠️ Linha 18187 tem 24 colunas (esperado: 70)
⚠️ Linha 18188 tem 46 colunas (esperado: 70)
⚠️ Linha 18189 tem 2 colunas (esperado: 70)
⚠️ Linha 18190 tem 24 colunas (esperado: 70)
⚠️ Linha 18218 tem 46 colunas (esperado: 70)
⚠️ Linha 18219 tem 2 colunas (esperado: 70)
⚠️ Linha 18220 tem 24 colunas (esperado: 70)
⚠️ Linha 18228 tem 46 colunas (esperado: 70)
⚠️ Linha 18229 tem 2 colunas (esperado: 70)
⚠️ Linha 18230 tem 24 colunas (esperado: 70)
⚠️ Linha 18254 tem 46 colunas (esperado: 70)
⚠️ Linha 18255 tem 25 colunas (esperado: 70)
⚠️ Linha 18269 tem 46 colunas (esperado: 70)
⚠️ Linha 18270 tem 2 colunas (esperado: 70)
⚠️ Linha 18271 tem 24 colunas (esperado: 70)
⚠️ Linha 18290 tem 46 colunas (esperado: 70)
⚠️ Linha 18291 tem 2 colunas (esperado: 70)
⚠️ Linha 18292 tem 24 colunas (esperado: 70)
⚠️ Linha 18328 tem 46 colunas (esperado: 70)
⚠️ Linha 18329 tem 25 colunas (esperado: 70)
⚠️ Linha 18431 tem 46 colunas (esperado: 70)
⚠️ Linha 18432 tem 2 colunas (esperado: 70)
⚠️ Linha 18433 tem 24 colunas (esperado: 70)
⚠️ Linha 18449 tem 46 colunas (esperado: 70)
⚠️ Linha 18450 tem 25 colunas (esperado: 70)
⚠️ Linha 18459 tem 46 colunas (esperado: 70)
⚠️ Linha 18460 tem 2 colunas (esperado: 70)
⚠️ Linha 18461 tem 24 colunas (esperado: 70)
⚠️ Linha 18555 tem 46 colunas (esperado: 70)
⚠️ Linha 18556 tem 2 colunas (esperado: 70)
⚠️ Linha 18557 tem 24 colunas (esperado: 70)
⚠️ Linha 18560 tem 46 colunas (esperado: 70)
⚠️ Linha 18561 tem 2 colunas (esperado: 70)
⚠️ Linha 18562 tem 24 colunas (esperado: 70)
⚠️ Linha 18635 tem 46 colunas (esperado: 70)
⚠️ Linha 18636 tem 2 colunas (esperado: 70)
⚠️ Linha 18637 tem 24 colunas (esperado: 70)
⚠️ Linha 18665 tem 46 colunas (esperado: 70)
⚠️ Linha 18666 tem 2 colunas (esperado: 70)
⚠️ Linha 18667 tem 24 colunas (esperado: 70)
⚠️ Linha 18674 tem 46 colunas (esperado: 70)
⚠️ Linha 18675 tem 25 colunas (esperado: 70)
⚠️ Linha 18681 tem 46 colunas (esperado: 70)
⚠️ Linha 18682 tem 2 colunas (esperado: 70)
⚠️ Linha 18683 tem 24 colunas (esperado: 70)
⚠️ Linha 18685 tem 46 colunas (esperado: 70)
⚠️ Linha 18686 tem 2 colunas (esperado: 70)
⚠️ Linha 18687 tem 24 colunas (esperado: 70)
⚠️ Linha 18725 tem 46 colunas (esperado: 70)
⚠️ Linha 18726 tem 2 colunas (esperado: 70)
⚠️ Linha 18727 tem 24 colunas (esperado: 70)
⚠️ Linha 18729 tem 46 colunas (esperado: 70)
⚠️ Linha 18730 tem 1 colunas (esperado: 70)
⚠️ Linha 18731 tem 1 colunas (esperado: 70)
⚠️ Linha 18732 tem 1 colunas (esperado: 70)
⚠️ Linha 18733 tem 3 colunas (esperado: 70)
⚠️ Linha 18734 tem 1 colunas (esperado: 70)
⚠️ Linha 18735 tem 1 colunas (esperado: 70)
⚠️ Linha 18736 tem 1 colunas (esperado: 70)
⚠️ Linha 18738 tem 24 colunas (esperado: 70)
⚠️ Linha 18753 tem 46 colunas (esperado: 70)
⚠️ Linha 18754 tem 2 colunas (esperado: 70)
⚠️ Linha 18755 tem 1 colunas (esperado: 70)
⚠️ Linha 18756 tem 24 colunas (esperado: 70)
⚠️ Linha 18757 tem 46 colunas (esperado: 70)
⚠️ Linha 18758 tem 2 colunas (esperado: 70)
⚠️ Linha 18759 tem 24 colunas (esperado: 70)
⚠️ Linha 18772 tem 46 colunas (esperado: 70)
⚠️ Linha 18773 tem 2 colunas (esperado: 70)
⚠️ Linha 18774 tem 24 colunas (esperado: 70)
⚠️ Linha 18816 tem 46 colunas (esperado: 70)
⚠️ Linha 18817 tem 25 colunas (esperado: 70)
⚠️ Linha 18903 tem 46 colunas (esperado: 70)
⚠️ Linha 18904 tem 2 colunas (esperado: 70)
⚠️ Linha 18905 tem 24 colunas (esperado: 70)
⚠️ Linha 18983 tem 46 colunas (esperado: 70)
⚠️ Linha 18984 tem 13 colunas (esperado: 70)
⚠️ Linha 19080 tem 46 colunas (esperado: 70)
⚠️ Linha 19081 tem 2 colunas (esperado: 70)
⚠️ Linha 19082 tem 24 colunas (esperado: 70)
⚠️ Linha 19087 tem 46 colunas (esperado: 70)
⚠️ Linha 19088 tem 25 colunas (esperado: 70)
⚠️ Linha 19177 tem 46 colunas (esperado: 70)
⚠️ Linha 19178 tem 2 colunas (esperado: 70)
⚠️ Linha 19179 tem 24 colunas (esperado: 70)
⚠️ Linha 19180 tem 46 colunas (esperado: 70)
⚠️ Linha 19181 tem 4 colunas (esperado: 70)
⚠️ Linha 19182 tem 24 colunas (esperado: 70)
⚠️ Linha 19250 tem 46 colunas (esperado: 70)
⚠️ Linha 19251 tem 25 colunas (esperado: 70)
⚠️ Linha 19272 tem 46 colunas (esperado: 70)
⚠️ Linha 19273 tem 2 colunas (esperado: 70)
⚠️ Linha 19274 tem 24 colunas (esperado: 70)
⚠️ Linha 19317 tem 46 colunas (esperado: 70)
⚠️ Linha 19318 tem 2 colunas (esperado: 70)
⚠️ Linha 19319 tem 24 colunas (esperado: 70)
⚠️ Linha 19359 tem 46 colunas (esperado: 70)
⚠️ Linha 19361 tem 2 colunas (esperado: 70)
⚠️ Linha 19362 tem 1 colunas (esperado: 70)
⚠️ Linha 19363 tem 24 colunas (esperado: 70)
⚠️ Linha 19450 tem 46 colunas (esperado: 70)
⚠️ Linha 19451 tem 2 colunas (esperado: 70)
⚠️ Linha 19452 tem 24 colunas (esperado: 70)
⚠️ Linha 19472 tem 46 colunas (esperado: 70)
⚠️ Linha 19473 tem 25 colunas (esperado: 70)
⚠️ Linha 19526 tem 46 colunas (esperado: 70)
⚠️ Linha 19527 tem 2 colunas (esperado: 70)
⚠️ Linha 19528 tem 24 colunas (esperado: 70)
⚠️ Linha 19567 tem 46 colunas (esperado: 70)
⚠️ Linha 19568 tem 2 colunas (esperado: 70)
⚠️ Linha 19569 tem 24 colunas (esperado: 70)
⚠️ Linha 19579 tem 46 colunas (esperado: 70)
⚠️ Linha 19580 tem 2 colunas (esperado: 70)
⚠️ Linha 19581 tem 24 colunas (esperado: 70)
⚠️ Linha 19596 tem 46 colunas (esperado: 70)
⚠️ Linha 19597 tem 2 colunas (esperado: 70)
⚠️ Linha 19598 tem 24 colunas (esperado: 70)
⚠️ Linha 19599 tem 46 colunas (esperado: 70)
⚠️ Linha 19600 tem 1 colunas (esperado: 70)
⚠️ Linha 19601 tem 2 colunas (esperado: 70)
⚠️ Linha 19602 tem 1 colunas (esperado: 70)
⚠️ Linha 19603 tem 24 colunas (esperado: 70)
⚠️ Linha 19653 tem 46 colunas (esperado: 70)
⚠️ Linha 19654 tem 2 colunas (esperado: 70)
⚠️ Linha 19655 tem 24 colunas (esperado: 70)
⚠️ Linha 19661 tem 46 colunas (esperado: 70)
⚠️ Linha 19662 tem 2 colunas (esperado: 70)
⚠️ Linha 19663 tem 24 colunas (esperado: 70)
⚠️ Linha 19673 tem 13 colunas (esperado: 70)
⚠️ Linha 19674 tem 51 colunas (esperado: 70)
⚠️ Linha 19675 tem 46 colunas (esperado: 70)
⚠️ Linha 19676 tem 2 colunas (esperado: 70)
⚠️ Linha 19677 tem 24 colunas (esperado: 70)
⚠️ Linha 19688 tem 46 colunas (esperado: 70)
⚠️ Linha 19689 tem 25 colunas (esperado: 70)
⚠️ Linha 19718 tem 46 colunas (esperado: 70)
⚠️ Linha 19719 tem 2 colunas (esperado: 70)
⚠️ Linha 19720 tem 24 colunas (esperado: 70)
⚠️ Linha 19744 tem 46 colunas (esperado: 70)
⚠️ Linha 19745 tem 2 colunas (esperado: 70)
⚠️ Linha 19746 tem 24 colunas (esperado: 70)
⚠️ Linha 19747 tem 46 colunas (esperado: 70)
⚠️ Linha 19748 tem 2 colunas (esperado: 70)
⚠️ Linha 19749 tem 24 colunas (esperado: 70)
⚠️ Linha 19750 tem 46 colunas (esperado: 70)
⚠️ Linha 19751 tem 2 colunas (esperado: 70)
⚠️ Linha 19752 tem 24 colunas (esperado: 70)
⚠️ Linha 19799 tem 46 colunas (esperado: 70)
⚠️ Linha 19800 tem 2 colunas (esperado: 70)
⚠️ Linha 19801 tem 24 colunas (esperado: 70)
⚠️ Linha 19831 tem 46 colunas (esperado: 70)
⚠️ Linha 19832 tem 2 colunas (esperado: 70)
⚠️ Linha 19833 tem 24 colunas (esperado: 70)
⚠️ Linha 19845 tem 46 colunas (esperado: 70)
⚠️ Linha 19846 tem 2 colunas (esperado: 70)
⚠️ Linha 19847 tem 24 colunas (esperado: 70)
⚠️ Linha 19854 tem 46 colunas (esperado: 70)
⚠️ Linha 19855 tem 2 colunas (esperado: 70)
⚠️ Linha 19856 tem 24 colunas (esperado: 70)
⚠️ Linha 19858 tem 46 colunas (esperado: 70)
⚠️ Linha 19859 tem 2 colunas (esperado: 70)
⚠️ Linha 19860 tem 13 colunas (esperado: 70)
⚠️ Linha 19904 tem 46 colunas (esperado: 70)
⚠️ Linha 19905 tem 2 colunas (esperado: 70)
⚠️ Linha 19906 tem 24 colunas (esperado: 70)
⚠️ Linha 19909 tem 46 colunas (esperado: 70)
⚠️ Linha 19910 tem 2 colunas (esperado: 70)
⚠️ Linha 19911 tem 24 colunas (esperado: 70)
⚠️ Linha 19914 tem 46 colunas (esperado: 70)
⚠️ Linha 19915 tem 2 colunas (esperado: 70)
⚠️ Linha 19916 tem 24 colunas (esperado: 70)
⚠️ Linha 19949 tem 46 colunas (esperado: 70)
⚠️ Linha 19950 tem 25 colunas (esperado: 70)
⚠️ Linha 20045 tem 46 colunas (esperado: 70)
⚠️ Linha 20046 tem 25 colunas (esperado: 70)
⚠️ Linha 20051 tem 46 colunas (esperado: 70)
⚠️ Linha 20052 tem 2 colunas (esperado: 70)
⚠️ Linha 20053 tem 24 colunas (esperado: 70)
⚠️ Linha 20068 tem 46 colunas (esperado: 70)
⚠️ Linha 20069 tem 2 colunas (esperado: 70)
⚠️ Linha 20070 tem 24 colunas (esperado: 70)
⚠️ Linha 20083 tem 46 colunas (esperado: 70)
⚠️ Linha 20084 tem 2 colunas (esperado: 70)
⚠️ Linha 20085 tem 24 colunas (esperado: 70)
⚠️ Linha 20173 tem 46 colunas (esperado: 70)
⚠️ Linha 20174 tem 2 colunas (esperado: 70)
⚠️ Linha 20175 tem 24 colunas (esperado: 70)
⚠️ Linha 20232 tem 46 colunas (esperado: 70)
⚠️ Linha 20233 tem 2 colunas (esperado: 70)
⚠️ Linha 20234 tem 24 colunas (esperado: 70)
⚠️ Linha 20250 tem 46 colunas (esperado: 70)
⚠️ Linha 20251 tem 2 colunas (esperado: 70)
⚠️ Linha 20252 tem 24 colunas (esperado: 70)
⚠️ Linha 20302 tem 46 colunas (esperado: 70)
⚠️ Linha 20303 tem 2 colunas (esperado: 70)
⚠️ Linha 20304 tem 24 colunas (esperado: 70)
⚠️ Linha 20325 tem 46 colunas (esperado: 70)
⚠️ Linha 20326 tem 2 colunas (esperado: 70)
⚠️ Linha 20327 tem 24 colunas (esperado: 70)
⚠️ Linha 20396 tem 46 colunas (esperado: 70)
⚠️ Linha 20397 tem 2 colunas (esperado: 70)
⚠️ Linha 20398 tem 24 colunas (esperado: 70)
⚠️ Linha 20399 tem 46 colunas (esperado: 70)
⚠️ Linha 20400 tem 2 colunas (esperado: 70)
⚠️ Linha 20401 tem 24 colunas (esperado: 70)
⚠️ Linha 20417 tem 46 colunas (esperado: 70)
⚠️ Linha 20418 tem 2 colunas (esperado: 70)
⚠️ Linha 20419 tem 24 colunas (esperado: 70)
⚠️ Linha 20432 tem 46 colunas (esperado: 70)
⚠️ Linha 20433 tem 2 colunas (esperado: 70)
⚠️ Linha 20434 tem 24 colunas (esperado: 70)
⚠️ Linha 20437 tem 46 colunas (esperado: 70)
⚠️ Linha 20438 tem 2 colunas (esperado: 70)
⚠️ Linha 20439 tem 24 colunas (esperado: 70)
⚠️ Linha 20455 tem 46 colunas (esperado: 70)
⚠️ Linha 20456 tem 25 colunas (esperado: 70)
⚠️ Linha 20477 tem 46 colunas (esperado: 70)
⚠️ Linha 20478 tem 25 colunas (esperado: 70)
⚠️ Linha 20493 tem 47 colunas (esperado: 70)
⚠️ Linha 20494 tem 24 colunas (esperado: 70)
⚠️ Linha 20496 tem 46 colunas (esperado: 70)
⚠️ Linha 20497 tem 2 colunas (esperado: 70)
⚠️ Linha 20498 tem 24 colunas (esperado: 70)
⚠️ Linha 20504 tem 46 colunas (esperado: 70)
⚠️ Linha 20505 tem 2 colunas (esperado: 70)
⚠️ Linha 20506 tem 24 colunas (esperado: 70)
⚠️ Linha 20508 tem 46 colunas (esperado: 70)
⚠️ Linha 20509 tem 2 colunas (esperado: 70)
⚠️ Linha 20510 tem 24 colunas (esperado: 70)
⚠️ Linha 20546 tem 46 colunas (esperado: 70)
⚠️ Linha 20547 tem 2 colunas (esperado: 70)
⚠️ Linha 20548 tem 24 colunas (esperado: 70)
⚠️ Linha 20633 tem 46 colunas (esperado: 70)
⚠️ Linha 20634 tem 2 colunas (esperado: 70)
⚠️ Linha 20635 tem 24 colunas (esperado: 70)
⚠️ Linha 20643 tem 46 colunas (esperado: 70)
⚠️ Linha 20644 tem 2 colunas (esperado: 70)
⚠️ Linha 20645 tem 24 colunas (esperado: 70)
⚠️ Linha 20649 tem 46 colunas (esperado: 70)
⚠️ Linha 20650 tem 2 colunas (esperado: 70)
⚠️ Linha 20651 tem 24 colunas (esperado: 70)
⚠️ Linha 20703 tem 46 colunas (esperado: 70)
⚠️ Linha 20704 tem 2 colunas (esperado: 70)
⚠️ Linha 20705 tem 24 colunas (esperado: 70)
⚠️ Linha 20715 tem 46 colunas (esperado: 70)
⚠️ Linha 20716 tem 2 colunas (esperado: 70)
⚠️ Linha 20717 tem 24 colunas (esperado: 70)
⚠️ Linha 20729 tem 46 colunas (esperado: 70)
⚠️ Linha 20730 tem 2 colunas (esperado: 70)
⚠️ Linha 20731 tem 24 colunas (esperado: 70)
⚠️ Linha 20737 tem 46 colunas (esperado: 70)
⚠️ Linha 20738 tem 2 colunas (esperado: 70)
⚠️ Linha 20739 tem 24 colunas (esperado: 70)
⚠️ Linha 20795 tem 46 colunas (esperado: 70)
⚠️ Linha 20796 tem 2 colunas (esperado: 70)
⚠️ Linha 20797 tem 24 colunas (esperado: 70)
⚠️ Linha 20839 tem 46 colunas (esperado: 70)
⚠️ Linha 20840 tem 2 colunas (esperado: 70)
⚠️ Linha 20841 tem 24 colunas (esperado: 70)
⚠️ Linha 20917 tem 46 colunas (esperado: 70)
⚠️ Linha 20918 tem 2 colunas (esperado: 70)
⚠️ Linha 20919 tem 24 colunas (esperado: 70)
⚠️ Linha 20949 tem 46 colunas (esperado: 70)
⚠️ Linha 20950 tem 2 colunas (esperado: 70)
⚠️ Linha 20951 tem 24 colunas (esperado: 70)
⚠️ Linha 20955 tem 46 colunas (esperado: 70)
⚠️ Linha 20956 tem 2 colunas (esperado: 70)
⚠️ Linha 20957 tem 24 colunas (esperado: 70)
⚠️ Linha 20959 tem 47 colunas (esperado: 70)
⚠️ Linha 20960 tem 24 colunas (esperado: 70)
⚠️ Linha 20976 tem 46 colunas (esperado: 70)
⚠️ Linha 20977 tem 2 colunas (esperado: 70)
⚠️ Linha 20978 tem 24 colunas (esperado: 70)
⚠️ Linha 20998 tem 46 colunas (esperado: 70)
⚠️ Linha 20999 tem 2 colunas (esperado: 70)
⚠️ Linha 21000 tem 24 colunas (esperado: 70)
⚠️ Linha 21005 tem 46 colunas (esperado: 70)
⚠️ Linha 21006 tem 2 colunas (esperado: 70)
⚠️ Linha 21007 tem 24 colunas (esperado: 70)
⚠️ Linha 21023 tem 46 colunas (esperado: 70)
⚠️ Linha 21024 tem 2 colunas (esperado: 70)
⚠️ Linha 21025 tem 24 colunas (esperado: 70)
⚠️ Linha 21029 tem 46 colunas (esperado: 70)
⚠️ Linha 21030 tem 2 colunas (esperado: 70)
⚠️ Linha 21031 tem 24 colunas (esperado: 70)
⚠️ Linha 21032 tem 46 colunas (esperado: 70)
⚠️ Linha 21033 tem 2 colunas (esperado: 70)
⚠️ Linha 21034 tem 24 colunas (esperado: 70)
⚠️ Linha 21069 tem 46 colunas (esperado: 70)
⚠️ Linha 21070 tem 2 colunas (esperado: 70)
⚠️ Linha 21071 tem 24 colunas (esperado: 70)
⚠️ Linha 21082 tem 46 colunas (esperado: 70)
⚠️ Linha 21083 tem 2 colunas (esperado: 70)
⚠️ Linha 21084 tem 24 colunas (esperado: 70)
⚠️ Linha 21087 tem 46 colunas (esperado: 70)
⚠️ Linha 21088 tem 2 colunas (esperado: 70)
⚠️ Linha 21089 tem 1 colunas (esperado: 70)
⚠️ Linha 21090 tem 13 colunas (esperado: 70)
⚠️ Linha 21160 tem 46 colunas (esperado: 70)
⚠️ Linha 21161 tem 2 colunas (esperado: 70)
⚠️ Linha 21162 tem 24 colunas (esperado: 70)
⚠️ Linha 21203 tem 46 colunas (esperado: 70)
⚠️ Linha 21204 tem 2 colunas (esperado: 70)
⚠️ Linha 21205 tem 24 colunas (esperado: 70)
⚠️ Linha 21240 tem 46 colunas (esperado: 70)
⚠️ Linha 21241 tem 2 colunas (esperado: 70)
⚠️ Linha 21242 tem 24 colunas (esperado: 70)
⚠️ Linha 21263 tem 46 colunas (esperado: 70)
⚠️ Linha 21264 tem 2 colunas (esperado: 70)
⚠️ Linha 21265 tem 24 colunas (esperado: 70)
⚠️ Linha 21272 tem 46 colunas (esperado: 70)
⚠️ Linha 21273 tem 2 colunas (esperado: 70)
⚠️ Linha 21274 tem 24 colunas (esperado: 70)
⚠️ Linha 21281 tem 46 colunas (esperado: 70)
⚠️ Linha 21282 tem 2 colunas (esperado: 70)
⚠️ Linha 21283 tem 24 colunas (esperado: 70)
⚠️ Linha 21294 tem 46 colunas (esperado: 70)
⚠️ Linha 21295 tem 25 colunas (esperado: 70)
⚠️ Linha 21317 tem 46 colunas (esperado: 70)
⚠️ Linha 21318 tem 2 colunas (esperado: 70)
⚠️ Linha 21319 tem 24 colunas (esperado: 70)
⚠️ Linha 21333 tem 46 colunas (esperado: 70)
⚠️ Linha 21334 tem 2 colunas (esperado: 70)
⚠️ Linha 21335 tem 24 colunas (esperado: 70)
⚠️ Linha 21373 tem 46 colunas (esperado: 70)
⚠️ Linha 21374 tem 2 colunas (esperado: 70)
⚠️ Linha 21375 tem 24 colunas (esperado: 70)
⚠️ Linha 21386 tem 46 colunas (esperado: 70)
⚠️ Linha 21387 tem 2 colunas (esperado: 70)
⚠️ Linha 21388 tem 24 colunas (esperado: 70)
⚠️ Linha 21417 tem 46 colunas (esperado: 70)
⚠️ Linha 21418 tem 2 colunas (esperado: 70)
⚠️ Linha 21419 tem 24 colunas (esperado: 70)
⚠️ Linha 21420 tem 46 colunas (esperado: 70)
⚠️ Linha 21421 tem 2 colunas (esperado: 70)
⚠️ Linha 21422 tem 24 colunas (esperado: 70)
⚠️ Linha 21425 tem 13 colunas (esperado: 70)
⚠️ Linha 21426 tem 51 colunas (esperado: 70)
⚠️ Linha 21431 tem 46 colunas (esperado: 70)
⚠️ Linha 21432 tem 2 colunas (esperado: 70)
⚠️ Linha 21433 tem 24 colunas (esperado: 70)
⚠️ Linha 21447 tem 46 colunas (esperado: 70)
⚠️ Linha 21448 tem 2 colunas (esperado: 70)
⚠️ Linha 21449 tem 24 colunas (esperado: 70)
⚠️ Linha 21475 tem 46 colunas (esperado: 70)
⚠️ Linha 21476 tem 2 colunas (esperado: 70)
⚠️ Linha 21477 tem 24 colunas (esperado: 70)
⚠️ Linha 21483 tem 46 colunas (esperado: 70)
⚠️ Linha 21484 tem 2 colunas (esperado: 70)
⚠️ Linha 21485 tem 24 colunas (esperado: 70)
⚠️ Linha 21486 tem 46 colunas (esperado: 70)
⚠️ Linha 21487 tem 2 colunas (esperado: 70)
⚠️ Linha 21488 tem 24 colunas (esperado: 70)
⚠️ Linha 21547 tem 46 colunas (esperado: 70)
⚠️ Linha 21548 tem 2 colunas (esperado: 70)
⚠️ Linha 21549 tem 24 colunas (esperado: 70)
⚠️ Linha 21568 tem 46 colunas (esperado: 70)
⚠️ Linha 21569 tem 25 colunas (esperado: 70)
⚠️ Linha 21617 tem 46 colunas (esperado: 70)
⚠️ Linha 21618 tem 2 colunas (esperado: 70)
⚠️ Linha 21619 tem 24 colunas (esperado: 70)
⚠️ Linha 21625 tem 46 colunas (esperado: 70)
⚠️ Linha 21626 tem 2 colunas (esperado: 70)
⚠️ Linha 21627 tem 24 colunas (esperado: 70)
⚠️ Linha 21628 tem 46 colunas (esperado: 70)
⚠️ Linha 21629 tem 2 colunas (esperado: 70)
⚠️ Linha 21630 tem 24 colunas (esperado: 70)
⚠️ Linha 21642 tem 46 colunas (esperado: 70)
⚠️ Linha 21643 tem 2 colunas (esperado: 70)
⚠️ Linha 21644 tem 24 colunas (esperado: 70)
⚠️ Linha 21719 tem 13 colunas (esperado: 70)
⚠️ Linha 21720 tem 51 colunas (esperado: 70)
⚠️ Linha 21771 tem 46 colunas (esperado: 70)
⚠️ Linha 21772 tem 2 colunas (esperado: 70)
⚠️ Linha 21773 tem 24 colunas (esperado: 70)
⚠️ Linha 21788 tem 46 colunas (esperado: 70)
⚠️ Linha 21789 tem 2 colunas (esperado: 70)
⚠️ Linha 21790 tem 24 colunas (esperado: 70)
⚠️ Linha 21810 tem 46 colunas (esperado: 70)
⚠️ Linha 21811 tem 2 colunas (esperado: 70)
⚠️ Linha 21812 tem 24 colunas (esperado: 70)
⚠️ Linha 21819 tem 46 colunas (esperado: 70)
⚠️ Linha 21820 tem 2 colunas (esperado: 70)
⚠️ Linha 21821 tem 24 colunas (esperado: 70)
⚠️ Linha 21834 tem 46 colunas (esperado: 70)
⚠️ Linha 21835 tem 2 colunas (esperado: 70)
⚠️ Linha 21836 tem 24 colunas (esperado: 70)
⚠️ Linha 21844 tem 46 colunas (esperado: 70)
⚠️ Linha 21845 tem 25 colunas (esperado: 70)
⚠️ Linha 21850 tem 46 colunas (esperado: 70)
⚠️ Linha 21851 tem 2 colunas (esperado: 70)
⚠️ Linha 21852 tem 24 colunas (esperado: 70)
⚠️ Linha 21935 tem 46 colunas (esperado: 70)
⚠️ Linha 21936 tem 25 colunas (esperado: 70)
⚠️ Linha 21977 tem 46 colunas (esperado: 70)
⚠️ Linha 21978 tem 25 colunas (esperado: 70)
⚠️ Linha 21993 tem 46 colunas (esperado: 70)
⚠️ Linha 21994 tem 2 colunas (esperado: 70)
⚠️ Linha 21995 tem 24 colunas (esperado: 70)
⚠️ Linha 22007 tem 46 colunas (esperado: 70)
⚠️ Linha 22008 tem 2 colunas (esperado: 70)
⚠️ Linha 22009 tem 24 colunas (esperado: 70)
⚠️ Linha 22016 tem 46 colunas (esperado: 70)
⚠️ Linha 22017 tem 2 colunas (esperado: 70)
⚠️ Linha 22018 tem 24 colunas (esperado: 70)
⚠️ Linha 22066 tem 46 colunas (esperado: 70)
⚠️ Linha 22067 tem 2 colunas (esperado: 70)
⚠️ Linha 22068 tem 24 colunas (esperado: 70)
⚠️ Linha 22092 tem 46 colunas (esperado: 70)
⚠️ Linha 22093 tem 2 colunas (esperado: 70)
⚠️ Linha 22094 tem 24 colunas (esperado: 70)
⚠️ Linha 22109 tem 46 colunas (esperado: 70)
⚠️ Linha 22110 tem 2 colunas (esperado: 70)
⚠️ Linha 22111 tem 24 colunas (esperado: 70)
⚠️ Linha 22112 tem 46 colunas (esperado: 70)
⚠️ Linha 22113 tem 2 colunas (esperado: 70)
⚠️ Linha 22114 tem 24 colunas (esperado: 70)
⚠️ Linha 22147 tem 13 colunas (esperado: 70)
⚠️ Linha 22148 tem 59 colunas (esperado: 70)
⚠️ Linha 22152 tem 47 colunas (esperado: 70)
⚠️ Linha 22153 tem 24 colunas (esperado: 70)
⚠️ Linha 22162 tem 13 colunas (esperado: 70)
⚠️ Linha 22164 tem 51 colunas (esperado: 70)
⚠️ Linha 22189 tem 46 colunas (esperado: 70)
⚠️ Linha 22190 tem 2 colunas (esperado: 70)
⚠️ Linha 22191 tem 24 colunas (esperado: 70)
⚠️ Linha 22198 tem 46 colunas (esperado: 70)
⚠️ Linha 22199 tem 2 colunas (esperado: 70)
⚠️ Linha 22200 tem 24 colunas (esperado: 70)
⚠️ Linha 22250 tem 46 colunas (esperado: 70)
⚠️ Linha 22251 tem 25 colunas (esperado: 70)
⚠️ Linha 22257 tem 46 colunas (esperado: 70)
⚠️ Linha 22258 tem 2 colunas (esperado: 70)
⚠️ Linha 22259 tem 24 colunas (esperado: 70)
⚠️ Linha 22263 tem 13 colunas (esperado: 70)
⚠️ Linha 22264 tem 51 colunas (esperado: 70)
⚠️ Linha 22290 tem 46 colunas (esperado: 70)
⚠️ Linha 22291 tem 2 colunas (esperado: 70)
⚠️ Linha 22292 tem 24 colunas (esperado: 70)
⚠️ Linha 22294 tem 46 colunas (esperado: 70)
⚠️ Linha 22295 tem 2 colunas (esperado: 70)
⚠️ Linha 22296 tem 24 colunas (esperado: 70)
⚠️ Linha 22338 tem 46 colunas (esperado: 70)
⚠️ Linha 22339 tem 2 colunas (esperado: 70)
⚠️ Linha 22340 tem 24 colunas (esperado: 70)
⚠️ Linha 22364 tem 46 colunas (esperado: 70)
⚠️ Linha 22365 tem 25 colunas (esperado: 70)
⚠️ Linha 22416 tem 46 colunas (esperado: 70)
⚠️ Linha 22417 tem 2 colunas (esperado: 70)
⚠️ Linha 22418 tem 24 colunas (esperado: 70)
⚠️ Linha 22434 tem 46 colunas (esperado: 70)
⚠️ Linha 22435 tem 2 colunas (esperado: 70)
⚠️ Linha 22436 tem 24 colunas (esperado: 70)
⚠️ Linha 22495 tem 46 colunas (esperado: 70)
⚠️ Linha 22496 tem 2 colunas (esperado: 70)
⚠️ Linha 22497 tem 24 colunas (esperado: 70)
⚠️ Linha 22504 tem 46 colunas (esperado: 70)
⚠️ Linha 22505 tem 2 colunas (esperado: 70)
⚠️ Linha 22506 tem 24 colunas (esperado: 70)
⚠️ Linha 22514 tem 46 colunas (esperado: 70)
⚠️ Linha 22515 tem 2 colunas (esperado: 70)
⚠️ Linha 22516 tem 24 colunas (esperado: 70)
⚠️ Linha 22521 tem 46 colunas (esperado: 70)
⚠️ Linha 22522 tem 2 colunas (esperado: 70)
⚠️ Linha 22523 tem 24 colunas (esperado: 70)
⚠️ Linha 22587 tem 46 colunas (esperado: 70)
⚠️ Linha 22588 tem 2 colunas (esperado: 70)
⚠️ Linha 22589 tem 24 colunas (esperado: 70)
⚠️ Linha 22596 tem 46 colunas (esperado: 70)
⚠️ Linha 22597 tem 2 colunas (esperado: 70)
⚠️ Linha 22598 tem 24 colunas (esperado: 70)
⚠️ Linha 22600 tem 46 colunas (esperado: 70)
⚠️ Linha 22601 tem 2 colunas (esperado: 70)
⚠️ Linha 22602 tem 24 colunas (esperado: 70)
⚠️ Linha 22605 tem 46 colunas (esperado: 70)
⚠️ Linha 22606 tem 2 colunas (esperado: 70)
⚠️ Linha 22607 tem 24 colunas (esperado: 70)
⚠️ Linha 22610 tem 46 colunas (esperado: 70)
⚠️ Linha 22611 tem 2 colunas (esperado: 70)
⚠️ Linha 22612 tem 24 colunas (esperado: 70)
⚠️ Linha 22614 tem 46 colunas (esperado: 70)
⚠️ Linha 22615 tem 2 colunas (esperado: 70)
⚠️ Linha 22616 tem 24 colunas (esperado: 70)
⚠️ Linha 22642 tem 46 colunas (esperado: 70)
⚠️ Linha 22643 tem 2 colunas (esperado: 70)
⚠️ Linha 22644 tem 24 colunas (esperado: 70)
⚠️ Linha 22648 tem 47 colunas (esperado: 70)
⚠️ Linha 22649 tem 24 colunas (esperado: 70)
⚠️ Linha 22748 tem 47 colunas (esperado: 70)
⚠️ Linha 22749 tem 1 colunas (esperado: 70)
⚠️ Linha 22750 tem 1 colunas (esperado: 70)
⚠️ Linha 22778 tem 13 colunas (esperado: 70)
⚠️ Linha 22779 tem 51 colunas (esperado: 70)
⚠️ Linha 22800 tem 46 colunas (esperado: 70)
⚠️ Linha 22801 tem 2 colunas (esperado: 70)
⚠️ Linha 22802 tem 24 colunas (esperado: 70)
⚠️ Linha 22809 tem 46 colunas (esperado: 70)
⚠️ Linha 22810 tem 2 colunas (esperado: 70)
⚠️ Linha 22811 tem 24 colunas (esperado: 70)
⚠️ Linha 22814 tem 46 colunas (esperado: 70)
⚠️ Linha 22815 tem 2 colunas (esperado: 70)
⚠️ Linha 22816 tem 24 colunas (esperado: 70)
⚠️ Linha 22817 tem 46 colunas (esperado: 70)
⚠️ Linha 22818 tem 2 colunas (esperado: 70)
⚠️ Linha 22819 tem 24 colunas (esperado: 70)
⚠️ Linha 22853 tem 46 colunas (esperado: 70)
⚠️ Linha 22854 tem 2 colunas (esperado: 70)
⚠️ Linha 22855 tem 24 colunas (esperado: 70)
⚠️ Linha 22867 tem 46 colunas (esperado: 70)
⚠️ Linha 22868 tem 2 colunas (esperado: 70)
⚠️ Linha 22869 tem 24 colunas (esperado: 70)
⚠️ Linha 22895 tem 47 colunas (esperado: 70)
⚠️ Linha 22896 tem 1 colunas (esperado: 70)
⚠️ Linha 22912 tem 46 colunas (esperado: 70)
⚠️ Linha 22913 tem 2 colunas (esperado: 70)
⚠️ Linha 22914 tem 24 colunas (esperado: 70)
⚠️ Linha 22921 tem 46 colunas (esperado: 70)
⚠️ Linha 22922 tem 2 colunas (esperado: 70)
⚠️ Linha 22923 tem 24 colunas (esperado: 70)
⚠️ Linha 22972 tem 46 colunas (esperado: 70)
⚠️ Linha 22973 tem 2 colunas (esperado: 70)
⚠️ Linha 22974 tem 24 colunas (esperado: 70)
⚠️ Linha 22986 tem 46 colunas (esperado: 70)
⚠️ Linha 22987 tem 2 colunas (esperado: 70)
⚠️ Linha 22988 tem 24 colunas (esperado: 70)
⚠️ Linha 23007 tem 46 colunas (esperado: 70)
⚠️ Linha 23008 tem 2 colunas (esperado: 70)
⚠️ Linha 23009 tem 24 colunas (esperado: 70)
⚠️ Linha 23039 tem 46 colunas (esperado: 70)
⚠️ Linha 23040 tem 2 colunas (esperado: 70)
⚠️ Linha 23041 tem 24 colunas (esperado: 70)
⚠️ Linha 23055 tem 46 colunas (esperado: 70)
⚠️ Linha 23056 tem 2 colunas (esperado: 70)
⚠️ Linha 23057 tem 24 colunas (esperado: 70)
⚠️ Linha 23065 tem 46 colunas (esperado: 70)
⚠️ Linha 23066 tem 2 colunas (esperado: 70)
⚠️ Linha 23067 tem 24 colunas (esperado: 70)
⚠️ Linha 23074 tem 46 colunas (esperado: 70)
⚠️ Linha 23075 tem 2 colunas (esperado: 70)
⚠️ Linha 23076 tem 24 colunas (esperado: 70)
⚠️ Linha 23112 tem 46 colunas (esperado: 70)
⚠️ Linha 23113 tem 2 colunas (esperado: 70)
⚠️ Linha 23114 tem 24 colunas (esperado: 70)
⚠️ Linha 23119 tem 46 colunas (esperado: 70)
⚠️ Linha 23120 tem 2 colunas (esperado: 70)
⚠️ Linha 23121 tem 24 colunas (esperado: 70)
⚠️ Linha 23189 tem 46 colunas (esperado: 70)
⚠️ Linha 23190 tem 2 colunas (esperado: 70)
⚠️ Linha 23191 tem 24 colunas (esperado: 70)
⚠️ Linha 23214 tem 46 colunas (esperado: 70)
⚠️ Linha 23215 tem 2 colunas (esperado: 70)
⚠️ Linha 23216 tem 24 colunas (esperado: 70)
⚠️ Linha 23239 tem 46 colunas (esperado: 70)
⚠️ Linha 23240 tem 2 colunas (esperado: 70)
⚠️ Linha 23241 tem 24 colunas (esperado: 70)
⚠️ Linha 23301 tem 46 colunas (esperado: 70)
⚠️ Linha 23302 tem 2 colunas (esperado: 70)
⚠️ Linha 23303 tem 24 colunas (esperado: 70)
⚠️ Linha 23309 tem 46 colunas (esperado: 70)
⚠️ Linha 23310 tem 2 colunas (esperado: 70)
⚠️ Linha 23311 tem 24 colunas (esperado: 70)
⚠️ Linha 23315 tem 46 colunas (esperado: 70)
⚠️ Linha 23316 tem 2 colunas (esperado: 70)
⚠️ Linha 23317 tem 24 colunas (esperado: 70)
⚠️ Linha 23323 tem 46 colunas (esperado: 70)
⚠️ Linha 23324 tem 2 colunas (esperado: 70)
⚠️ Linha 23325 tem 24 colunas (esperado: 70)
⚠️ Linha 23340 tem 46 colunas (esperado: 70)
⚠️ Linha 23341 tem 2 colunas (esperado: 70)
⚠️ Linha 23342 tem 24 colunas (esperado: 70)
⚠️ Linha 23389 tem 47 colunas (esperado: 70)
⚠️ Linha 23390 tem 26 colunas (esperado: 70)
⚠️ Linha 23417 tem 46 colunas (esperado: 70)
⚠️ Linha 23418 tem 2 colunas (esperado: 70)
⚠️ Linha 23419 tem 24 colunas (esperado: 70)
⚠️ Linha 23426 tem 13 colunas (esperado: 70)
⚠️ Linha 23427 tem 1 colunas (esperado: 70)
⚠️ Linha 23428 tem 51 colunas (esperado: 70)
⚠️ Linha 23432 tem 46 colunas (esperado: 70)
⚠️ Linha 23433 tem 2 colunas (esperado: 70)
⚠️ Linha 23434 tem 24 colunas (esperado: 70)
⚠️ Linha 23442 tem 46 colunas (esperado: 70)
⚠️ Linha 23443 tem 2 colunas (esperado: 70)
⚠️ Linha 23444 tem 24 colunas (esperado: 70)
⚠️ Linha 23493 tem 46 colunas (esperado: 70)
⚠️ Linha 23494 tem 2 colunas (esperado: 70)
⚠️ Linha 23495 tem 24 colunas (esperado: 70)
⚠️ Linha 23516 tem 13 colunas (esperado: 70)
⚠️ Linha 23517 tem 1 colunas (esperado: 70)
⚠️ Linha 23519 tem 58 colunas (esperado: 70)
⚠️ Linha 23543 tem 46 colunas (esperado: 70)
⚠️ Linha 23544 tem 2 colunas (esperado: 70)
⚠️ Linha 23545 tem 24 colunas (esperado: 70)
⚠️ Linha 23578 tem 46 colunas (esperado: 70)
⚠️ Linha 23579 tem 2 colunas (esperado: 70)
⚠️ Linha 23580 tem 24 colunas (esperado: 70)
⚠️ Linha 23617 tem 46 colunas (esperado: 70)
⚠️ Linha 23618 tem 2 colunas (esperado: 70)
⚠️ Linha 23619 tem 1 colunas (esperado: 70)
⚠️ Linha 23620 tem 13 colunas (esperado: 70)
⚠️ Linha 23629 tem 46 colunas (esperado: 70)
⚠️ Linha 23630 tem 25 colunas (esperado: 70)
⚠️ Linha 23688 tem 46 colunas (esperado: 70)
⚠️ Linha 23689 tem 2 colunas (esperado: 70)
⚠️ Linha 23690 tem 24 colunas (esperado: 70)
⚠️ Linha 23706 tem 46 colunas (esperado: 70)
⚠️ Linha 23707 tem 2 colunas (esperado: 70)
⚠️ Linha 23708 tem 24 colunas (esperado: 70)
⚠️ Linha 23709 tem 46 colunas (esperado: 70)
⚠️ Linha 23710 tem 2 colunas (esperado: 70)
⚠️ Linha 23711 tem 24 colunas (esperado: 70)
⚠️ Linha 23743 tem 46 colunas (esperado: 70)
⚠️ Linha 23744 tem 2 colunas (esperado: 70)
⚠️ Linha 23745 tem 24 colunas (esperado: 70)
⚠️ Linha 23750 tem 46 colunas (esperado: 70)
⚠️ Linha 23751 tem 2 colunas (esperado: 70)
⚠️ Linha 23752 tem 24 colunas (esperado: 70)
⚠️ Linha 23776 tem 46 colunas (esperado: 70)
⚠️ Linha 23777 tem 2 colunas (esperado: 70)
⚠️ Linha 23778 tem 24 colunas (esperado: 70)
⚠️ Linha 23810 tem 46 colunas (esperado: 70)
⚠️ Linha 23811 tem 25 colunas (esperado: 70)
⚠️ Linha 23824 tem 46 colunas (esperado: 70)
⚠️ Linha 23825 tem 2 colunas (esperado: 70)
⚠️ Linha 23826 tem 24 colunas (esperado: 70)
⚠️ Linha 23839 tem 13 colunas (esperado: 70)
⚠️ Linha 23840 tem 58 colunas (esperado: 70)
⚠️ Linha 23842 tem 46 colunas (esperado: 70)
⚠️ Linha 23843 tem 2 colunas (esperado: 70)
⚠️ Linha 23844 tem 24 colunas (esperado: 70)
⚠️ Linha 23881 tem 46 colunas (esperado: 70)
⚠️ Linha 23882 tem 2 colunas (esperado: 70)
⚠️ Linha 23883 tem 24 colunas (esperado: 70)
⚠️ Linha 23901 tem 46 colunas (esperado: 70)
⚠️ Linha 23902 tem 2 colunas (esperado: 70)
⚠️ Linha 23903 tem 24 colunas (esperado: 70)
⚠️ Linha 23942 tem 46 colunas (esperado: 70)
⚠️ Linha 23943 tem 2 colunas (esperado: 70)
⚠️ Linha 23944 tem 24 colunas (esperado: 70)
⚠️ Linha 23990 tem 46 colunas (esperado: 70)
⚠️ Linha 23991 tem 2 colunas (esperado: 70)
⚠️ Linha 23992 tem 24 colunas (esperado: 70)
⚠️ Linha 23993 tem 46 colunas (esperado: 70)
⚠️ Linha 23994 tem 2 colunas (esperado: 70)
⚠️ Linha 23995 tem 24 colunas (esperado: 70)
⚠️ Linha 23998 tem 46 colunas (esperado: 70)
⚠️ Linha 23999 tem 2 colunas (esperado: 70)
⚠️ Linha 24000 tem 24 colunas (esperado: 70)
⚠️ Linha 24043 tem 46 colunas (esperado: 70)
⚠️ Linha 24044 tem 2 colunas (esperado: 70)
⚠️ Linha 24045 tem 24 colunas (esperado: 70)
⚠️ Linha 24047 tem 47 colunas (esperado: 70)
⚠️ Linha 24048 tem 24 colunas (esperado: 70)
⚠️ Linha 24057 tem 13 colunas (esperado: 70)
⚠️ Linha 24058 tem 51 colunas (esperado: 70)
⚠️ Linha 24124 tem 46 colunas (esperado: 70)
⚠️ Linha 24125 tem 2 colunas (esperado: 70)
⚠️ Linha 24126 tem 24 colunas (esperado: 70)
⚠️ Linha 24127 tem 46 colunas (esperado: 70)
⚠️ Linha 24128 tem 25 colunas (esperado: 70)
⚠️ Linha 24153 tem 46 colunas (esperado: 70)
⚠️ Linha 24154 tem 2 colunas (esperado: 70)
⚠️ Linha 24155 tem 24 colunas (esperado: 70)
⚠️ Linha 24172 tem 13 colunas (esperado: 70)
⚠️ Linha 24173 tem 51 colunas (esperado: 70)
⚠️ Linha 24177 tem 46 colunas (esperado: 70)
⚠️ Linha 24178 tem 2 colunas (esperado: 70)
⚠️ Linha 24179 tem 24 colunas (esperado: 70)
⚠️ Linha 24216 tem 46 colunas (esperado: 70)
⚠️ Linha 24217 tem 2 colunas (esperado: 70)
⚠️ Linha 24218 tem 24 colunas (esperado: 70)
⚠️ Linha 24274 tem 46 colunas (esperado: 70)
⚠️ Linha 24275 tem 2 colunas (esperado: 70)
⚠️ Linha 24276 tem 24 colunas (esperado: 70)
⚠️ Linha 24283 tem 46 colunas (esperado: 70)
⚠️ Linha 24284 tem 2 colunas (esperado: 70)
⚠️ Linha 24285 tem 24 colunas (esperado: 70)
⚠️ Linha 24300 tem 47 colunas (esperado: 70)
⚠️ Linha 24301 tem 24 colunas (esperado: 70)
⚠️ Linha 24308 tem 46 colunas (esperado: 70)
⚠️ Linha 24309 tem 2 colunas (esperado: 70)
⚠️ Linha 24310 tem 24 colunas (esperado: 70)
⚠️ Linha 24313 tem 46 colunas (esperado: 70)
⚠️ Linha 24314 tem 2 colunas (esperado: 70)
⚠️ Linha 24315 tem 24 colunas (esperado: 70)
⚠️ Linha 24324 tem 46 colunas (esperado: 70)
⚠️ Linha 24325 tem 25 colunas (esperado: 70)
⚠️ Linha 24328 tem 46 colunas (esperado: 70)
⚠️ Linha 24329 tem 2 colunas (esperado: 70)
⚠️ Linha 24330 tem 24 colunas (esperado: 70)
⚠️ Linha 24332 tem 46 colunas (esperado: 70)
⚠️ Linha 24333 tem 2 colunas (esperado: 70)
⚠️ Linha 24334 tem 24 colunas (esperado: 70)
⚠️ Linha 24341 tem 46 colunas (esperado: 70)
⚠️ Linha 24342 tem 2 colunas (esperado: 70)
⚠️ Linha 24343 tem 24 colunas (esperado: 70)
⚠️ Linha 24389 tem 46 colunas (esperado: 70)
⚠️ Linha 24390 tem 25 colunas (esperado: 70)
⚠️ Linha 24466 tem 46 colunas (esperado: 70)
⚠️ Linha 24467 tem 2 colunas (esperado: 70)
⚠️ Linha 24468 tem 24 colunas (esperado: 70)
⚠️ Linha 24489 tem 46 colunas (esperado: 70)
⚠️ Linha 24490 tem 2 colunas (esperado: 70)
⚠️ Linha 24491 tem 24 colunas (esperado: 70)
⚠️ Linha 24497 tem 46 colunas (esperado: 70)
⚠️ Linha 24498 tem 2 colunas (esperado: 70)
⚠️ Linha 24499 tem 24 colunas (esperado: 70)
⚠️ Linha 24503 tem 46 colunas (esperado: 70)
⚠️ Linha 24504 tem 2 colunas (esperado: 70)
⚠️ Linha 24505 tem 24 colunas (esperado: 70)
⚠️ Linha 24532 tem 46 colunas (esperado: 70)
⚠️ Linha 24533 tem 2 colunas (esperado: 70)
⚠️ Linha 24534 tem 24 colunas (esperado: 70)
⚠️ Linha 24572 tem 46 colunas (esperado: 70)
⚠️ Linha 24573 tem 2 colunas (esperado: 70)
⚠️ Linha 24574 tem 24 colunas (esperado: 70)
⚠️ Linha 24637 tem 46 colunas (esperado: 70)
⚠️ Linha 24638 tem 2 colunas (esperado: 70)
⚠️ Linha 24639 tem 24 colunas (esperado: 70)
⚠️ Linha 24663 tem 46 colunas (esperado: 70)
⚠️ Linha 24664 tem 2 colunas (esperado: 70)
⚠️ Linha 24665 tem 24 colunas (esperado: 70)
⚠️ Linha 24668 tem 47 colunas (esperado: 70)
⚠️ Linha 24669 tem 24 colunas (esperado: 70)
⚠️ Linha 24680 tem 46 colunas (esperado: 70)
⚠️ Linha 24681 tem 2 colunas (esperado: 70)
⚠️ Linha 24682 tem 24 colunas (esperado: 70)
⚠️ Linha 24708 tem 46 colunas (esperado: 70)
⚠️ Linha 24709 tem 2 colunas (esperado: 70)
⚠️ Linha 24710 tem 24 colunas (esperado: 70)
⚠️ Linha 24752 tem 46 colunas (esperado: 70)
⚠️ Linha 24753 tem 2 colunas (esperado: 70)
⚠️ Linha 24754 tem 24 colunas (esperado: 70)
⚠️ Linha 24755 tem 46 colunas (esperado: 70)
⚠️ Linha 24756 tem 2 colunas (esperado: 70)
⚠️ Linha 24757 tem 24 colunas (esperado: 70)
⚠️ Linha 24764 tem 13 colunas (esperado: 70)
⚠️ Linha 24765 tem 58 colunas (esperado: 70)
⚠️ Linha 24772 tem 46 colunas (esperado: 70)
⚠️ Linha 24773 tem 25 colunas (esperado: 70)
⚠️ Linha 24774 tem 46 colunas (esperado: 70)
⚠️ Linha 24775 tem 2 colunas (esperado: 70)
⚠️ Linha 24776 tem 24 colunas (esperado: 70)
⚠️ Linha 24785 tem 46 colunas (esperado: 70)
⚠️ Linha 24786 tem 2 colunas (esperado: 70)
⚠️ Linha 24787 tem 24 colunas (esperado: 70)
⚠️ Linha 24811 tem 46 colunas (esperado: 70)
⚠️ Linha 24812 tem 2 colunas (esperado: 70)
⚠️ Linha 24813 tem 24 colunas (esperado: 70)
⚠️ Linha 24819 tem 46 colunas (esperado: 70)
⚠️ Linha 24820 tem 2 colunas (esperado: 70)
⚠️ Linha 24821 tem 24 colunas (esperado: 70)
⚠️ Linha 24837 tem 46 colunas (esperado: 70)
⚠️ Linha 24838 tem 2 colunas (esperado: 70)
⚠️ Linha 24839 tem 24 colunas (esperado: 70)
⚠️ Linha 24842 tem 46 colunas (esperado: 70)
⚠️ Linha 24843 tem 2 colunas (esperado: 70)
⚠️ Linha 24844 tem 24 colunas (esperado: 70)
⚠️ Linha 24845 tem 46 colunas (esperado: 70)
⚠️ Linha 24846 tem 2 colunas (esperado: 70)
⚠️ Linha 24847 tem 24 colunas (esperado: 70)
⚠️ Linha 24918 tem 46 colunas (esperado: 70)
⚠️ Linha 24919 tem 2 colunas (esperado: 70)
⚠️ Linha 24920 tem 24 colunas (esperado: 70)
⚠️ Linha 24922 tem 46 colunas (esperado: 70)
⚠️ Linha 24923 tem 2 colunas (esperado: 70)
⚠️ Linha 24924 tem 24 colunas (esperado: 70)
⚠️ Linha 24928 tem 46 colunas (esperado: 70)
⚠️ Linha 24929 tem 2 colunas (esperado: 70)
⚠️ Linha 24930 tem 24 colunas (esperado: 70)
⚠️ Linha 24960 tem 46 colunas (esperado: 70)
⚠️ Linha 24961 tem 2 colunas (esperado: 70)
⚠️ Linha 24962 tem 1 colunas (esperado: 70)
⚠️ Linha 24963 tem 13 colunas (esperado: 70)
⚠️ Linha 25026 tem 47 colunas (esperado: 70)
⚠️ Linha 25027 tem 13 colunas (esperado: 70)
⚠️ Linha 25045 tem 46 colunas (esperado: 70)
⚠️ Linha 25046 tem 2 colunas (esperado: 70)
⚠️ Linha 25047 tem 24 colunas (esperado: 70)
⚠️ Linha 25149 tem 46 colunas (esperado: 70)
⚠️ Linha 25150 tem 2 colunas (esperado: 70)
⚠️ Linha 25151 tem 24 colunas (esperado: 70)
⚠️ Linha 25152 tem 46 colunas (esperado: 70)
⚠️ Linha 25153 tem 2 colunas (esperado: 70)
⚠️ Linha 25154 tem 24 colunas (esperado: 70)
⚠️ Linha 25234 tem 46 colunas (esperado: 70)
⚠️ Linha 25235 tem 2 colunas (esperado: 70)
⚠️ Linha 25236 tem 24 colunas (esperado: 70)
⚠️ Linha 25249 tem 46 colunas (esperado: 70)
⚠️ Linha 25250 tem 2 colunas (esperado: 70)
⚠️ Linha 25251 tem 24 colunas (esperado: 70)
⚠️ Linha 25257 tem 46 colunas (esperado: 70)
⚠️ Linha 25258 tem 2 colunas (esperado: 70)
⚠️ Linha 25259 tem 24 colunas (esperado: 70)
⚠️ Linha 25292 tem 46 colunas (esperado: 70)
⚠️ Linha 25293 tem 25 colunas (esperado: 70)
⚠️ Linha 25311 tem 46 colunas (esperado: 70)
⚠️ Linha 25312 tem 2 colunas (esperado: 70)
⚠️ Linha 25313 tem 24 colunas (esperado: 70)
⚠️ Linha 25321 tem 46 colunas (esperado: 70)
⚠️ Linha 25322 tem 2 colunas (esperado: 70)
⚠️ Linha 25323 tem 24 colunas (esperado: 70)
⚠️ Linha 25408 tem 46 colunas (esperado: 70)
⚠️ Linha 25409 tem 25 colunas (esperado: 70)
⚠️ Linha 25411 tem 46 colunas (esperado: 70)
⚠️ Linha 25412 tem 2 colunas (esperado: 70)
⚠️ Linha 25413 tem 24 colunas (esperado: 70)
⚠️ Linha 25422 tem 46 colunas (esperado: 70)
⚠️ Linha 25423 tem 2 colunas (esperado: 70)
⚠️ Linha 25424 tem 24 colunas (esperado: 70)
⚠️ Linha 25427 tem 13 colunas (esperado: 70)
⚠️ Linha 25428 tem 51 colunas (esperado: 70)
⚠️ Linha 25429 tem 46 colunas (esperado: 70)
⚠️ Linha 25430 tem 2 colunas (esperado: 70)
⚠️ Linha 25431 tem 24 colunas (esperado: 70)
⚠️ Linha 25434 tem 46 colunas (esperado: 70)
⚠️ Linha 25435 tem 2 colunas (esperado: 70)
⚠️ Linha 25436 tem 24 colunas (esperado: 70)
⚠️ Linha 25448 tem 46 colunas (esperado: 70)
⚠️ Linha 25449 tem 25 colunas (esperado: 70)
⚠️ Linha 25461 tem 46 colunas (esperado: 70)
⚠️ Linha 25462 tem 25 colunas (esperado: 70)
⚠️ Linha 25473 tem 46 colunas (esperado: 70)
⚠️ Linha 25474 tem 25 colunas (esperado: 70)
⚠️ Linha 25487 tem 46 colunas (esperado: 70)
⚠️ Linha 25488 tem 2 colunas (esperado: 70)
⚠️ Linha 25489 tem 24 colunas (esperado: 70)
⚠️ Linha 25525 tem 46 colunas (esperado: 70)
⚠️ Linha 25526 tem 2 colunas (esperado: 70)
⚠️ Linha 25527 tem 24 colunas (esperado: 70)
⚠️ Linha 25533 tem 46 colunas (esperado: 70)
⚠️ Linha 25534 tem 25 colunas (esperado: 70)
⚠️ Linha 25548 tem 46 colunas (esperado: 70)
⚠️ Linha 25549 tem 25 colunas (esperado: 70)
⚠️ Linha 25556 tem 46 colunas (esperado: 70)
⚠️ Linha 25557 tem 2 colunas (esperado: 70)
⚠️ Linha 25558 tem 24 colunas (esperado: 70)
⚠️ Linha 25566 tem 46 colunas (esperado: 70)
⚠️ Linha 25567 tem 2 colunas (esperado: 70)
⚠️ Linha 25568 tem 24 colunas (esperado: 70)
⚠️ Linha 25574 tem 47 colunas (esperado: 70)
⚠️ Linha 25575 tem 24 colunas (esperado: 70)
⚠️ Linha 25588 tem 46 colunas (esperado: 70)
⚠️ Linha 25589 tem 2 colunas (esperado: 70)
⚠️ Linha 25590 tem 24 colunas (esperado: 70)
⚠️ Linha 25591 tem 46 colunas (esperado: 70)
⚠️ Linha 25592 tem 2 colunas (esperado: 70)
⚠️ Linha 25593 tem 24 colunas (esperado: 70)
⚠️ Linha 25595 tem 46 colunas (esperado: 70)
⚠️ Linha 25596 tem 2 colunas (esperado: 70)
⚠️ Linha 25597 tem 24 colunas (esperado: 70)
⚠️ Linha 25606 tem 46 colunas (esperado: 70)
⚠️ Linha 25607 tem 2 colunas (esperado: 70)
⚠️ Linha 25608 tem 24 colunas (esperado: 70)
⚠️ Linha 25622 tem 46 colunas (esperado: 70)
⚠️ Linha 25623 tem 2 colunas (esperado: 70)
⚠️ Linha 25624 tem 24 colunas (esperado: 70)
⚠️ Linha 25638 tem 46 colunas (esperado: 70)
⚠️ Linha 25639 tem 2 colunas (esperado: 70)
⚠️ Linha 25640 tem 24 colunas (esperado: 70)
⚠️ Linha 25643 tem 46 colunas (esperado: 70)
⚠️ Linha 25644 tem 2 colunas (esperado: 70)
⚠️ Linha 25645 tem 24 colunas (esperado: 70)
⚠️ Linha 25646 tem 47 colunas (esperado: 70)
⚠️ Linha 25647 tem 1 colunas (esperado: 70)
⚠️ Linha 25648 tem 46 colunas (esperado: 70)
⚠️ Linha 25649 tem 2 colunas (esperado: 70)
⚠️ Linha 25650 tem 24 colunas (esperado: 70)
⚠️ Linha 25659 tem 46 colunas (esperado: 70)
⚠️ Linha 25660 tem 2 colunas (esperado: 70)
⚠️ Linha 25661 tem 24 colunas (esperado: 70)
⚠️ Linha 25694 tem 46 colunas (esperado: 70)
⚠️ Linha 25695 tem 2 colunas (esperado: 70)
⚠️ Linha 25696 tem 24 colunas (esperado: 70)
⚠️ Linha 25701 tem 46 colunas (esperado: 70)
⚠️ Linha 25702 tem 2 colunas (esperado: 70)
⚠️ Linha 25703 tem 24 colunas (esperado: 70)
⚠️ Linha 25704 tem 46 colunas (esperado: 70)
⚠️ Linha 25705 tem 2 colunas (esperado: 70)
⚠️ Linha 25706 tem 24 colunas (esperado: 70)
⚠️ Linha 25709 tem 46 colunas (esperado: 70)
⚠️ Linha 25710 tem 2 colunas (esperado: 70)
⚠️ Linha 25711 tem 24 colunas (esperado: 70)
⚠️ Linha 25726 tem 46 colunas (esperado: 70)
⚠️ Linha 25727 tem 25 colunas (esperado: 70)
⚠️ Linha 25730 tem 46 colunas (esperado: 70)
⚠️ Linha 25731 tem 2 colunas (esperado: 70)
⚠️ Linha 25732 tem 24 colunas (esperado: 70)
⚠️ Linha 25733 tem 46 colunas (esperado: 70)
⚠️ Linha 25734 tem 2 colunas (esperado: 70)
⚠️ Linha 25735 tem 24 colunas (esperado: 70)
⚠️ Linha 25749 tem 46 colunas (esperado: 70)
⚠️ Linha 25750 tem 2 colunas (esperado: 70)
⚠️ Linha 25751 tem 24 colunas (esperado: 70)
⚠️ Linha 25757 tem 46 colunas (esperado: 70)
⚠️ Linha 25758 tem 25 colunas (esperado: 70)
⚠️ Linha 25769 tem 46 colunas (esperado: 70)
⚠️ Linha 25770 tem 2 colunas (esperado: 70)
⚠️ Linha 25771 tem 24 colunas (esperado: 70)
⚠️ Linha 25779 tem 46 colunas (esperado: 70)
⚠️ Linha 25780 tem 2 colunas (esperado: 70)
⚠️ Linha 25781 tem 24 colunas (esperado: 70)
⚠️ Linha 25787 tem 46 colunas (esperado: 70)
⚠️ Linha 25788 tem 2 colunas (esperado: 70)
⚠️ Linha 25789 tem 24 colunas (esperado: 70)
⚠️ Linha 25793 tem 46 colunas (esperado: 70)
⚠️ Linha 25794 tem 2 colunas (esperado: 70)
⚠️ Linha 25795 tem 24 colunas (esperado: 70)
⚠️ Linha 25809 tem 46 colunas (esperado: 70)
⚠️ Linha 25810 tem 2 colunas (esperado: 70)
⚠️ Linha 25811 tem 24 colunas (esperado: 70)
⚠️ Linha 25840 tem 46 colunas (esperado: 70)
⚠️ Linha 25841 tem 2 colunas (esperado: 70)
⚠️ Linha 25842 tem 24 colunas (esperado: 70)
⚠️ Linha 25855 tem 13 colunas (esperado: 70)
⚠️ Linha 25856 tem 58 colunas (esperado: 70)
⚠️ Linha 25869 tem 46 colunas (esperado: 70)
⚠️ Linha 25870 tem 2 colunas (esperado: 70)
⚠️ Linha 25871 tem 24 colunas (esperado: 70)
⚠️ Linha 25935 tem 46 colunas (esperado: 70)
⚠️ Linha 25936 tem 2 colunas (esperado: 70)
⚠️ Linha 25937 tem 24 colunas (esperado: 70)
⚠️ Linha 25962 tem 46 colunas (esperado: 70)
⚠️ Linha 25963 tem 2 colunas (esperado: 70)
⚠️ Linha 25964 tem 24 colunas (esperado: 70)
⚠️ Linha 25965 tem 46 colunas (esperado: 70)
⚠️ Linha 25966 tem 2 colunas (esperado: 70)
⚠️ Linha 25967 tem 24 colunas (esperado: 70)
⚠️ Linha 25971 tem 46 colunas (esperado: 70)
⚠️ Linha 25972 tem 2 colunas (esperado: 70)
⚠️ Linha 25973 tem 24 colunas (esperado: 70)
⚠️ Linha 25983 tem 46 colunas (esperado: 70)
⚠️ Linha 25984 tem 2 colunas (esperado: 70)
⚠️ Linha 25985 tem 24 colunas (esperado: 70)
⚠️ Linha 25992 tem 46 colunas (esperado: 70)
⚠️ Linha 25993 tem 2 colunas (esperado: 70)
⚠️ Linha 25994 tem 24 colunas (esperado: 70)
⚠️ Linha 25998 tem 46 colunas (esperado: 70)
⚠️ Linha 25999 tem 2 colunas (esperado: 70)
⚠️ Linha 26000 tem 24 colunas (esperado: 70)
⚠️ Linha 26001 tem 46 colunas (esperado: 70)
⚠️ Linha 26002 tem 2 colunas (esperado: 70)
⚠️ Linha 26003 tem 24 colunas (esperado: 70)
⚠️ Linha 26004 tem 46 colunas (esperado: 70)
⚠️ Linha 26005 tem 25 colunas (esperado: 70)
⚠️ Linha 26007 tem 46 colunas (esperado: 70)
⚠️ Linha 26008 tem 2 colunas (esperado: 70)
⚠️ Linha 26009 tem 24 colunas (esperado: 70)
⚠️ Linha 26018 tem 46 colunas (esperado: 70)
⚠️ Linha 26019 tem 2 colunas (esperado: 70)
⚠️ Linha 26020 tem 24 colunas (esperado: 70)
⚠️ Linha 26021 tem 46 colunas (esperado: 70)
⚠️ Linha 26022 tem 2 colunas (esperado: 70)
⚠️ Linha 26023 tem 24 colunas (esperado: 70)
⚠️ Linha 26053 tem 46 colunas (esperado: 70)
⚠️ Linha 26054 tem 2 colunas (esperado: 70)
⚠️ Linha 26055 tem 24 colunas (esperado: 70)
⚠️ Linha 26056 tem 46 colunas (esperado: 70)
⚠️ Linha 26057 tem 2 colunas (esperado: 70)
⚠️ Linha 26058 tem 24 colunas (esperado: 70)
⚠️ Linha 26104 tem 46 colunas (esperado: 70)
⚠️ Linha 26105 tem 2 colunas (esperado: 70)
⚠️ Linha 26106 tem 24 colunas (esperado: 70)
⚠️ Linha 26120 tem 46 colunas (esperado: 70)
⚠️ Linha 26121 tem 2 colunas (esperado: 70)
⚠️ Linha 26122 tem 24 colunas (esperado: 70)
⚠️ Linha 26123 tem 46 colunas (esperado: 70)
⚠️ Linha 26124 tem 25 colunas (esperado: 70)
⚠️ Linha 26128 tem 46 colunas (esperado: 70)
⚠️ Linha 26129 tem 2 colunas (esperado: 70)
⚠️ Linha 26130 tem 24 colunas (esperado: 70)
⚠️ Linha 26132 tem 46 colunas (esperado: 70)
⚠️ Linha 26133 tem 2 colunas (esperado: 70)
⚠️ Linha 26134 tem 24 colunas (esperado: 70)
⚠️ Linha 26139 tem 46 colunas (esperado: 70)
⚠️ Linha 26140 tem 2 colunas (esperado: 70)
⚠️ Linha 26141 tem 24 colunas (esperado: 70)
⚠️ Linha 26142 tem 46 colunas (esperado: 70)
⚠️ Linha 26143 tem 2 colunas (esperado: 70)
⚠️ Linha 26144 tem 24 colunas (esperado: 70)
⚠️ Linha 26147 tem 46 colunas (esperado: 70)
⚠️ Linha 26148 tem 2 colunas (esperado: 70)
⚠️ Linha 26149 tem 24 colunas (esperado: 70)
⚠️ Linha 26155 tem 46 colunas (esperado: 70)
⚠️ Linha 26156 tem 2 colunas (esperado: 70)
⚠️ Linha 26157 tem 24 colunas (esperado: 70)
⚠️ Linha 26179 tem 13 colunas (esperado: 70)
⚠️ Linha 26180 tem 51 colunas (esperado: 70)
⚠️ Linha 26181 tem 46 colunas (esperado: 70)
⚠️ Linha 26182 tem 2 colunas (esperado: 70)
⚠️ Linha 26183 tem 24 colunas (esperado: 70)
⚠️ Linha 26188 tem 46 colunas (esperado: 70)
⚠️ Linha 26189 tem 2 colunas (esperado: 70)
⚠️ Linha 26190 tem 24 colunas (esperado: 70)
⚠️ Linha 26202 tem 46 colunas (esperado: 70)
⚠️ Linha 26203 tem 2 colunas (esperado: 70)
⚠️ Linha 26204 tem 24 colunas (esperado: 70)
⚠️ Linha 26211 tem 46 colunas (esperado: 70)
⚠️ Linha 26212 tem 2 colunas (esperado: 70)
⚠️ Linha 26213 tem 24 colunas (esperado: 70)
⚠️ Linha 26272 tem 46 colunas (esperado: 70)
⚠️ Linha 26273 tem 2 colunas (esperado: 70)
⚠️ Linha 26274 tem 24 colunas (esperado: 70)
⚠️ Linha 26277 tem 46 colunas (esperado: 70)
⚠️ Linha 26278 tem 2 colunas (esperado: 70)
⚠️ Linha 26279 tem 24 colunas (esperado: 70)
⚠️ Linha 26280 tem 46 colunas (esperado: 70)
⚠️ Linha 26281 tem 2 colunas (esperado: 70)
⚠️ Linha 26282 tem 24 colunas (esperado: 70)
⚠️ Linha 26286 tem 46 colunas (esperado: 70)
⚠️ Linha 26287 tem 2 colunas (esperado: 70)
⚠️ Linha 26288 tem 24 colunas (esperado: 70)
⚠️ Linha 26298 tem 46 colunas (esperado: 70)
⚠️ Linha 26299 tem 2 colunas (esperado: 70)
⚠️ Linha 26300 tem 24 colunas (esperado: 70)
⚠️ Linha 26310 tem 46 colunas (esperado: 70)
⚠️ Linha 26311 tem 2 colunas (esperado: 70)
⚠️ Linha 26312 tem 1 colunas (esperado: 70)
⚠️ Linha 26313 tem 13 colunas (esperado: 70)
⚠️ Linha 26338 tem 46 colunas (esperado: 70)
⚠️ Linha 26339 tem 2 colunas (esperado: 70)
⚠️ Linha 26340 tem 24 colunas (esperado: 70)
⚠️ Linha 26342 tem 13 colunas (esperado: 70)
⚠️ Linha 26344 tem 58 colunas (esperado: 70)
⚠️ Linha 26348 tem 46 colunas (esperado: 70)
⚠️ Linha 26349 tem 2 colunas (esperado: 70)
⚠️ Linha 26350 tem 24 colunas (esperado: 70)
⚠️ Linha 26498 tem 46 colunas (esperado: 70)
⚠️ Linha 26499 tem 2 colunas (esperado: 70)
⚠️ Linha 26500 tem 24 colunas (esperado: 70)
⚠️ Linha 26505 tem 46 colunas (esperado: 70)
⚠️ Linha 26506 tem 2 colunas (esperado: 70)
⚠️ Linha 26507 tem 24 colunas (esperado: 70)
⚠️ Linha 26538 tem 47 colunas (esperado: 70)
⚠️ Linha 26539 tem 24 colunas (esperado: 70)
⚠️ Linha 26598 tem 46 colunas (esperado: 70)
⚠️ Linha 26599 tem 2 colunas (esperado: 70)
⚠️ Linha 26600 tem 24 colunas (esperado: 70)
⚠️ Linha 26601 tem 46 colunas (esperado: 70)
⚠️ Linha 26602 tem 25 colunas (esperado: 70)
⚠️ Linha 26612 tem 46 colunas (esperado: 70)
⚠️ Linha 26613 tem 2 colunas (esperado: 70)
⚠️ Linha 26614 tem 24 colunas (esperado: 70)
⚠️ Linha 26617 tem 46 colunas (esperado: 70)
⚠️ Linha 26618 tem 25 colunas (esperado: 70)
⚠️ Linha 26622 tem 46 colunas (esperado: 70)
⚠️ Linha 26623 tem 2 colunas (esperado: 70)
⚠️ Linha 26624 tem 1 colunas (esperado: 70)
⚠️ Linha 26625 tem 1 colunas (esperado: 70)
⚠️ Linha 26670 tem 46 colunas (esperado: 70)
⚠️ Linha 26671 tem 2 colunas (esperado: 70)
⚠️ Linha 26672 tem 24 colunas (esperado: 70)
⚠️ Linha 26738 tem 46 colunas (esperado: 70)
⚠️ Linha 26739 tem 2 colunas (esperado: 70)
⚠️ Linha 26740 tem 24 colunas (esperado: 70)
⚠️ Linha 26742 tem 46 colunas (esperado: 70)
⚠️ Linha 26743 tem 25 colunas (esperado: 70)
⚠️ Linha 26750 tem 46 colunas (esperado: 70)
⚠️ Linha 26751 tem 2 colunas (esperado: 70)
⚠️ Linha 26752 tem 24 colunas (esperado: 70)
⚠️ Linha 26770 tem 46 colunas (esperado: 70)
⚠️ Linha 26771 tem 2 colunas (esperado: 70)
⚠️ Linha 26772 tem 24 colunas (esperado: 70)
⚠️ Linha 26774 tem 46 colunas (esperado: 70)
⚠️ Linha 26775 tem 2 colunas (esperado: 70)
⚠️ Linha 26776 tem 24 colunas (esperado: 70)
⚠️ Linha 26790 tem 46 colunas (esperado: 70)
⚠️ Linha 26791 tem 2 colunas (esperado: 70)
⚠️ Linha 26792 tem 24 colunas (esperado: 70)
⚠️ Linha 26805 tem 46 colunas (esperado: 70)
⚠️ Linha 26806 tem 2 colunas (esperado: 70)
⚠️ Linha 26807 tem 24 colunas (esperado: 70)
⚠️ Linha 26810 tem 46 colunas (esperado: 70)
⚠️ Linha 26811 tem 2 colunas (esperado: 70)
⚠️ Linha 26812 tem 24 colunas (esperado: 70)
⚠️ Linha 26821 tem 46 colunas (esperado: 70)
⚠️ Linha 26822 tem 2 colunas (esperado: 70)
⚠️ Linha 26823 tem 24 colunas (esperado: 70)
⚠️ Linha 26864 tem 46 colunas (esperado: 70)
⚠️ Linha 26865 tem 2 colunas (esperado: 70)
⚠️ Linha 26866 tem 24 colunas (esperado: 70)
⚠️ Linha 26871 tem 46 colunas (esperado: 70)
⚠️ Linha 26872 tem 2 colunas (esperado: 70)
⚠️ Linha 26873 tem 24 colunas (esperado: 70)
⚠️ Linha 26895 tem 46 colunas (esperado: 70)
⚠️ Linha 26896 tem 2 colunas (esperado: 70)
⚠️ Linha 26897 tem 24 colunas (esperado: 70)
⚠️ Linha 27060 tem 46 colunas (esperado: 70)
⚠️ Linha 27061 tem 2 colunas (esperado: 70)
⚠️ Linha 27062 tem 24 colunas (esperado: 70)
⚠️ Linha 27108 tem 46 colunas (esperado: 70)
⚠️ Linha 27109 tem 25 colunas (esperado: 70)
⚠️ Linha 27126 tem 46 colunas (esperado: 70)
⚠️ Linha 27127 tem 2 colunas (esperado: 70)
⚠️ Linha 27128 tem 24 colunas (esperado: 70)
⚠️ Linha 27132 tem 46 colunas (esperado: 70)
⚠️ Linha 27133 tem 2 colunas (esperado: 70)
⚠️ Linha 27134 tem 24 colunas (esperado: 70)
⚠️ Linha 27145 tem 46 colunas (esperado: 70)
⚠️ Linha 27146 tem 2 colunas (esperado: 70)
⚠️ Linha 27147 tem 24 colunas (esperado: 70)
⚠️ Linha 27169 tem 47 colunas (esperado: 70)
⚠️ Linha 27170 tem 24 colunas (esperado: 70)
⚠️ Linha 27186 tem 46 colunas (esperado: 70)
⚠️ Linha 27187 tem 2 colunas (esperado: 70)
⚠️ Linha 27188 tem 24 colunas (esperado: 70)
⚠️ Linha 27195 tem 46 colunas (esperado: 70)
⚠️ Linha 27196 tem 2 colunas (esperado: 70)
⚠️ Linha 27197 tem 24 colunas (esperado: 70)
⚠️ Linha 27210 tem 46 colunas (esperado: 70)
⚠️ Linha 27211 tem 25 colunas (esperado: 70)
⚠️ Linha 27222 tem 46 colunas (esperado: 70)
⚠️ Linha 27223 tem 2 colunas (esperado: 70)
⚠️ Linha 27224 tem 24 colunas (esperado: 70)
⚠️ Linha 27231 tem 46 colunas (esperado: 70)
⚠️ Linha 27232 tem 2 colunas (esperado: 70)
⚠️ Linha 27233 tem 24 colunas (esperado: 70)
⚠️ Linha 27286 tem 46 colunas (esperado: 70)
⚠️ Linha 27287 tem 2 colunas (esperado: 70)
⚠️ Linha 27288 tem 24 colunas (esperado: 70)
⚠️ Linha 27296 tem 46 colunas (esperado: 70)
⚠️ Linha 27297 tem 2 colunas (esperado: 70)
⚠️ Linha 27298 tem 24 colunas (esperado: 70)
⚠️ Linha 27319 tem 46 colunas (esperado: 70)
⚠️ Linha 27320 tem 2 colunas (esperado: 70)
⚠️ Linha 27321 tem 24 colunas (esperado: 70)
⚠️ Linha 27325 tem 46 colunas (esperado: 70)
⚠️ Linha 27326 tem 2 colunas (esperado: 70)
⚠️ Linha 27327 tem 24 colunas (esperado: 70)
⚠️ Linha 27346 tem 46 colunas (esperado: 70)
⚠️ Linha 27347 tem 2 colunas (esperado: 70)
⚠️ Linha 27348 tem 24 colunas (esperado: 70)
⚠️ Linha 27361 tem 46 colunas (esperado: 70)
⚠️ Linha 27362 tem 2 colunas (esperado: 70)
⚠️ Linha 27363 tem 24 colunas (esperado: 70)
⚠️ Linha 27433 tem 47 colunas (esperado: 70)
⚠️ Linha 27434 tem 24 colunas (esperado: 70)
⚠️ Linha 27488 tem 46 colunas (esperado: 70)
⚠️ Linha 27489 tem 2 colunas (esperado: 70)
⚠️ Linha 27490 tem 24 colunas (esperado: 70)
⚠️ Linha 27492 tem 46 colunas (esperado: 70)
⚠️ Linha 27493 tem 2 colunas (esperado: 70)
⚠️ Linha 27494 tem 24 colunas (esperado: 70)
⚠️ Linha 27527 tem 46 colunas (esperado: 70)
⚠️ Linha 27528 tem 2 colunas (esperado: 70)
⚠️ Linha 27529 tem 24 colunas (esperado: 70)
⚠️ Linha 27608 tem 46 colunas (esperado: 70)
⚠️ Linha 27609 tem 2 colunas (esperado: 70)
⚠️ Linha 27610 tem 24 colunas (esperado: 70)
⚠️ Linha 27613 tem 46 colunas (esperado: 70)
⚠️ Linha 27614 tem 2 colunas (esperado: 70)
⚠️ Linha 27615 tem 24 colunas (esperado: 70)
⚠️ Linha 27631 tem 46 colunas (esperado: 70)
⚠️ Linha 27632 tem 25 colunas (esperado: 70)
⚠️ Linha 27700 tem 46 colunas (esperado: 70)
⚠️ Linha 27701 tem 2 colunas (esperado: 70)
⚠️ Linha 27702 tem 24 colunas (esperado: 70)
⚠️ Linha 27707 tem 47 colunas (esperado: 70)
⚠️ Linha 27708 tem 24 colunas (esperado: 70)
⚠️ Linha 27762 tem 46 colunas (esperado: 70)
⚠️ Linha 27763 tem 2 colunas (esperado: 70)
⚠️ Linha 27764 tem 24 colunas (esperado: 70)
⚠️ Linha 27766 tem 46 colunas (esperado: 70)
⚠️ Linha 27767 tem 2 colunas (esperado: 70)
⚠️ Linha 27768 tem 24 colunas (esperado: 70)
⚠️ Linha 27796 tem 46 colunas (esperado: 70)
⚠️ Linha 27797 tem 2 colunas (esperado: 70)
⚠️ Linha 27798 tem 24 colunas (esperado: 70)
⚠️ Linha 27805 tem 46 colunas (esperado: 70)
⚠️ Linha 27806 tem 2 colunas (esperado: 70)
⚠️ Linha 27807 tem 24 colunas (esperado: 70)
⚠️ Linha 27833 tem 13 colunas (esperado: 70)
⚠️ Linha 27834 tem 51 colunas (esperado: 70)
⚠️ Linha 27838 tem 47 colunas (esperado: 70)
⚠️ Linha 27839 tem 13 colunas (esperado: 70)
⚠️ Linha 27850 tem 46 colunas (esperado: 70)
⚠️ Linha 27851 tem 2 colunas (esperado: 70)
⚠️ Linha 27852 tem 24 colunas (esperado: 70)
⚠️ Linha 27882 tem 46 colunas (esperado: 70)
⚠️ Linha 27883 tem 25 colunas (esperado: 70)
⚠️ Linha 27891 tem 46 colunas (esperado: 70)
⚠️ Linha 27892 tem 25 colunas (esperado: 70)
⚠️ Linha 27897 tem 46 colunas (esperado: 70)
⚠️ Linha 27898 tem 2 colunas (esperado: 70)
⚠️ Linha 27899 tem 24 colunas (esperado: 70)
⚠️ Linha 27984 tem 46 colunas (esperado: 70)
⚠️ Linha 27985 tem 2 colunas (esperado: 70)
⚠️ Linha 27986 tem 24 colunas (esperado: 70)
⚠️ Linha 27994 tem 46 colunas (esperado: 70)
⚠️ Linha 27995 tem 2 colunas (esperado: 70)
⚠️ Linha 27996 tem 24 colunas (esperado: 70)
⚠️ Linha 28031 tem 46 colunas (esperado: 70)
⚠️ Linha 28032 tem 2 colunas (esperado: 70)
⚠️ Linha 28034 tem 1 colunas (esperado: 70)
⚠️ Linha 28133 tem 46 colunas (esperado: 70)
⚠️ Linha 28134 tem 25 colunas (esperado: 70)
⚠️ Linha 28187 tem 46 colunas (esperado: 70)
⚠️ Linha 28188 tem 2 colunas (esperado: 70)
⚠️ Linha 28189 tem 24 colunas (esperado: 70)
⚠️ Linha 28342 tem 46 colunas (esperado: 70)
⚠️ Linha 28343 tem 2 colunas (esperado: 70)
⚠️ Linha 28344 tem 24 colunas (esperado: 70)
⚠️ Linha 28350 tem 46 colunas (esperado: 70)
⚠️ Linha 28351 tem 2 colunas (esperado: 70)
⚠️ Linha 28352 tem 1 colunas (esperado: 70)
⚠️ Linha 28392 tem 47 colunas (esperado: 70)
⚠️ Linha 28393 tem 1 colunas (esperado: 70)
⚠️ Linha 28456 tem 13 colunas (esperado: 70)
⚠️ Linha 28459 tem 58 colunas (esperado: 70)
⚠️ Linha 28481 tem 46 colunas (esperado: 70)
⚠️ Linha 28482 tem 2 colunas (esperado: 70)
⚠️ Linha 28483 tem 1 colunas (esperado: 70)
⚠️ Linha 28484 tem 1 colunas (esperado: 70)
⚠️ Linha 28496 tem 46 colunas (esperado: 70)
⚠️ Linha 28497 tem 2 colunas (esperado: 70)
⚠️ Linha 28498 tem 24 colunas (esperado: 70)
⚠️ Linha 28536 tem 46 colunas (esperado: 70)
⚠️ Linha 28537 tem 25 colunas (esperado: 70)
⚠️ Linha 28557 tem 46 colunas (esperado: 70)
⚠️ Linha 28558 tem 1 colunas (esperado: 70)
⚠️ Linha 28559 tem 1 colunas (esperado: 70)
⚠️ Linha 28560 tem 24 colunas (esperado: 70)
⚠️ Linha 28583 tem 46 colunas (esperado: 70)
⚠️ Linha 28584 tem 25 colunas (esperado: 70)
⚠️ Linha 28593 tem 46 colunas (esperado: 70)
⚠️ Linha 28594 tem 2 colunas (esperado: 70)
⚠️ Linha 28595 tem 24 colunas (esperado: 70)
⚠️ Linha 28625 tem 47 colunas (esperado: 70)
⚠️ Linha 28626 tem 24 colunas (esperado: 70)
⚠️ Linha 28690 tem 46 colunas (esperado: 70)
⚠️ Linha 28691 tem 2 colunas (esperado: 70)
⚠️ Linha 28692 tem 24 colunas (esperado: 70)
⚠️ Linha 28759 tem 46 colunas (esperado: 70)
⚠️ Linha 28760 tem 2 colunas (esperado: 70)
⚠️ Linha 28761 tem 24 colunas (esperado: 70)
⚠️ Linha 28764 tem 46 colunas (esperado: 70)
⚠️ Linha 28765 tem 2 colunas (esperado: 70)
⚠️ Linha 28766 tem 24 colunas (esperado: 70)
⚠️ Linha 28866 tem 46 colunas (esperado: 70)
⚠️ Linha 28867 tem 2 colunas (esperado: 70)
⚠️ Linha 28868 tem 24 colunas (esperado: 70)
⚠️ Linha 28888 tem 47 colunas (esperado: 70)
⚠️ Linha 28889 tem 24 colunas (esperado: 70)
⚠️ Linha 28935 tem 46 colunas (esperado: 70)
⚠️ Linha 28936 tem 2 colunas (esperado: 70)
⚠️ Linha 28937 tem 24 colunas (esperado: 70)
⚠️ Linha 28971 tem 46 colunas (esperado: 70)
⚠️ Linha 28972 tem 2 colunas (esperado: 70)
⚠️ Linha 28973 tem 24 colunas (esperado: 70)
⚠️ Linha 29081 tem 46 colunas (esperado: 70)
⚠️ Linha 29082 tem 2 colunas (esperado: 70)
⚠️ Linha 29083 tem 24 colunas (esperado: 70)
⚠️ Linha 29139 tem 46 colunas (esperado: 70)
⚠️ Linha 29140 tem 25 colunas (esperado: 70)
⚠️ Linha 29158 tem 46 colunas (esperado: 70)
⚠️ Linha 29159 tem 2 colunas (esperado: 70)
⚠️ Linha 29160 tem 24 colunas (esperado: 70)
⚠️ Linha 29161 tem 47 colunas (esperado: 70)
⚠️ Linha 29162 tem 24 colunas (esperado: 70)
⚠️ Linha 29204 tem 47 colunas (esperado: 70)
⚠️ Linha 29205 tem 24 colunas (esperado: 70)
⚠️ Linha 29212 tem 46 colunas (esperado: 70)
⚠️ Linha 29213 tem 25 colunas (esperado: 70)
⚠️ Linha 29338 tem 46 colunas (esperado: 70)
⚠️ Linha 29339 tem 2 colunas (esperado: 70)
⚠️ Linha 29340 tem 24 colunas (esperado: 70)
⚠️ Linha 29378 tem 46 colunas (esperado: 70)
⚠️ Linha 29379 tem 25 colunas (esperado: 70)
⚠️ Linha 29486 tem 46 colunas (esperado: 70)
⚠️ Linha 29487 tem 25 colunas (esperado: 70)
⚠️ Linha 29523 tem 46 colunas (esperado: 70)
⚠️ Linha 29524 tem 2 colunas (esperado: 70)
⚠️ Linha 29525 tem 24 colunas (esperado: 70)
⚠️ Linha 29712 tem 46 colunas (esperado: 70)
⚠️ Linha 29713 tem 2 colunas (esperado: 70)
⚠️ Linha 29714 tem 24 colunas (esperado: 70)
⚠️ Linha 29754 tem 13 colunas (esperado: 70)
⚠️ Linha 29755 tem 51 colunas (esperado: 70)
⚠️ Linha 29764 tem 13 colunas (esperado: 70)
⚠️ Linha 29765 tem 51 colunas (esperado: 70)
⚠️ Linha 29815 tem 13 colunas (esperado: 70)
⚠️ Linha 29816 tem 51 colunas (esperado: 70)
⚠️ Linha 29914 tem 46 colunas (esperado: 70)
⚠️ Linha 29915 tem 25 colunas (esperado: 70)
⚠️ Linha 30260 tem 46 colunas (esperado: 70)
⚠️ Linha 30261 tem 2 colunas (esperado: 70)
⚠️ Linha 30262 tem 24 colunas (esperado: 70)
⚠️ Linha 30422 tem 47 colunas (esperado: 70)
⚠️ Linha 30423 tem 24 colunas (esperado: 70)
⚠️ Linha 30487 tem 46 colunas (esperado: 70)
⚠️ Linha 30488 tem 25 colunas (esperado: 70)
⚠️ Linha 30647 tem 46 colunas (esperado: 70)
⚠️ Linha 30648 tem 25 colunas (esperado: 70)
⚠️ Linha 30685 tem 46 colunas (esperado: 70)
⚠️ Linha 30686 tem 2 colunas (esperado: 70)
⚠️ Linha 30687 tem 24 colunas (esperado: 70)
⚠️ Linha 30707 tem 46 colunas (esperado: 70)
⚠️ Linha 30708 tem 2 colunas (esperado: 70)
⚠️ Linha 30709 tem 24 colunas (esperado: 70)
⚠️ Linha 30958 tem 46 colunas (esperado: 70)
⚠️ Linha 30959 tem 2 colunas (esperado: 70)
⚠️ Linha 30960 tem 24 colunas (esperado: 70)
⚠️ Linha 31132 tem 46 colunas (esperado: 70)
⚠️ Linha 31133 tem 2 colunas (esperado: 70)
⚠️ Linha 31134 tem 24 colunas (esperado: 70)
⚠️ Linha 31285 tem 13 colunas (esperado: 70)
⚠️ Linha 31286 tem 51 colunas (esperado: 70)
⚠️ Linha 31409 tem 13 colunas (esperado: 70)
⚠️ Linha 31410 tem 51 colunas (esperado: 70)
⚠️ Linha 31414 tem 13 colunas (esperado: 70)
⚠️ Linha 31415 tem 47 colunas (esperado: 70)
⚠️ Linha 31455 tem 46 colunas (esperado: 70)
⚠️ Linha 31456 tem 2 colunas (esperado: 70)
⚠️ Linha 31457 tem 24 colunas (esperado: 70)
⚠️ Linha 31511 tem 47 colunas (esperado: 70)
⚠️ Linha 31512 tem 24 colunas (esperado: 70)
⚠️ Linha 31631 tem 46 colunas (esperado: 70)
⚠️ Linha 31632 tem 13 colunas (esperado: 70)
⚠️ Linha 31788 tem 47 colunas (esperado: 70)
⚠️ Linha 31789 tem 1 colunas (esperado: 70)
⚠️ Linha 31815 tem 13 colunas (esperado: 70)
⚠️ Linha 31816 tem 51 colunas (esperado: 70)
⚠️ Linha 31867 tem 13 colunas (esperado: 70)
⚠️ Linha 31868 tem 58 colunas (esperado: 70)
⚠️ Linha 31883 tem 13 colunas (esperado: 70)
⚠️ Linha 31887 tem 58 colunas (esperado: 70)
⚠️ Linha 32323 tem 46 colunas (esperado: 70)
⚠️ Linha 32324 tem 25 colunas (esperado: 70)
⚠️ Linha 32362 tem 13 colunas (esperado: 70)
⚠️ Linha 32363 tem 51 colunas (esperado: 70)
⚠️ Linha 32495 tem 47 colunas (esperado: 70)
⚠️ Linha 32496 tem 24 colunas (esperado: 70)
⚠️ Linha 32525 tem 13 colunas (esperado: 70)
⚠️ Linha 32526 tem 51 colunas (esperado: 70)
⚠️ Linha 32529 tem 13 colunas (esperado: 70)
⚠️ Linha 32530 tem 51 colunas (esperado: 70)
⚠️ Linha 32733 tem 47 colunas (esperado: 70)
⚠️ Linha 32734 tem 24 colunas (esperado: 70)
⚠️ Linha 33557 tem 13 colunas (esperado: 70)
⚠️ Linha 33558 tem 51 colunas (esperado: 70)
⚠️ Linha 33691 tem 13 colunas (esperado: 70)
⚠️ Linha 33692 tem 51 colunas (esperado: 70)
⚠️ Linha 33724 tem 13 colunas (esperado: 70)
⚠️ Linha 33725 tem 51 colunas (esperado: 70)
⚠️ Linha 33793 tem 13 colunas (esperado: 70)
⚠️ Linha 33794 tem 51 colunas (esperado: 70)
⚠️ Linha 33815 tem 13 colunas (esperado: 70)
⚠️ Linha 33816 tem 51 colunas (esperado: 70)
⚠️ Linha 34033 tem 13 colunas (esperado: 70)
⚠️ Linha 34035 tem 58 colunas (esperado: 70)
⚠️ Linha 34308 tem 47 colunas (esperado: 70)
⚠️ Linha 34309 tem 24 colunas (esperado: 70)
⚠️ Linha 34528 tem 47 colunas (esperado: 70)
⚠️ Linha 34529 tem 24 colunas (esperado: 70)
⚠️ Linha 34601 tem 46 colunas (esperado: 70)
⚠️ Linha 34602 tem 2 colunas (esperado: 70)
⚠️ Linha 34603 tem 24 colunas (esperado: 70)
⚠️ Linha 34786 tem 13 colunas (esperado: 70)
⚠️ Linha 34787 tem 51 colunas (esperado: 70)
⚠️ Linha 34796 tem 46 colunas (esperado: 70)
⚠️ Linha 34797 tem 1 colunas (esperado: 70)
⚠️ Linha 34798 tem 2 colunas (esperado: 70)
⚠️ Linha 34799 tem 1 colunas (esperado: 70)
⚠️ Linha 34800 tem 24 colunas (esperado: 70)
⚠️ Linha 34906 tem 13 colunas (esperado: 70)
⚠️ Linha 34907 tem 51 colunas (esperado: 70)
⚠️ Linha 34924 tem 13 colunas (esperado: 70)
⚠️ Linha 34925 tem 51 colunas (esperado: 70)
⚠️ Linha 35003 tem 47 colunas (esperado: 70)
⚠️ Linha 35004 tem 24 colunas (esperado: 70)
⚠️ Linha 35014 tem 13 colunas (esperado: 70)
⚠️ Linha 35015 tem 51 colunas (esperado: 70)
⚠️ Linha 35027 tem 47 colunas (esperado: 70)
⚠️ Linha 35028 tem 24 colunas (esperado: 70)
⚠️ Linha 35036 tem 13 colunas (esperado: 70)
⚠️ Linha 35037 tem 51 colunas (esperado: 70)
⚠️ Linha 35048 tem 46 colunas (esperado: 70)
⚠️ Linha 35049 tem 25 colunas (esperado: 70)
⚠️ Linha 35088 tem 47 colunas (esperado: 70)
⚠️ Linha 35089 tem 1 colunas (esperado: 70)
⚠️ Linha 35100 tem 13 colunas (esperado: 70)
⚠️ Linha 35101 tem 51 colunas (esperado: 70)
⚠️ Linha 35113 tem 13 colunas (esperado: 70)
⚠️ Linha 35114 tem 51 colunas (esperado: 70)
⚠️ Linha 35120 tem 13 colunas (esperado: 70)
⚠️ Linha 35121 tem 51 colunas (esperado: 70)
⚠️ Linha 35140 tem 13 colunas (esperado: 70)
⚠️ Linha 35141 tem 51 colunas (esperado: 70)
⚠️ Linha 35148 tem 13 colunas (esperado: 70)
⚠️ Linha 35149 tem 51 colunas (esperado: 70)
⚠️ Linha 35152 tem 13 colunas (esperado: 70)
⚠️ Linha 35153 tem 51 colunas (esperado: 70)
⚠️ Linha 35168 tem 13 colunas (esperado: 70)
⚠️ Linha 35169 tem 51 colunas (esperado: 70)
⚠️ Linha 35233 tem 13 colunas (esperado: 70)
⚠️ Linha 35234 tem 51 colunas (esperado: 70)
⚠️ Linha 35353 tem 13 colunas (esperado: 70)
⚠️ Linha 35354 tem 51 colunas (esperado: 70)
⚠️ Linha 35411 tem 47 colunas (esperado: 70)
⚠️ Linha 35413 tem 24 colunas (esperado: 70)
⚠️ Linha 35414 tem 13 colunas (esperado: 70)
⚠️ Linha 35415 tem 51 colunas (esperado: 70)
⚠️ Linha 35423 tem 46 colunas (esperado: 70)
⚠️ Linha 35424 tem 1 colunas (esperado: 70)
⚠️ Linha 35425 tem 1 colunas (esperado: 70)
⚠️ Linha 35508 tem 47 colunas (esperado: 70)
⚠️ Linha 35509 tem 24 colunas (esperado: 70)
⚠️ Linha 35531 tem 47 colunas (esperado: 70)
⚠️ Linha 35532 tem 13 colunas (esperado: 70)
⚠️ Linha 35618 tem 47 colunas (esperado: 70)
⚠️ Linha 35619 tem 1 colunas (esperado: 70)
⚠️ Linha 35662 tem 47 colunas (esperado: 70)
⚠️ Linha 35663 tem 24 colunas (esperado: 70)
⚠️ Linha 35711 tem 13 colunas (esperado: 70)
⚠️ Linha 35712 tem 51 colunas (esperado: 70)
⚠️ Linha 35915 tem 47 colunas (esperado: 70)
⚠️ Linha 35916 tem 24 colunas (esperado: 70)
⚠️ Linha 35921 tem 47 colunas (esperado: 70)
⚠️ Linha 35922 tem 24 colunas (esperado: 70)
⚠️ Linha 35953 tem 47 colunas (esperado: 70)
⚠️ Linha 35954 tem 24 colunas (esperado: 70)
⚠️ Linha 36010 tem 47 colunas (esperado: 70)
⚠️ Linha 36011 tem 24 colunas (esperado: 70)
⚠️ Linha 36416 tem 25 colunas (esperado: 70)
⚠️ Linha 36417 tem 28 colunas (esperado: 70)
⚠️ Linha 36751 tem 47 colunas (esperado: 70)
⚠️ Linha 36752 tem 13 colunas (esperado: 70)
⚠️ Linha 36826 tem 46 colunas (esperado: 70)
⚠️ Linha 36827 tem 13 colunas (esperado: 70)
⚠️ Linha 36933 tem 46 colunas (esperado: 70)
⚠️ Linha 36934 tem 2 colunas (esperado: 70)
⚠️ Linha 36935 tem 24 colunas (esperado: 70)
⚠️ Linha 36999 tem 46 colunas (esperado: 70)
⚠️ Linha 37000 tem 2 colunas (esperado: 70)
⚠️ Linha 37001 tem 24 colunas (esperado: 70)
⚠️ Linha 37077 tem 46 colunas (esperado: 70)
⚠️ Linha 37078 tem 1 colunas (esperado: 70)
⚠️ Linha 37113 tem 47 colunas (esperado: 70)
⚠️ Linha 37114 tem 24 colunas (esperado: 70)
⚠️ Linha 37199 tem 46 colunas (esperado: 70)
⚠️ Linha 37201 tem 1 colunas (esperado: 70)
⚠️ Linha 37240 tem 46 colunas (esperado: 70)
⚠️ Linha 37242 tem 25 colunas (esperado: 70)
⚠️ Linha 37680 tem 47 colunas (esperado: 70)
⚠️ Linha 37681 tem 13 colunas (esperado: 70)
⚠️ Linha 37795 tem 47 colunas (esperado: 70)
⚠️ Linha 37797 tem 24 colunas (esperado: 70)
⚠️ Linha 37963 tem 47 colunas (esperado: 70)
⚠️ Linha 37964 tem 24 colunas (esperado: 70)
⚠️ Linha 38071 tem 47 colunas (esperado: 70)
⚠️ Linha 38073 tem 1 colunas (esperado: 70)
⚠️ Linha 38110 tem 58 colunas (esperado: 70)
⚠️ Linha 38111 tem 1 colunas (esperado: 70)
⚠️ Linha 38154 tem 46 colunas (esperado: 70)
⚠️ Linha 38155 tem 2 colunas (esperado: 70)
⚠️ Linha 38156 tem 24 colunas (esperado: 70)
⚠️ Linha 38341 tem 47 colunas (esperado: 70)
⚠️ Linha 38342 tem 1 colunas (esperado: 70)
⚠️ Linha 38386 tem 47 colunas (esperado: 70)
⚠️ Linha 38387 tem 13 colunas (esperado: 70)
⚠️ Linha 38568 tem 47 colunas (esperado: 70)
⚠️ Linha 38569 tem 24 colunas (esperado: 70)
⚠️ Linha 38633 tem 46 colunas (esperado: 70)
⚠️ Linha 38634 tem 1 colunas (esperado: 70)
⚠️ Linha 38709 tem 46 colunas (esperado: 70)
⚠️ Linha 38833 tem 13 colunas (esperado: 70)
⚠️ Linha 38907 tem 46 colunas (esperado: 70)
⚠️ Linha 38909 tem 25 colunas (esperado: 70)
⚠️ Linha 39193 tem 13 colunas (esperado: 70)
⚠️ Linha 39194 tem 58 colunas (esperado: 70)
⚠️ Linha 39568 tem 47 colunas (esperado: 70)
⚠️ Linha 39569 tem 1 colunas (esperado: 70)
  2025-07-03 21:02:50 App\Jobs\ImportEmployeesJob ................ 2m 44s DONE
  2025-07-03 21:12:28 App\Jobs\ImportCompaniesJob .................... RUNNING
  2025-07-03 21:12:52 App\Jobs\ImportCompaniesJob ................... 24s DONE
  2025-07-03 21:13:47 App\Jobs\ImportCompaniesJob .................... RUNNING
  2025-07-03 21:14:12 App\Jobs\ImportCompaniesJob ................... 24s DONE

   INFO  Horizon started successfully.  


   INFO  Horizon started successfully.  

  2025-07-04 23:54:35 App\Jobs\ImportCompaniesJob .................... RUNNING
  2025-07-04 23:55:00 App\Jobs\ImportCompaniesJob ................... 25s DONE

   INFO  Horizon started successfully.  


   INFO  Horizon started successfully.  


   INFO  Horizon started successfully.  


   INFO  Horizon started successfully.  


   INFO  Horizon started successfully.  

  2025-08-26 00:23:15 App\Mail\SendDocumentEmail ..................... RUNNING
  2025-08-26 00:23:24 App\Mail\SendDocumentEmail ..................... 8s DONE

   INFO  Horizon started successfully.  

  2025-08-26 00:30:44 App\Mail\SendDocumentEmail ..................... RUNNING
  2025-08-26 00:30:54 App\Mail\SendDocumentEmail ..................... 9s DONE

   INFO  Horizon started successfully.  


   Illuminate\Database\QueryException 

  SQLSTATE[HY000] [2002] Connection refused (Connection: mysql, SQL: select * from `cache` where `key` in (flash_certificados_cache_illuminate:queue:restart))

  at vendor/laravel/framework/src/Illuminate/Database/Connection.php:822
    818▕                     $this->getName(), $query, $this->prepareBindings($bindings), $e
    819▕                 );
    820▕             }
    821▕ 
  ➜ 822▕             throw new QueryException(
    823▕                 $this->getName(), $query, $this->prepareBindings($bindings), $e
    824▕             );
    825▕         }
    826▕     }

      [2m+43 vendor frames [22m

  44  artisan:16
      Illuminate\Foundation\Application::handleCommand()


   Illuminate\Database\QueryException 

  SQLSTATE[HY000] [2002] Connection refused (Connection: mysql, SQL: select * from `cache` where `key` in (flash_certificados_cache_illuminate:queue:restart))

  at vendor/laravel/framework/src/Illuminate/Database/Connection.php:822
    818▕                     $this->getName(), $query, $this->prepareBindings($bindings), $e
    819▕                 );
    820▕             }
    821▕ 
  ➜ 822▕             throw new QueryException(
    823▕                 $this->getName(), $query, $this->prepareBindings($bindings), $e
    824▕             );
    825▕         }
    826▕     }

      [2m+43 vendor frames [22m

  44  artisan:16
      Illuminate\Foundation\Application::handleCommand()


   Illuminate\Database\QueryException 

  SQLSTATE[HY000] [2002] Connection refused (Connection: mysql, SQL: select * from `cache` where `key` in (flash_certificados_cache_illuminate:queue:restart))

  at vendor/laravel/framework/src/Illuminate/Database/Connection.php:822
    818▕                     $this->getName(), $query, $this->prepareBindings($bindings), $e
    819▕                 );
    820▕             }
    821▕ 
  ➜ 822▕             throw new QueryException(
    823▕                 $this->getName(), $query, $this->prepareBindings($bindings), $e
    824▕             );
    825▕         }
    826▕     }

      [2m+43 vendor frames [22m

  44  artisan:16
      Illuminate\Foundation\Application::handleCommand()


   Illuminate\Database\QueryException 

  SQLSTATE[HY000] [2002] Connection refused (Connection: mysql, SQL: select * from `cache` where `key` in (flash_certificados_cache_illuminate:queue:restart))

  at vendor/laravel/framework/src/Illuminate/Database/Connection.php:822
    818▕                     $this->getName(), $query, $this->prepareBindings($bindings), $e
    819▕                 );
    820▕             }
    821▕ 
  ➜ 822▕             throw new QueryException(
    823▕                 $this->getName(), $query, $this->prepareBindings($bindings), $e
    824▕             );
    825▕         }
    826▕     }

      [2m+43 vendor frames [22m

  44  artisan:16
      Illuminate\Foundation\Application::handleCommand()


   Illuminate\Database\QueryException 

  SQLSTATE[HY000] [2002] Connection refused (Connection: mysql, SQL: select * from `cache` where `key` in (flash_certificados_cache_illuminate:queue:restart))

  at vendor/laravel/framework/src/Illuminate/Database/Connection.php:822
    818▕                     $this->getName(), $query, $this->prepareBindings($bindings), $e
    819▕                 );
    820▕             }
    821▕ 
  ➜ 822▕             throw new QueryException(
    823▕                 $this->getName(), $query, $this->prepareBindings($bindings), $e
    824▕             );
    825▕         }
    826▕     }

      [2m+41 vendor frames [22m

  42  artisan:16
      Illuminate\Foundation\Application::handleCommand()


   Illuminate\Database\QueryException 

  SQLSTATE[HY000] [2002] Connection refused (Connection: mysql, SQL: select * from `cache` where `key` in (flash_certificados_cache_illuminate:queue:restart))

  at vendor/laravel/framework/src/Illuminate/Database/Connection.php:822
    818▕                     $this->getName(), $query, $this->prepareBindings($bindings), $e
    819▕                 );
    820▕             }
    821▕ 
  ➜ 822▕             throw new QueryException(
    823▕                 $this->getName(), $query, $this->prepareBindings($bindings), $e
    824▕             );
    825▕         }
    826▕     }

      [2m+41 vendor frames [22m

  42  artisan:16
      Illuminate\Foundation\Application::handleCommand()


   Illuminate\Database\QueryException 

  SQLSTATE[HY000] [2002] Connection refused (Connection: mysql, SQL: select * from `cache` where `key` in (flash_certificados_cache_illuminate:queue:restart))

  at vendor/laravel/framework/src/Illuminate/Database/Connection.php:822
    818▕                     $this->getName(), $query, $this->prepareBindings($bindings), $e
    819▕                 );
    820▕             }
    821▕ 
  ➜ 822▕             throw new QueryException(
    823▕                 $this->getName(), $query, $this->prepareBindings($bindings), $e
    824▕             );
    825▕         }
    826▕     }

      [2m+41 vendor frames [22m

  42  artisan:16
      Illuminate\Foundation\Application::handleCommand()


   Illuminate\Database\QueryException 

  SQLSTATE[HY000] [2002] Connection refused (Connection: mysql, SQL: select * from `cache` where `key` in (flash_certificados_cache_illuminate:queue:restart))

  at vendor/laravel/framework/src/Illuminate/Database/Connection.php:822
    818▕                     $this->getName(), $query, $this->prepareBindings($bindings), $e
    819▕                 );
    820▕             }
    821▕ 
  ➜ 822▕             throw new QueryException(
    823▕                 $this->getName(), $query, $this->prepareBindings($bindings), $e
    824▕             );
    825▕         }
    826▕     }

      [2m+41 vendor frames [22m

  42  artisan:16
      Illuminate\Foundation\Application::handleCommand()


   Illuminate\Database\QueryException 

  SQLSTATE[HY000] [2002] php_network_getaddresses: getaddrinfo for mysql failed: Temporary failure in name resolution (Connection: mysql, SQL: select * from `cache` where `key` in (flash_certificados_cache_illuminate:queue:restart))

  at vendor/laravel/framework/src/Illuminate/Database/Connection.php:822
    818▕                     $this->getName(), $query, $this->prepareBindings($bindings), $e
    819▕                 );
    820▕             }
    821▕ 
  ➜ 822▕             throw new QueryException(
    823▕                 $this->getName(), $query, $this->prepareBindings($bindings), $e
    824▕             );
    825▕         }
    826▕     }

      [2m+41 vendor frames [22m

  42  artisan:16
      Illuminate\Foundation\Application::handleCommand()


   Illuminate\Database\QueryException 

  SQLSTATE[HY000] [2002] php_network_getaddresses: getaddrinfo for mysql failed: Temporary failure in name resolution (Connection: mysql, SQL: select * from `cache` where `key` in (flash_certificados_cache_illuminate:queue:restart))

  at vendor/laravel/framework/src/Illuminate/Database/Connection.php:822
    818▕                     $this->getName(), $query, $this->prepareBindings($bindings), $e
    819▕                 );
    820▕             }
    821▕ 
  ➜ 822▕             throw new QueryException(
    823▕                 $this->getName(), $query, $this->prepareBindings($bindings), $e
    824▕             );
    825▕         }
    826▕     }

      [2m+41 vendor frames [22m

  42  artisan:16
      Illuminate\Foundation\Application::handleCommand()


   Illuminate\Database\QueryException 

  SQLSTATE[HY000] [2002] php_network_getaddresses: getaddrinfo for mysql failed: Temporary failure in name resolution (Connection: mysql, SQL: select * from `cache` where `key` in (flash_certificados_cache_illuminate:queue:restart))

  at vendor/laravel/framework/src/Illuminate/Database/Connection.php:822
    818▕                     $this->getName(), $query, $this->prepareBindings($bindings), $e
    819▕                 );
    820▕             }
    821▕ 
  ➜ 822▕             throw new QueryException(
    823▕                 $this->getName(), $query, $this->prepareBindings($bindings), $e
    824▕             );
    825▕         }
    826▕     }

      [2m+41 vendor frames [22m

  42  artisan:16
      Illuminate\Foundation\Application::handleCommand()


   Illuminate\Database\QueryException 

  SQLSTATE[HY000] [2002] php_network_getaddresses: getaddrinfo for mysql failed: Temporary failure in name resolution (Connection: mysql, SQL: select * from `cache` where `key` in (flash_certificados_cache_illuminate:queue:restart))

  at vendor/laravel/framework/src/Illuminate/Database/Connection.php:822
    818▕                     $this->getName(), $query, $this->prepareBindings($bindings), $e
    819▕                 );
    820▕             }
    821▕ 
  ➜ 822▕             throw new QueryException(
    823▕                 $this->getName(), $query, $this->prepareBindings($bindings), $e
    824▕             );
    825▕         }
    826▕     }

      [2m+41 vendor frames [22m

  42  artisan:16
      Illuminate\Foundation\Application::handleCommand()


   INFO  Horizon started successfully.  


   INFO  Horizon started successfully.  


   Illuminate\Database\QueryException 

  SQLSTATE[HY000] [2002] Connection refused (Connection: mysql, SQL: select * from `cache` where `key` in (flash_certificados_cache_illuminate:queue:restart))

  at vendor/laravel/framework/src/Illuminate/Database/Connection.php:822
    818▕                     $this->getName(), $query, $this->prepareBindings($bindings), $e
    819▕                 );
    820▕             }
    821▕ 
  ➜ 822▕             throw new QueryException(
    823▕                 $this->getName(), $query, $this->prepareBindings($bindings), $e
    824▕             );
    825▕         }
    826▕     }

      [2m+41 vendor frames [22m

  42  artisan:16
      Illuminate\Foundation\Application::handleCommand()


   Illuminate\Database\QueryException 

  SQLSTATE[HY000] [2002] Connection refused (Connection: mysql, SQL: select * from `cache` where `key` in (flash_certificados_cache_illuminate:queue:restart))

  at vendor/laravel/framework/src/Illuminate/Database/Connection.php:822
    818▕                     $this->getName(), $query, $this->prepareBindings($bindings), $e
    819▕                 );
    820▕             }
    821▕ 
  ➜ 822▕             throw new QueryException(
    823▕                 $this->getName(), $query, $this->prepareBindings($bindings), $e
    824▕             );
    825▕         }
    826▕     }

      [2m+41 vendor frames [22m

  42  artisan:16
      Illuminate\Foundation\Application::handleCommand()


   Illuminate\Database\QueryException 

  SQLSTATE[HY000] [2002] Connection refused (Connection: mysql, SQL: select * from `cache` where `key` in (flash_certificados_cache_illuminate:queue:restart))

  at vendor/laravel/framework/src/Illuminate/Database/Connection.php:822
    818▕                     $this->getName(), $query, $this->prepareBindings($bindings), $e
    819▕                 );
    820▕             }
    821▕ 
  ➜ 822▕             throw new QueryException(
    823▕                 $this->getName(), $query, $this->prepareBindings($bindings), $e
    824▕             );
    825▕         }
    826▕     }

      [2m+41 vendor frames [22m

  42  artisan:16
      Illuminate\Foundation\Application::handleCommand()


   Illuminate\Database\QueryException 

  SQLSTATE[HY000] [2002] Connection refused (Connection: mysql, SQL: select * from `cache` where `key` in (flash_certificados_cache_illuminate:queue:restart))

  at vendor/laravel/framework/src/Illuminate/Database/Connection.php:822
    818▕                     $this->getName(), $query, $this->prepareBindings($bindings), $e
    819▕                 );
    820▕             }
    821▕ 
  ➜ 822▕             throw new QueryException(
    823▕                 $this->getName(), $query, $this->prepareBindings($bindings), $e
    824▕             );
    825▕         }
    826▕     }

      [2m+41 vendor frames [22m

  42  artisan:16
      Illuminate\Foundation\Application::handleCommand()


   Illuminate\Database\QueryException 

  SQLSTATE[HY000] [2002] Connection refused (Connection: mysql, SQL: select * from `cache` where `key` in (flash_certificados_cache_illuminate:queue:restart))

  at vendor/laravel/framework/src/Illuminate/Database/Connection.php:822
    818▕                     $this->getName(), $query, $this->prepareBindings($bindings), $e
    819▕                 );
    820▕             }
    821▕ 
  ➜ 822▕             throw new QueryException(
    823▕                 $this->getName(), $query, $this->prepareBindings($bindings), $e
    824▕             );
    825▕         }
    826▕     }

      [2m+41 vendor frames [22m

  42  artisan:16
      Illuminate\Foundation\Application::handleCommand()


   Illuminate\Database\QueryException 

  SQLSTATE[HY000] [2002] Connection refused (Connection: mysql, SQL: select * from `cache` where `key` in (flash_certificados_cache_illuminate:queue:restart))

  at vendor/laravel/framework/src/Illuminate/Database/Connection.php:822
    818▕                     $this->getName(), $query, $this->prepareBindings($bindings), $e
    819▕                 );
    820▕             }
    821▕ 
  ➜ 822▕             throw new QueryException(
    823▕                 $this->getName(), $query, $this->prepareBindings($bindings), $e
    824▕             );
    825▕         }
    826▕     }

      [2m+41 vendor frames [22m

  42  artisan:16
      Illuminate\Foundation\Application::handleCommand()


   Illuminate\Database\QueryException 

  SQLSTATE[HY000] [2002] Connection refused (Connection: mysql, SQL: select * from `cache` where `key` in (flash_certificados_cache_illuminate:queue:restart))

  at vendor/laravel/framework/src/Illuminate/Database/Connection.php:822
    818▕                     $this->getName(), $query, $this->prepareBindings($bindings), $e
    819▕                 );
    820▕             }
    821▕ 
  ➜ 822▕             throw new QueryException(
    823▕                 $this->getName(), $query, $this->prepareBindings($bindings), $e
    824▕             );
    825▕         }
    826▕     }

      [2m+41 vendor frames [22m

  42  artisan:16
      Illuminate\Foundation\Application::handleCommand()


   Illuminate\Database\QueryException 

  SQLSTATE[HY000] [2002] Connection refused (Connection: mysql, SQL: select * from `cache` where `key` in (flash_certificados_cache_illuminate:queue:restart))

  at vendor/laravel/framework/src/Illuminate/Database/Connection.php:822
    818▕                     $this->getName(), $query, $this->prepareBindings($bindings), $e
    819▕                 );
    820▕             }
    821▕ 
  ➜ 822▕             throw new QueryException(
    823▕                 $this->getName(), $query, $this->prepareBindings($bindings), $e
    824▕             );
    825▕         }
    826▕     }

      [2m+41 vendor frames [22m

  42  artisan:16
      Illuminate\Foundation\Application::handleCommand()


   INFO  Horizon started successfully.  

